ciqual_code,name_fr,group_name_fr,subgroup_name_fr,carbs_raw,carbs_g_100g,carbs_qualifier
24999,Dessert (aliment moyen),,,"32,9",32.9,exact
8406,"Salade de museau de porc, avec sauce, préemballée",entrées et plats composés,salades composées et crudités,"0,89",0.89,exact
8407,"Salade de cervelas, avec sauce, préemballée",entrées et plats composés,salades composées et crudités,"1,93",1.93,exact
25600,"Salade de céleri rémoulade, préemballée",entrées et plats composés,salades composées et crudités,"3,14",3.14,exact
25601,"Salade de thon et légumes, appertisée",entrées et plats composés,salades composées et crudités,"8,13",8.13,exact
25602,"Salade composée avec viande ou poisson, appertisée",entrées et plats composés,salades composées et crudités,"6,4",6.4,exact
25605,"Champignons à la grecque, préemballés",entrées et plats composés,salades composées et crudités,"3,53",3.53,exact
25606,"Salade de pommes de terre, faite maison",entrées et plats composés,salades composées et crudités,"9,9",9.9,exact
25608,"Taboulé ou salade de semoule aux légumes, préemballé",entrées et plats composés,salades composées et crudités,"23,7",23.7,exact
25609,"Salade de pomme de terre à la piémontaise, préemballée",entrées et plats composés,salades composées et crudités,"8,87",8.87,exact
25610,"Salade de museau de boeuf, avec sauce, préemballée",entrées et plats composés,salades composées et crudités,"0,8",0.8,exact
25614,"Salade de riz, appertisée",entrées et plats composés,salades composées et crudités,"16,1",16.1,exact
25615,"Salade de pâtes au fromage et légumes, avec sauce",entrées et plats composés,salades composées et crudités,"13,7",13.7,exact
25619,"Salade de pâtes aux légumes et poisson ou viande, avec sauce, préemballée",entrées et plats composés,salades composées et crudités,"14,2",14.2,exact
25626,"Macédoine de légumes en salade, avec sauce, préemballée",entrées et plats composés,salades composées et crudités,"3,47",3.47,exact
25628,"Salade César au poulet (salade verte, fromage, croûtons, sauce), préemballée",entrées et plats composés,salades composées et crudités,"4,88",4.88,exact
25629,"Salade végétarienne à base de boulgour et/ou quinoa et légumes, préemballée",entrées et plats composés,salades composées et crudités,"17,4",17.4,exact
25642,"Salade de céleri et carotte rémoulade, préemballée",entrées et plats composés,salades composées et crudités,"5,43",5.43,exact
25664,"Salade de pomme de terre au thon, préemballée",entrées et plats composés,salades composées et crudités,"8,13",8.13,exact
25665,"Salade de pomme de terre à la saucisse, préemballée",entrées et plats composés,salades composées et crudités,"8,75",8.75,exact
25666,"Salade composée à base de crudités, charcuterie et fromage, avec sauce, préemballée",entrées et plats composés,salades composées et crudités,"4,96",4.96,exact
25667,"Salade composée à base de crudités et produits de la mer, avec sauce, préemballée",entrées et plats composés,salades composées et crudités,"7,58",7.58,exact
25668,"Salade composée à base de crudités, oeuf et produits de la mer, avec sauce, préemballée",entrées et plats composés,salades composées et crudités,"3,77",3.77,exact
25669,"Salade composée à base de crudités, poulet et fromage, avec sauce, préemballée",entrées et plats composés,salades composées et crudités,"5,28",5.28,exact
25670,"Salade composée à base de crudités et poulet, avec sauce, préemballée",entrées et plats composés,salades composées et crudités,"4,28",4.28,exact
26257,"Salade de carottes râpées, avec sauce, préemballée",entrées et plats composés,salades composées et crudités,"5,67",5.67,exact
26258,"Salade de betterave, avec sauce, préemballée",entrées et plats composés,salades composées et crudités,"5,11",5.11,exact
26259,"Salade de chou et carotte ou coleslaw, avec sauce, préemballée",entrées et plats composés,salades composées et crudités,"5,78",5.78,exact
26260,"Salade de concombre à la crème/fromage blanc, préemballée",entrées et plats composés,salades composées et crudités,"0,58",0.58,exact
26261,"Salade de lentilles et saucisse fumée, préemballée",entrées et plats composés,salades composées et crudités,"8,9",8.9,exact
26262,"Salade grecque, avec sauce, préemballée",entrées et plats composés,salades composées et crudités,"1,4",1.4,exact
26263,"Salade de riz au thon et légumes, avec sauce, préemballée",entrées et plats composés,salades composées et crudités,"16,8",16.8,exact
26269,"Taboulé ou salade de semoule au poulet, préemballé",entrées et plats composés,salades composées et crudités,"20,1",20.1,exact
26276,"Salade de pâtes au surimi, avec sauce, préemballée",entrées et plats composés,salades composées et crudités,"14,1",14.1,exact
26277,"Salade Alaska au surimi, ananas, carottes, avec sauce, préemballée",entrées et plats composés,salades composées et crudités,"7,12",7.12,exact
26278,"Salade de pâtes au poulet, fromage et crudités, avec sauce, préemballée",entrées et plats composés,salades composées et crudités,"12,4",12.4,exact
26279,"Salade de pâtes aux poulet, oeuf, fromage et crudités, avec sauce, préemballée",entrées et plats composés,salades composées et crudités,"12,4",12.4,exact
26280,"Salade de pâtes au jambon cru, fromage et crudités, avec sauce, préemballée",entrées et plats composés,salades composées et crudités,"15,1",15.1,exact
26281,"Salade de chou rouge, avec sauce, préemballée",entrées et plats composés,salades composées et crudités,"4,73",4.73,exact
26282,"Salade de pâtes au poulet et crudités, avec sauce, préemballée",entrées et plats composés,salades composées et crudités,"13,5",13.5,exact
25900,"Soupe aux lentilles, préemballée à réchauffer",entrées et plats composés,soupes,"7,64",7.64,exact
25901,"Soupe à la volaille et aux légumes, préemballée à réchauffer",entrées et plats composés,soupes,"2,6",2.6,exact
25903,"Soupe aux légumes variés, préemballée à réchauffer",entrées et plats composés,soupes,"4,5",4.5,exact
25904,"Soupe de poissons et/ou crustacés, préemballée à réchauffer",entrées et plats composés,soupes,"2,71",2.71,exact
25905,"Soupe aux légumes variés, déshydratée reconstituée",entrées et plats composés,soupes,"5,7",5.7,exact
25907,"Soupe aux poireaux et pommes de terre, préemballée à réchauffer",entrées et plats composés,soupes,"5,12",5.12,exact
25908,"Soupe à la volaille et aux vermicelles, préemballée à réchauffer",entrées et plats composés,soupes,"3,28",3.28,exact
25909,"Bouillon de viande et légumes type pot-au-feu, prêt à consommer",entrées et plats composés,soupes,"0,24",0.24,exact
25910,"Soupe à l'oignon, préemballée à réchauffer",entrées et plats composés,soupes,"4,26",4.26,exact
25912,"Soupe aux champignons, préemballée à réchauffer",entrées et plats composés,soupes,"4,1",4.1,exact
25913,"Soupe à la carotte, préemballée à réchauffer",entrées et plats composés,soupes,"4,03",4.03,exact
25914,"Soupe à la tomate, préemballée à réchauffer",entrées et plats composés,soupes,"5,88",5.88,exact
25915,"Soupe chorba frik, à base de viande et de frik",entrées et plats composés,soupes,"5,4",5.4,exact
25916,"Soupe minestrone, préemballée à réchauffer",entrées et plats composés,soupes,"4,97",4.97,exact
25917,"Soupe au pistou, déshydratée reconstituée",entrées et plats composés,soupes,"4,77",4.77,exact
25919,"Soupe de poissons et/ou crustacés, déshydratée reconstituée",entrées et plats composés,soupes,"5,66",5.66,exact
25923,"Soupe asiatique, avec pâtes, déshydratée reconstituée",entrées et plats composés,soupes,"5,69",5.69,exact
25924,"Soupe marocaine, déshydratée reconstituée",entrées et plats composés,soupes,"6,43",6.43,exact
25925,"Soupe aux poireaux et pommes de terre, déshydratée reconstituée",entrées et plats composés,soupes,"4,93",4.93,exact
25928,"Soupe à la volaille et aux légumes, déshydratée reconstituée",entrées et plats composés,soupes,"4,58",4.58,exact
25930,"Bouillon de boeuf, déshydraté reconstitué",entrées et plats composés,soupes,"0,36",0.36,exact
25932,"Soupe aux asperges, déshydratée reconstituée",entrées et plats composés,soupes,"5,38",5.38,exact
25933,"Soupe à la tomate et aux vermicelles, préemballée à réchauffer",entrées et plats composés,soupes,"6,09",6.09,exact
25934,"Soupe aux céréales et aux légumes, déshydratée reconstituée",entrées et plats composés,soupes,"6,8",6.8,exact
25935,"Soupe à la tomate, déshydratée reconstituée",entrées et plats composés,soupes,"6,45",6.45,exact
25936,"Soupe aux champignons, déshydratée reconstituée",entrées et plats composés,soupes,"4,86",4.86,exact
25942,"Soupe à l'oignon, déshydratée reconstituée",entrées et plats composés,soupes,"3,36",3.36,exact
25945,"Soupe au potiron, préemballée à réchauffer",entrées et plats composés,soupes,"4,48",4.48,exact
25947,"Bouillon de volaille, déshydraté reconstitué",entrées et plats composés,soupes,"0,28",0.28,exact
25948,"Bouillon de légumes, déshydraté reconstitué",entrées et plats composés,soupes,"0,51",0.51,exact
25949,"Soupe à la tomate et aux vermicelles, déshydratée reconstituée",entrées et plats composés,soupes,"5,36",5.36,exact
25950,"Soupe à la volaille et aux vermicelles, déshydratée reconstituée",entrées et plats composés,soupes,"3,85",3.85,exact
25953,"Soupe au pistou, préemballée à réchauffer",entrées et plats composés,soupes,"3,94",3.94,exact
25954,"Soupe au potiron, déshydratée reconstituée",entrées et plats composés,soupes,"4,95",4.95,exact
25955,"Soupe asiatique, avec pâtes, préemballée à réchauffer",entrées et plats composés,soupes,"4,06",4.06,exact
25956,"Soupe minestrone, déshydratée reconstituée",entrées et plats composés,soupes,"5,56",5.56,exact
25957,"Soupe au cresson, déshydratée reconstituée",entrées et plats composés,soupes,"3,95",3.95,exact
25958,"Soupe au cresson, préemballée à réchauffer",entrées et plats composés,soupes,"5,4",5.4,exact
25962,"Soupe aux légumes avec fromage, préemballée à réchauffer",entrées et plats composés,soupes,"4,77",4.77,exact
25963,"Soupe aux légumes verts, préemballée à réchauffer",entrées et plats composés,soupes,"3,96",3.96,exact
25964,"Soupe aux légumes verts, déshydratée reconstituée",entrées et plats composés,soupes,"4,84",4.84,exact
25965,"Soupe aux pois cassés, préemballée à réchauffer",entrées et plats composés,soupes,"5,69",5.69,exact
25967,"Soupe froide type gaspacho ou gazpacho, préemballée",entrées et plats composés,soupes,"3,21",3.21,exact
25968,"Soupe aux asperges, préemballée à réchauffer",entrées et plats composés,soupes,"3,8",3.8,exact
25969,Soupe (aliment moyen),entrées et plats composés,soupes,"4,81",4.81,exact
25972,"Soupe miso, déshydratée reconstituée",entrées et plats composés,soupes,"2,37",2.37,exact
25973,"Soupe aux légumes et aux vermicelles, déshydratée reconstituée",entrées et plats composés,soupes,"6,19",6.19,exact
25974,"Soupe aux légumes et aux vermicelles, préemballée à réchauffer",entrées et plats composés,soupes,"5,4",5.4,exact
25975,"Soupe au boeuf et aux vermicelles, déshydratée reconstituée",entrées et plats composés,soupes,"4,29",4.29,exact
25976,"Soupe asiatique, avec poulet et pâtes, préemballée à réchauffer",entrées et plats composés,soupes,"6,3",6.3,exact
1033,"Nuggets ou croquette panée de poulet (contenant du soja), préemballé",entrées et plats composés,plats composés,"16,7",16.7,exact
8601,"Tripes à la mode de Caen (estomac et pied de boeuf, carottes…), préemballées",entrées et plats composés,plats composés,"0,5",0.5,exact
8612,"Tripes à la tomate ou à la provençale, préemballées",entrées et plats composés,plats composés,"0,55",0.55,exact
25001,"Blanquette de veau, préemballée",entrées et plats composés,plats composés,"3,1",3.1,exact
25033,"Boeuf bourguignon, préemballé",entrées et plats composés,plats composés,"4,17",4.17,exact
25035,"Sauté d'agneau au curry, préemballé",entrées et plats composés,plats composés,-,,missing
25058,"Canard en sauce (poivre vert, chasseur, etc.), préemballé",entrées et plats composés,plats composés,"10,2",10.2,exact
25063,"Lapin à la moutarde, préemballé",entrées et plats composés,plats composés,"0,5",0.5,exact
25089,"Cordon bleu de volaille, préemballé",entrées et plats composés,plats composés,"14,6",14.6,exact
25121,Coq au vin,entrées et plats composés,plats composés,4,4,exact
25125,Paupiette de veau,entrées et plats composés,plats composés,"4,67",4.67,exact
25126,Paupiette de volaille,entrées et plats composés,plats composés,"8,8",8.8,exact
25163,"Boulettes au boeuf, cuites",entrées et plats composés,plats composés,"5,65",5.65,exact
25172,Viande en sauce (aliment moyen),entrées et plats composés,plats composés,"4,23",4.23,exact
25173,"Escalope panée, viennoise ou milanaise, veau, cuite",entrées et plats composés,plats composés,"12,6",12.6,exact
25174,"Poulet au curry et au lait de coco, préemballé",entrées et plats composés,plats composés,"4,07",4.07,exact
25186,"Boulettes au porc et au boeuf (à la suédoise), préemballées, crues",entrées et plats composés,plats composés,"4,8",4.8,exact
25194,"Boulettes au boeuf et à l'agneau (type kefta), préemballées, crues",entrées et plats composés,plats composés,"9,7",9.7,exact
25200,"Palette à la diable, préemballée",entrées et plats composés,plats composés,1,1,exact
25201,"Langue de boeuf sauce madère, préemballée",entrées et plats composés,plats composés,"4,5",4.5,exact
25207,"Porc au caramel, préemballé",entrées et plats composés,plats composés,"11,4",11.4,exact
25211,"Boulettes au boeuf, à la sauce tomate, préemballées",entrées et plats composés,plats composés,"5,5",5.5,exact
25213,"Paupiette de veau, préemballée, rôtie/cuite au four",entrées et plats composés,plats composés,"0,48",0.48,exact
25221,"Boulettes au boeuf et à l'agneau (type kefta), préemballées, cuites",entrées et plats composés,plats composés,"7,5",7.5,exact
25222,"Boulettes au porc et au boeuf (à la suédoise), préemballées, cuites",entrées et plats composés,plats composés,"7,7",7.7,exact
25504,"Brochette de volaille, crue",entrées et plats composés,plats composés,"0,8",0.8,exact
25505,"Brochette de boeuf, crue",entrées et plats composés,plats composés,0,0,exact
25506,Brochette mixte de viande,entrées et plats composés,plats composés,"1,02",1.02,exact
25512,"Nuggets ou croquette panée de volaille, préemballé",entrées et plats composés,plats composés,18,18,exact
25538,"Carpaccio de boeuf, avec marinade (huile, herbes, fromage), fait maison",entrées et plats composés,plats composés,"0,55",0.55,exact
25541,Brochette d'agneau,entrées et plats composés,plats composés,"2,54",2.54,exact
25565,Yakitori (brochettes japonaises grillées en sauce),entrées et plats composés,plats composés,"9,3",9.3,exact
25566,"Brochette de porc, crue",entrées et plats composés,plats composés,"2,1",2.1,exact
25585,"Brochette de boeuf, cuite",entrées et plats composés,plats composés,"0,33",0.33,exact
25586,"Brochette de volaille, cuite",entrées et plats composés,plats composés,"1,39",1.39,exact
36027,"Nuggets ou croquette panée de poulet, préemballé",entrées et plats composés,plats composés,"19,4",19.4,exact
36035,"Poulet, manchons marinés, préemballés, rôtis/cuits au four",entrées et plats composés,plats composés,"2,1",2.1,exact
36036,"Escalope panée, viennoise ou milanaise, poulet, cuite",entrées et plats composés,plats composés,"21,7",21.7,exact
36318,"Escalope panée, viennoise ou milanaise, dinde, cuite",entrées et plats composés,plats composés,"13,5",13.5,exact
25009,"Hachis parmentier à la viande, préemballé",entrées et plats composés,plats composés,"9,39",9.39,exact
25029,Couscous au mouton,entrées et plats composés,plats composés,"12,2",12.2,exact
25043,"Couscous à la viande ou au poulet, allégé en matière grasse, préemballé,",entrées et plats composés,plats composés,"11,5",11.5,exact
25057,"Poêlée de pommes de terre préfrites, lardons ou poulet, et autres, sans légumes verts, préemballée",entrées et plats composés,plats composés,17,17,exact
25127,"Couscous royal (avec plusieurs viandes), préemballé",entrées et plats composés,plats composés,14,14,exact
25138,Couscous au poulet,entrées et plats composés,plats composés,"15,6",15.6,exact
25152,"Couscous à la viande, préemballé",entrées et plats composés,plats composés,"12,5",12.5,exact
25195,"Parmentier de canard, préemballé, à cuire",entrées et plats composés,plats composés,"8,51",8.51,exact
25587,"Parmentier de canard, préemballé, cuit",entrées et plats composés,plats composés,"10,5",10.5,exact
25002,"Cassoulet, appertisé",entrées et plats composés,plats composés,"9,41",9.41,exact
25003,"Choucroute garnie, préemballée",entrées et plats composés,plats composés,"2,8",2.8,exact
25010,"Petit salé ou saucisse aux lentilles, préemballé",entrées et plats composés,plats composés,"8,89",8.89,exact
25013,"Pot-au-feu, préemballé",entrées et plats composés,plats composés,"3,2",3.2,exact
25065,"Boeuf aux carottes, préemballé",entrées et plats composés,plats composés,"2,91",2.91,exact
25071,Potée auvergnate (chou et porc),entrées et plats composés,plats composés,"4,85",4.85,exact
25098,"Cassoulet au porc, appertisé",entrées et plats composés,plats composés,"8,6",8.6,exact
25099,"Cassoulet au canard ou oie, appertisé",entrées et plats composés,plats composés,"10,1",10.1,exact
25103,"Tomate farcie, préemballée",entrées et plats composés,plats composés,"2,95",2.95,exact
25106,"Chou farci, préemballé",entrées et plats composés,plats composés,2,2,exact
25111,"Chili con carne, préemballé",entrées et plats composés,plats composés,13,13,exact
25123,"Moussaka, préemballée",entrées et plats composés,plats composés,"5,16",5.16,exact
25124,Navarin d'agneau aux légumes,entrées et plats composés,plats composés,"3,85",3.85,exact
25159,"Tajine de mouton, préemballé",entrées et plats composés,plats composés,"4,5",4.5,exact
25164,"Osso buco de veau à la milanaise (jarret de porc , légumes, vin blanc)",entrées et plats composés,plats composés,"3,5",3.5,exact
25175,"Meloukhia, plat à base de boeuf et corète, fait maison",entrées et plats composés,plats composés,"1,2",1.2,exact
25190,"Poulet basquaise, préemballé",entrées et plats composés,plats composés,"2,5",2.5,exact
25204,"Tajine de poulet, préemballé",entrées et plats composés,plats composés,"14,4",14.4,exact
25205,"Chop suey (porc ou poulet, légumes), préemballé",entrées et plats composés,plats composés,"7,8",7.8,exact
25511,Légumes farcis (sauf tomate),entrées et plats composés,plats composés,"3,6",3.6,exact
10082,"Moules marinières (oignons et vin blanc), préemballées",entrées et plats composés,plats composés,"7,43",7.43,exact
10083,"Moules farcies (matière grasse, persillade…), préemballées, crues",entrées et plats composés,plats composés,"4,2",4.2,exact
24998,"Poisson blanc en sauce, préemballé (aliment moyen)",entrées et plats composés,plats composés,"4,67",4.67,exact
25037,"Gratin ou cassolette de poisson et / ou fruits de mer, préemballé, cru",entrées et plats composés,plats composés,"8,39",8.39,exact
25038,"Gratin ou cassolette de poisson et / ou fruits de mer, préemballé, cuit",entrées et plats composés,plats composés,"5,28",5.28,exact
25077,"Saumon sauce à l'oseille, préemballé",entrées et plats composés,plats composés,"8,23",8.23,exact
25086,"Poisson blanc à la bordelaise (chapelure, huile…), préemballé",entrées et plats composés,plats composés,"5,3",5.3,exact
25128,"Poisson blanc à la provençale ou niçoise (sauce tomate), préemballé",entrées et plats composés,plats composés,"3,1",3.1,exact
25140,"Poisson blanc à la florentine (sauce aux épinards), préemballé",entrées et plats composés,plats composés,2,2,exact
25141,"Poisson blanc à la marinière (sauce aux oignons, vin blanc, moules), préemballé",entrées et plats composés,plats composés,"2,2",2.2,exact
25142,"Poisson blanc à la sauce moutarde, préemballé",entrées et plats composés,plats composés,"5,4",5.4,exact
25143,"Poisson blanc à la parisienne (sauce aux champignons), préemballé",entrées et plats composés,plats composés,3,3,exact
25145,"Poisson blanc à l'estragon, préemballé",entrées et plats composés,plats composés,"4,2",4.2,exact
25146,"Poisson blanc sauce oseille, préemballé",entrées et plats composés,plats composés,3,3,exact
25210,"Saumon farci, préemballé",entrées et plats composés,plats composés,"0,4",0.4,exact
25539,Brochette de poisson,entrées et plats composés,plats composés,"0,86",0.86,exact
25540,Brochette de crevettes,entrées et plats composés,plats composés,"1,6",1.6,exact
26140,Poisson cuit (aliment moyen),entrées et plats composés,plats composés,"0,32",0.32,exact
26249,"Poisson blanc, cuit (aliment moyen)",entrées et plats composés,plats composés,"0,32",0.32,exact
25031,"Paëlla, préemballée",entrées et plats composés,plats composés,"17,1",17.1,exact
25107,Couscous au poisson,entrées et plats composés,plats composés,"14,2",14.2,exact
25154,"Gratin de poisson et purée ou brandade aux pommes de terre ou parmentier de poisson, préemballé",entrées et plats composés,plats composés,"8,57",8.57,exact
25242,"Paëlla (poulet fruit de mer, chorizo, colin), fait maison",entrées et plats composés,plats composés,22,22,exact
25456,Sushi ou maki aux produits de la mer,entrées et plats composés,plats composés,"26,9",26.9,exact
8296,"Terrine ou mousse de légumes, premballée",entrées et plats composés,plats composés,"5,5",5.5,exact
8297,Flan de légumes aux oeufs,entrées et plats composés,plats composés,"4,13",4.13,exact
20194,"Haricots blancs à la sauce tomate, appertisés",entrées et plats composés,plats composés,"11,7",11.7,exact
20240,"Piperade basquaise, préemballée",entrées et plats composés,plats composés,"5,38",5.38,exact
20262,"Poêlée de légumes assaisonnés sans champignon, surgelée, crue",entrées et plats composés,plats composés,5,5,exact
20273,"Poêlée de légumes assaisonnés à l'asiatiques ou wok de légumes, surgelée, crue",entrées et plats composés,plats composés,4,4,exact
20274,"Poêlée de légumes assaisonnés grillée, méridionale ou méditerranéenne, surgelée, crue",entrées et plats composés,plats composés,"4,33",4.33,exact
20498,"Poêlée de légumes assaisonnés aux champignons (""champêtre""), surgelée",entrées et plats composés,plats composés,4,4,exact
25018,"Ratatouille cuisinée, préemballée",entrées et plats composés,plats composés,"4,97",4.97,exact
25026,"Épinard à la crème, préemballé",entrées et plats composés,plats composés,"4,1",4.1,exact
25052,"Gratin d'aubergine, préemballé",entrées et plats composés,plats composés,"5,5",5.5,exact
25056,"Gratin dauphinois, préemballé",entrées et plats composés,plats composés,"14,5",14.5,exact
25073,"Endive au jambon, préemballée",entrées et plats composés,plats composés,"4,71",4.71,exact
25101,"Gratin de chou-fleur, préemballé",entrées et plats composés,plats composés,"3,3",3.3,exact
25162,"Gratin de légumes, préemballé",entrées et plats composés,plats composés,"6,91",6.91,exact
25196,"Riste d'aubergines (aubergines, tomates, oignons), préemballée",entrées et plats composés,plats composés,"10,6",10.6,exact
25199,"Palet ou galette de légumes, préfrit, surgelé",entrées et plats composés,plats composés,"8,67",8.67,exact
25208,"Palet ou galette de légumes, préfrit, surgelé, cuit",entrées et plats composés,plats composés,"8,45",8.45,exact
25220,"Choucroute cuisinée aux lardons, sans garniture, égouttée, cuite",entrées et plats composés,plats composés,"< 0,1",0.1,less_than
25238,"Gratin de légumes, fait maison",entrées et plats composés,plats composés,"3,59",3.59,exact
25524,"Tomate à la provençale, fait maison",entrées et plats composés,plats composés,"6,55",6.55,exact
25556,Beignet de légumes,entrées et plats composés,plats composés,"12,1",12.1,exact
25571,"Falafel ou boulette de pois-chiche et/ou fève, vente à emporter",entrées et plats composés,plats composés,"18,7",18.7,exact
25588,"Gratin de légumes en sauce blanche type béchamel, préemballé, cuit",entrées et plats composés,plats composés,"6,74",6.74,exact
25590,"Falafel ou boulette de pois-chiche et/ou fève, préemballé",entrées et plats composés,plats composés,"17,7",17.7,exact
9082,"Blé dur précuit, cuisiné, en sachet micro-ondable",entrées et plats composés,plats composés,"29,6",29.6,exact
9085,"Nouilles asiatiques cuisinées (boeuf, poulet, légumes…) non instantanées",entrées et plats composés,plats composés,"18,8",18.8,exact
25019,"Ravioli au boeuf, sauce tomate, appertisé",entrées et plats composés,plats composés,"12,5",12.5,exact
25081,"Lasagnes ou canellonis à la viande (bolognaise), préemballés",entrées et plats composés,plats composés,"13,5",13.5,exact
25085,"Pâtes à la bolognaise (spaghetti, tagliatelles…), préemballées",entrées et plats composés,plats composés,"13,6",13.6,exact
25088,"Riz cantonais, préemballé",entrées et plats composés,plats composés,"23,6",23.6,exact
25110,"Ravioli chinois à la vapeur à la crevette, cuit",entrées et plats composés,plats composés,"23,2",23.2,exact
25122,"Gratin de pâtes au jambon, préemballé",entrées et plats composés,plats composés,"16,4",16.4,exact
25131,"Lasagnes ou cannellonis aux légumes, préemballées, cuits",entrées et plats composés,plats composés,"10,1",10.1,exact
25135,"Pâtes à la carbonara (spaghetti, tagliatelles…), préemballées",entrées et plats composés,plats composés,"14,2",14.2,exact
25139,"Lasagnes ou cannellonis au poisson, préemballées",entrées et plats composés,plats composés,13,13,exact
25149,"Pâtes fraîches farcies (ex : raviolis, tortellinis, ravioles du Dauphiné), au fromage, préemballées, cuites",entrées et plats composés,plats composés,"26,8",26.8,exact
25150,"Couscous de légumes, préemballé",entrées et plats composés,plats composés,"16,4",16.4,exact
25155,"Pâtes fraîches farcies (ex : raviolis, tortellinis), au fromage et aux légumes, préemballées, cuites",entrées et plats composés,plats composés,"27,8",27.8,exact
25157,"Pâtes fraîches farcies (ex : raviolis, tortellinis), au boeuf (ex : bolognaise), préemballées, crues",entrées et plats composés,plats composés,"40,3",40.3,exact
25158,"Pâtes fraîches farcies (ex : raviolis, tortellinis), au boeuf (ex : bolognaise), préemballées, cuites",entrées et plats composés,plats composés,"25,1",25.1,exact
25181,"Pâtes fraîches farcies (ex : raviolis, tortellinis, ravioles du Dauphiné), au fromage, préemballées, crues",entrées et plats composés,plats composés,"37,3",37.3,exact
25182,"Pâtes fraîches farcies (ex : raviolis, tortellinis), au fromage et aux légumes, préemballées, crues",entrées et plats composés,plats composés,"41,4",41.4,exact
25183,"Nouilles aux crevettes, préemballées, sautées/poêlées",entrées et plats composés,plats composés,"12,6",12.6,exact
25187,"Risotto, aux légumes, préemballé",entrées et plats composés,plats composés,"18,4",18.4,exact
25188,"Risotto, aux fruits de mer, préemballé",entrées et plats composés,plats composés,"12,5",12.5,exact
25189,"Risotto, aux fromages, préemballé",entrées et plats composés,plats composés,"30,9",30.9,exact
25192,"Ravioli aux légumes, à la sauce tomate, appertisés",entrées et plats composés,plats composés,"13,5",13.5,exact
25193,"Pâtes fraîches farcies (ex : raviolis, tortellinis), aux légumes, préemballées, cuites",entrées et plats composés,plats composés,"20,9",20.9,exact
25198,"Pâtes en sauce aux fromages (spaghetti, tagliatelles…), préemballées",entrées et plats composés,plats composés,"15,9",15.9,exact
25203,"Pâtes fraîches farcies (ex : raviolis, tortellinis), aux légumes, préemballées, crues",entrées et plats composés,plats composés,"41,4",41.4,exact
25216,"Pâtes fraîches farcies (ex : raviolis, tortellinis), cuites (aliment moyen)",entrées et plats composés,plats composés,"25,6",25.6,exact
25217,"Feuille de vigne farcie au riz ou dolmas, égouttée, préemballée",entrées et plats composés,plats composés,"18,6",18.6,exact
25219,"Lasagnes ou cannellonis aux légumes et au fromage de chèvre, préemballés, cuits",entrées et plats composés,plats composés,14,14,exact
25243,"Nouilles asiatiques instantanées, aromatisées, cuites",entrées et plats composés,plats composés,"21,1",21.1,exact
25635,"Lasagnes ou cannellonis au fromage et aux épinards, préemballés",entrées et plats composés,plats composés,"11,4",11.4,exact
4041,"Aligot (purée de pomme de terre à la tomme fraîche), préemballé",entrées et plats composés,plats composés,"9,5",9.5,exact
19437,"Fromage de chèvre pané à dorer, préemballé",entrées et plats composés,plats composés,15,15,exact
25020,Soufflé au fromage,entrées et plats composés,plats composés,"4,75",4.75,exact
25137,"Tartiflette (pommes de terre, reblochon, lardons…), préemballée",entrées et plats composés,plats composés,"13,5",13.5,exact
25437,Gougère,entrées et plats composés,plats composés,"22,7",22.7,exact
25509,"Préparation à base de fromage(s) pour fondue savoyarde, préemballée",entrées et plats composés,plats composés,"3,4",3.4,exact
25546,"Fromage pané au jambon, préemballé",entrées et plats composés,plats composés,"15,3",15.3,exact
20914,Galette ou pavé au soja,entrées et plats composés,plats composés,"8,5",8.5,exact
25223,"Bouchées ou émincé végétal au soja et blé (convient aux véganes ou végétaliens), préemballé",entrées et plats composés,plats composés,"6,76",6.76,exact
25224,"Bouchées ou émincé au soja et blé  (ne convient pas aux véganes ou végétaliens), préemballé",entrées et plats composés,plats composés,"8,19",8.19,exact
25225,"Nuggets ou croquette panée de blé (sans soja), préemballé",entrées et plats composés,plats composés,"22,4",22.4,exact
25226,"Nuggets ou croquette panée de soja et blé (ne convient pas aux véganes ou végétaliens), préemballé",entrées et plats composés,plats composés,"18,5",18.5,exact
25227,"Nuggets ou croquette panée de soja et blé (convient aux véganes ou végétaliens), préemballé",entrées et plats composés,plats composés,"19,7",19.7,exact
25228,Pané soja et blé (ne convient pas aux véganes ou végétaliens),entrées et plats composés,plats composés,"16,8",16.8,exact
25229,"Bâtonnet pané soja et blé (convient aux véganes ou végétaliens), préemballée",entrées et plats composés,plats composés,"18,8",18.8,exact
25230,"Pané soja, blé et fromage, type cordon bleu, préemballé",entrées et plats composés,plats composés,"15,1",15.1,exact
25231,"Ravioli au tofu, à la sauce tomate, préemballés",entrées et plats composés,plats composés,"12,5",12.5,exact
25233,"Galette de céréales au fromage (sans soja), préemballée",entrées et plats composés,plats composés,"27,8",27.8,exact
25234,"Galette de céréales aux légumes (sans soja), préemballée",entrées et plats composés,plats composés,28,28,exact
25589,"Boulette végétale au soja et/ou blé, préemballée",entrées et plats composés,plats composés,"7,98",7.98,exact
25591,"Galette ou pavé aux lentilles, soja et légumes, préemballé",entrées et plats composés,plats composés,"16,7",16.7,exact
25592,"Galette ou pavé au blé (seitan) et légumes, préemballé",entrées et plats composés,plats composés,"20,8",20.8,exact
25593,"Galette ou pavé au blé et soja (convient aux véganes ou végétaliens), préemballé",entrées et plats composés,plats composés,"8,15",8.15,exact
25594,"Galette ou pavé au blé et soja (ne convient pas aux véganes ou végétaliens), préemballé",entrées et plats composés,plats composés,"13,3",13.3,exact
25595,"Galette ou pavé au soja et fromage, préemballé",entrées et plats composés,plats composés,"6,08",6.08,exact
25596,"Galette ou pavé au soja et légumes, préemballé",entrées et plats composés,plats composés,"8,36",8.36,exact
25597,"Galette ou pavé au soja, fromage et légumes, préemballé",entrées et plats composés,plats composés,"7,72",7.72,exact
30181,"Haché végétal à base de soja, préemballé",entrées et plats composés,plats composés,"7,01",7.01,exact
25404,"Pizza au fromage ou pizza margherita, préemballée",entrées et plats composés,"pizzas, tartes et crêpes salées","29,6",29.6,exact
25405,"Quiche lorraine, préemballée",entrées et plats composés,"pizzas, tartes et crêpes salées","21,5",21.5,exact
25409,"Crêpe ou galette béchamel et jambon, préemballée",entrées et plats composés,"pizzas, tartes et crêpes salées","24,3",24.3,exact
25410,"Crêpe ou galette béchamel, jambon et fromage, préemballée",entrées et plats composés,"pizzas, tartes et crêpes salées","16,3",16.3,exact
25411,"Crêpe ou galette béchamel et champignon, préemballée, surgelée",entrées et plats composés,"pizzas, tartes et crêpes salées",20,20,exact
25417,"Tarte aux légumes, préemballée",entrées et plats composés,"pizzas, tartes et crêpes salées","21,8",21.8,exact
25435,"Pizza jambon fromage, préemballée",entrées et plats composés,"pizzas, tartes et crêpes salées","26,2",26.2,exact
25444,"Tarte au fromage, préemballée",entrées et plats composés,"pizzas, tartes et crêpes salées",20,20,exact
25454,"Tarte à la provençale, préemballée",entrées et plats composés,"pizzas, tartes et crêpes salées","21,8",21.8,exact
25457,"Pizza à la viande, type bolognaise, préemballée",entrées et plats composés,"pizzas, tartes et crêpes salées",27,27,exact
25459,Burritos au boeuf,entrées et plats composés,"pizzas, tartes et crêpes salées","14,3",14.3,exact
25460,"Fajita au poulet, préparé maison avec un kit",entrées et plats composés,"pizzas, tartes et crêpes salées",16,16,exact
25462,"Pizza au chorizo ou salami, préemballée",entrées et plats composés,"pizzas, tartes et crêpes salées","24,7",24.7,exact
25463,"Pizza aux fruits de mer, préemballée",entrées et plats composés,"pizzas, tartes et crêpes salées","25,2",25.2,exact
25464,"Pizza au saumon, préemballée",entrées et plats composés,"pizzas, tartes et crêpes salées",26,26,exact
25468,"Pizza au chèvre et lardons, préemballée",entrées et plats composés,"pizzas, tartes et crêpes salées","26,5",26.5,exact
25472,"Pizza aux légumes ou pizza 4 saisons, préemballée",entrées et plats composés,"pizzas, tartes et crêpes salées","25,1",25.1,exact
25477,"Pizza champignons fromage, préemballée",entrées et plats composés,"pizzas, tartes et crêpes salées","24,2",24.2,exact
25478,"Pizza aux fromages, préemballée",entrées et plats composés,"pizzas, tartes et crêpes salées","30,5",30.5,exact
25516,Pizza (aliment moyen),entrées et plats composés,"pizzas, tartes et crêpes salées","27,4",27.4,exact
25528,"Pissaladière, préemballée",entrées et plats composés,"pizzas, tartes et crêpes salées","26,3",26.3,exact
25529,"Tarte à l'oignon, préemballée",entrées et plats composés,"pizzas, tartes et crêpes salées","23,5",23.5,exact
25548,"Pizza jambon fromage champignons ou pizza royale, reine ou regina, préemballée",entrées et plats composés,"pizzas, tartes et crêpes salées","25,9",25.9,exact
25549,"Crêpe ou galette béchamel et fromage, préemballée",entrées et plats composés,"pizzas, tartes et crêpes salées",17,17,exact
25550,"Flammenkueche ou tarte flambée aux lardons, préemballée",entrées et plats composés,"pizzas, tartes et crêpes salées","31,8",31.8,exact
25552,"Crêpe ou galette béchamel, jambon et fromage et champignon, préemballée",entrées et plats composés,"pizzas, tartes et crêpes salées","14,7",14.7,exact
25553,"Tarte ou tourte aux poireaux, préemballée",entrées et plats composés,"pizzas, tartes et crêpes salées","20,9",20.9,exact
25555,"Tarte au saumon, préemballée",entrées et plats composés,"pizzas, tartes et crêpes salées","24,2",24.2,exact
25560,"Tourte au riesling (porc, riesling, champignons), préemballée",entrées et plats composés,"pizzas, tartes et crêpes salées","23,7",23.7,exact
25561,"Tarte à la tomate, préemballée",entrées et plats composés,"pizzas, tartes et crêpes salées","23,4",23.4,exact
25562,"Crêpe ou galette complète (oeuf, jambon, fromage), préemballée",entrées et plats composés,"pizzas, tartes et crêpes salées","15,2",15.2,exact
25564,"Tarte aux noix de Saint-Jacques, préemballée",entrées et plats composés,"pizzas, tartes et crêpes salées","21,7",21.7,exact
25568,"Pastilla au poulet, préemballée",entrées et plats composés,"pizzas, tartes et crêpes salées","14,1",14.1,exact
25570,"Pizza aux lardons, oignons et fromage, préemballée",entrées et plats composés,"pizzas, tartes et crêpes salées","28,3",28.3,exact
25572,"Crêpe ou galette aux noix de Saint-Jacques, préemballée",entrées et plats composés,"pizzas, tartes et crêpes salées","15,5",15.5,exact
25573,Tarte ou quiche salée (aliment moyen),entrées et plats composés,"pizzas, tartes et crêpes salées","24,3",24.3,exact
25581,"Crêpe ou galette béchamel et champignon, préemballée, cuite",entrées et plats composés,"pizzas, tartes et crêpes salées","18,5",18.5,exact
25623,"Tarte au maroilles ou flamiche au maroilles, préemballée",entrées et plats composés,"pizzas, tartes et crêpes salées",23,23,exact
25625,"Crêpe ou galette au poisson et / ou fruits de mer, préemballée",entrées et plats composés,"pizzas, tartes et crêpes salées",15,15,exact
25649,"Crêpe ou galette chèvre, lardon, préemballée",entrées et plats composés,"pizzas, tartes et crêpes salées","16,3",16.3,exact
25671,"Pizza au chèvre, préemballée",entrées et plats composés,"pizzas, tartes et crêpes salées","27,1",27.1,exact
26256,"Ficelle picarde, préemballée",entrées et plats composés,"pizzas, tartes et crêpes salées","11,9",11.9,exact
26267,"Tarte épinard chèvre, préemballée",entrées et plats composés,"pizzas, tartes et crêpes salées","21,3",21.3,exact
26268,"Tielle sétoise, préemballée",entrées et plats composés,"pizzas, tartes et crêpes salées","29,4",29.4,exact
26270,"Pizza au thon, préemballée",entrées et plats composés,"pizzas, tartes et crêpes salées","23,7",23.7,exact
26271,"Pizza kebab, préemballée",entrées et plats composés,"pizzas, tartes et crêpes salées","26,6",26.6,exact
26272,"Pizza au poulet, préemballée",entrées et plats composés,"pizzas, tartes et crêpes salées","28,2",28.2,exact
26273,"Pizza type raclette ou tartiflette, préemballée",entrées et plats composés,"pizzas, tartes et crêpes salées","27,3",27.3,exact
26274,"Pizza au speck ou jambon cru, préemballée",entrées et plats composés,"pizzas, tartes et crêpes salées","27,4",27.4,exact
7811,"Focaccia, garnie",entrées et plats composés,sandwichs,"29,5",29.5,exact
7812,"Fougasse, garnie",entrées et plats composés,sandwichs,"42,1",42.1,exact
25400,"Croque-monsieur, jambon, fromage et beurre, fait maison",entrées et plats composés,sandwichs,-,,missing
25403,"Hot-dog, préemballé",entrées et plats composés,sandwichs,"26,3",26.3,exact
25413,"Hamburger, de restauration rapide",entrées et plats composés,sandwichs,"29,5",29.5,exact
25414,"Cheeseburger, de restauration rapide",entrées et plats composés,sandwichs,"22,3",22.3,exact
25415,"Double cheeseburger, de restauration rapide",entrées et plats composés,sandwichs,"19,4",19.4,exact
25416,"Burger au poisson, de restauration rapide",entrées et plats composés,sandwichs,"26,7",26.7,exact
25428,"Sandwich grec ou kebab, pita, crudités",entrées et plats composés,sandwichs,17,17,exact
25429,"Sandwich grec ou kebab, baguette, crudités",entrées et plats composés,sandwichs,"29,9",29.9,exact
25431,"Sandwich baguette, thon crudités mayonnaise, fait maison",entrées et plats composés,sandwichs,"32,1",32.1,exact
25434,"Sandwich panini, jambon cru mozzarella, tomates",entrées et plats composés,sandwichs,"25,7",25.7,exact
25475,"Sandwich baguette, jambon, oeuf, crudités, beurre",entrées et plats composés,sandwichs,"31,7",31.7,exact
25476,"Sandwich baguette, poulet crudités mayonnaise, fait maison",entrées et plats composés,sandwichs,"34,9",34.9,exact
25485,"Sandwich baguette, jambon emmental, préemballé",entrées et plats composés,sandwichs,"27,9",27.9,exact
25488,"Sandwich baguette, saumon fumé beurre",entrées et plats composés,sandwichs,"41,7",41.7,exact
25490,"Sandwich baguette, thon maïs crudités, préemballé",entrées et plats composés,sandwichs,"23,9",23.9,exact
25501,"Sandwich panini, trois fromages",entrées et plats composés,sandwichs,25,25,exact
25502,"Burger au poulet, de restauration rapide",entrées et plats composés,sandwichs,"23,8",23.8,exact
25513,Pan bagnat,entrées et plats composés,sandwichs,"27,8",27.8,exact
25517,"Sandwich baguette, jambon beurre, fait maison",entrées et plats composés,sandwichs,"35,1",35.1,exact
25518,"Sandwich baguette, camembert beurre, fait maison",entrées et plats composés,sandwichs,"34,8",34.8,exact
25519,"Sandwich baguette, pâté cornichons",entrées et plats composés,sandwichs,"33,5",33.5,exact
25520,"Sandwich baguette, saucisson beurre, fait maison",entrées et plats composés,sandwichs,"35,2",35.2,exact
25521,"Sandwich baguette, jambon emmental beurre",entrées et plats composés,sandwichs,"30,2",30.2,exact
25522,Sandwich (aliment moyen),entrées et plats composés,sandwichs,"30,3",30.3,exact
25523,"Toasts ou canapés salés, garnitures diverses, préemballés",entrées et plats composés,sandwichs,"22,4",22.4,exact
25530,"Sandwich baguette, crudités diverses mayonnaise",entrées et plats composés,sandwichs,"30,6",30.6,exact
25531,"Sandwich baguette, dinde crudités mayonnaise",entrées et plats composés,sandwichs,"31,2",31.2,exact
25532,"Sandwich baguette, oeuf crudités mayonnaise",entrées et plats composés,sandwichs,"31,6",31.6,exact
25533,"Sandwich baguette, porc crudités mayonnaise",entrées et plats composés,sandwichs,"31,2",31.2,exact
25535,"Sandwich baguette, merguez ketchup moutarde",entrées et plats composés,sandwichs,"32,7",32.7,exact
25536,"Sandwich baguette, salami beurre",entrées et plats composés,sandwichs,"33,9",33.9,exact
25542,"Croque-madame, fait maison",entrées et plats composés,sandwichs,"16,1",16.1,exact
25543,Sandwich baguette (aliment moyen),entrées et plats composés,sandwichs,"33,2",33.2,exact
25547,"Croque-monsieur, préemballé",entrées et plats composés,sandwichs,"26,1",26.1,exact
25575,"Sandwich pain de mie complet, thon crudités, préemballé",entrées et plats composés,sandwichs,"24,3",24.3,exact
25576,"Sandwich pain de mie complet, jambon fromage, préemballé",entrées et plats composés,sandwichs,"23,8",23.8,exact
25577,"Sandwich pain de mie complet, poulet crudités, préemballé",entrées et plats composés,sandwichs,23,23,exact
25599,"Sandwich pain de mie complet, jambon, préemballé",entrées et plats composés,sandwichs,"26,3",26.3,exact
25632,"Sandwich baguette, thon crudités mayonnaise, vente à emporter",entrées et plats composés,sandwichs,"28,8",28.8,exact
25633,"Sandwich baguette, jambon beurre, vente à emporter",entrées et plats composés,sandwichs,"38,8",38.8,exact
25634,"Sandwich baguette, jambon emmental, vente à emporter",entrées et plats composés,sandwichs,"34,5",34.5,exact
25638,"Sandwich baguette, poulet crudités mayonnaise, vente à emporter",entrées et plats composés,sandwichs,"29,7",29.7,exact
25639,"Sandwich baguette, saucisson beurre, vente à emporter",entrées et plats composés,sandwichs,"36,9",36.9,exact
25640,"Sandwich baguette, camembert beurre, vente à emporter",entrées et plats composés,sandwichs,"32,9",32.9,exact
25641,"Sandwich pain de mie complet, saucisson ou rosette, préemballé",entrées et plats composés,sandwichs,"26,3",26.3,exact
25643,"Burger au poulet, préemballé",entrées et plats composés,sandwichs,"25,2",25.2,exact
25644,"Cheeseburger, préemballé",entrées et plats composés,sandwichs,"22,7",22.7,exact
25645,"Sandwich pain de mie complet, bacon crudités, préemballé",entrées et plats composés,sandwichs,"25,8",25.8,exact
25646,Wrap végétarien fromage crudités,entrées et plats composés,sandwichs,"19,5",19.5,exact
25647,Wrap poulet crudités,entrées et plats composés,sandwichs,"23,6",23.6,exact
25648,Wrap jambon crudités,entrées et plats composés,sandwichs,"25,2",25.2,exact
25650,"Sandwich pain de mie complet, thon oeuf crudités, préemballé",entrées et plats composés,sandwichs,"23,1",23.1,exact
25651,"Sandwich pain de mie complet, saumon fumé, préemballé",entrées et plats composés,sandwichs,"24,1",24.1,exact
25652,"Sandwich pain de mie complet, jambon oeuf crudités, préemballé",entrées et plats composés,sandwichs,"25,6",25.6,exact
25653,"Sandwich pain de mie complet, jambon fromage crudités, préemballé",entrées et plats composés,sandwichs,"22,9",22.9,exact
25654,"Sandwich pain de mie complet, jambon crudités, préemballé",entrées et plats composés,sandwichs,"22,4",22.4,exact
25655,"Sandwich pain viennois, jambon oeuf crudités, préemballé",entrées et plats composés,sandwichs,"26,6",26.6,exact
25656,"Sandwich pain viennois, thon oeuf crudités, préemballé",entrées et plats composés,sandwichs,"26,6",26.6,exact
25657,"Sandwich pain viennois, poulet oeuf crudités, préemballé",entrées et plats composés,sandwichs,27,27,exact
25658,"Sandwich pain viennois, poulet crudités, préemballé",entrées et plats composés,sandwichs,"26,4",26.4,exact
25659,"Sandwich pain polaire, poulet crudités, préemballé",entrées et plats composés,sandwichs,"28,1",28.1,exact
25660,"Sandwich pain polaire, saumon, préemballé",entrées et plats composés,sandwichs,"27,2",27.2,exact
25661,"Sandwich pain polaire, jambon fromage, préemballé",entrées et plats composés,sandwichs,"27,2",27.2,exact
25662,"Sandwich pain de mie complet, poulet, préemballé",entrées et plats composés,sandwichs,"25,3",25.3,exact
25663,"Sandwich baguette, poulet crudités, préemballé",entrées et plats composés,sandwichs,"28,2",28.2,exact
7814,"Cake salé (garniture : fromage, légumes, viande, poisson, volaille, etc.), préemballé",entrées et plats composés,feuilletées et autres entrées,"25,6",25.6,exact
25108,"Samossa ou samoussa ou brick garni, préemballé, cuit",entrées et plats composés,feuilletées et autres entrées,"16,5",16.5,exact
25151,"Feuilleté ou friand au poisson et/ou fruits de mer, préemballé, à cuire",entrées et plats composés,feuilletées et autres entrées,"27,9",27.9,exact
25169,"Spécialité chinoise type bouchée à la vapeur, préemballée, cuite",entrées et plats composés,feuilletées et autres entrées,28,28,exact
25396,"Feuilleté ou friand jambon fromage, préemballé",entrées et plats composés,feuilletées et autres entrées,"22,7",22.7,exact
25398,"Feuilleté ou friand au fromage, préemballé, à cuire",entrées et plats composés,feuilletées et autres entrées,"26,2",26.2,exact
25399,"Feuilleté ou friand aux escargots, préemballé",entrées et plats composés,feuilletées et autres entrées,"23,1",23.1,exact
25401,"Feuilleté ou friand au fromage, préemballé, cuit",entrées et plats composés,feuilletées et autres entrées,"28,1",28.1,exact
25402,"Feuilleté ou friand à la viande, préemballé",entrées et plats composés,feuilletées et autres entrées,"27,3",27.3,exact
25412,"Bouchée à la reine, à la viande/volaille/quenelle",entrées et plats composés,feuilletées et autres entrées,"24,5",24.5,exact
25418,"Croissant au jambon fromage, fait maison",entrées et plats composés,feuilletées et autres entrées,"24,8",24.8,exact
25419,Rouleau de printemps,entrées et plats composés,feuilletées et autres entrées,"16,6",16.6,exact
25438,"Samoussa ou samossa ou brick garni, fait maison, cuit",entrées et plats composés,feuilletées et autres entrées,"8,48",8.48,exact
25503,"Bouchée à la reine, au poisson et fruits de mer, faite maison",entrées et plats composés,feuilletées et autres entrées,"13,7",13.7,exact
25508,"Feuilleté ou friand jambon fromage, fait maison",entrées et plats composés,feuilletées et autres entrées,"29,4",29.4,exact
25551,"Beignet de viande, volaille ou poisson, fait maison, cuit",entrées et plats composés,feuilletées et autres entrées,10,10,exact
25557,"Brick à l'oeuf, fait maison, cuit",entrées et plats composés,feuilletées et autres entrées,"12,3",12.3,exact
25558,"Samossa ou samoussa ou brick au boeuf, fait maison, cuit",entrées et plats composés,feuilletées et autres entrées,"33,5",33.5,exact
25559,"Brick à la pomme de terre, fait maison, cuit",entrées et plats composés,feuilletées et autres entrées,"19,6",19.6,exact
25578,Feuilleté ou friand salé (aliment moyen),entrées et plats composés,feuilletées et autres entrées,"27,5",27.5,exact
25580,"Bouchée à la reine, garnie (aliment moyen)",entrées et plats composés,feuilletées et autres entrées,"19,1",19.1,exact
25582,"Nem ou pâté impérial, au poulet, préemballé, cuit",entrées et plats composés,feuilletées et autres entrées,"20,9",20.9,exact
25583,"Nem ou pâté impérial, au porc, préemballé, cuit",entrées et plats composés,feuilletées et autres entrées,"22,6",22.6,exact
25584,"Nem ou pâté impérial, aux crevettes et/ou au crabe, préemballé, cuit",entrées et plats composés,feuilletées et autres entrées,"23,7",23.7,exact
25674,"Nem ou pâté impérial, préemballé, cuit (aliment moyen)",entrées et plats composés,feuilletées et autres entrées,"22,4",22.4,exact
26266,"Croissant au jambon fromage, préemballé",entrées et plats composés,feuilletées et autres entrées,22,22,exact
13004,"Avocat, chair sans peau, sans noyau, cru","fruits, légumes, légumineuses et oléagineux",légumes,traces,0,traces
13128,"Chayote ou christophine ou chouchou, crue","fruits, légumes, légumineuses et oléagineux",légumes,"2,8",2.8,exact
15029,"Graine germée de luzerne, crue","fruits, légumes, légumineuses et oléagineux",légumes,"0,81",0.81,exact
15030,"Graine germée de radis, fraîche, crue","fruits, légumes, légumineuses et oléagineux",légumes,-,,missing
20004,"Bette ou blette, côte (sans feuille), crue","fruits, légumes, légumineuses et oléagineux",légumes,"1,63",1.63,exact
20009,"Carotte, crue","fruits, légumes, légumineuses et oléagineux",légumes,"5,16",5.16,exact
20010,"Champignon, tout type, cru","fruits, légumes, légumineuses et oléagineux",légumes,"2,25",2.25,exact
20012,"Salade ou chicorée frisée, crue","fruits, légumes, légumineuses et oléagineux",légumes,"2,13",2.13,exact
20014,"Chou rouge, cru","fruits, légumes, légumineuses et oléagineux",légumes,"4,33",4.33,exact
20016,"Chou-fleur, cru","fruits, légumes, légumineuses et oléagineux",légumes,"2,13",2.13,exact
20019,"Concombre, chair et peau, cru","fruits, légumes, légumineuses et oléagineux",légumes,"2,87",2.87,exact
20020,"Courgette, chair et peau, crue","fruits, légumes, légumineuses et oléagineux",légumes,"1,75",1.75,exact
20022,"Cresson de fontaine, cru","fruits, légumes, légumineuses et oléagineux",légumes,"1,11",1.11,exact
20023,"Céleri branche, cru","fruits, légumes, légumineuses et oléagineux",légumes,"2,41",2.41,exact
20026,"Endive, crue","fruits, légumes, légumineuses et oléagineux",légumes,"2,83",2.83,exact
20028,"Fenouil, cru","fruits, légumes, légumineuses et oléagineux",légumes,"2,63",2.63,exact
20031,"Laitue, crue","fruits, légumes, légumineuses et oléagineux",légumes,"1,22",1.22,exact
20034,"Oignon, cru","fruits, légumes, légumineuses et oléagineux",légumes,"6,25",6.25,exact
20038,"Pissenlit, cru","fruits, légumes, légumineuses et oléagineux",légumes,"6,1",6.1,exact
20039,"Poireau, cru","fruits, légumes, légumineuses et oléagineux",légumes,"4,55",4.55,exact
20041,"Poivron, vert, jaune ou rouge, cru","fruits, légumes, légumineuses et oléagineux",légumes,"3,5",3.5,exact
20044,"Potiron, cru","fruits, légumes, légumineuses et oléagineux",légumes,"3,5",3.5,exact
20045,"Radis rouge, cru","fruits, légumes, légumineuses et oléagineux",légumes,"1,53",1.53,exact
20052,"Artichaut, cru","fruits, légumes, légumineuses et oléagineux",légumes,"4,84",4.84,exact
20053,"Aubergine, crue","fruits, légumes, légumineuses et oléagineux",légumes,"2,7",2.7,exact
20054,"Cardon, cru","fruits, légumes, légumineuses et oléagineux",légumes,"1,7",1.7,exact
20055,"Céleri-rave, cru","fruits, légumes, légumineuses et oléagineux",légumes,"3,98",3.98,exact
20056,"Champignon de Paris ou champignon de couche, cru","fruits, légumes, légumineuses et oléagineux",légumes,"1,83",1.83,exact
20057,"Brocoli, cru","fruits, légumes, légumineuses et oléagineux",légumes,"2,15",2.15,exact
20058,"Chou de Bruxelles, cru","fruits, légumes, légumineuses et oléagineux",légumes,"4,59",4.59,exact
20059,"Épinard, cru","fruits, légumes, légumineuses et oléagineux",légumes,"3,06",3.06,exact
20061,"Haricot vert, cru","fruits, légumes, légumineuses et oléagineux",légumes,"4,14",4.14,exact
20064,"Navet, pelé, cru","fruits, légumes, légumineuses et oléagineux",légumes,"4,39",4.39,exact
20065,"Chou-rave, cru","fruits, légumes, légumineuses et oléagineux",légumes,"2,44",2.44,exact
20069,"Chou vert, cru","fruits, légumes, légumineuses et oléagineux",légumes,"2,74",2.74,exact
20070,"Haricot vert, surgelé, cru","fruits, légumes, légumineuses et oléagineux",légumes,"4,76",4.76,exact
20072,"Petits pois, crus","fruits, légumes, légumineuses et oléagineux",légumes,"11,4",11.4,exact
20082,"Chou-fleur, surgelé, cru","fruits, légumes, légumineuses et oléagineux",légumes,"2,5",2.5,exact
20083,"Epinard, haché ou purée ou en branches, surgelé, cru","fruits, légumes, légumineuses et oléagineux",légumes,1,1,exact
20084,"Petits pois, surgelés, crus","fruits, légumes, légumineuses et oléagineux",légumes,"9,5",9.5,exact
20085,"Poivron vert, cru","fruits, légumes, légumineuses et oléagineux",légumes,"3,43",3.43,exact
20087,"Poivron rouge, cru","fruits, légumes, légumineuses et oléagineux",légumes,"5,98",5.98,exact
20089,"Radis noir, cru","fruits, légumes, légumineuses et oléagineux",légumes,"5,52",5.52,exact
20090,"Scarole, crue","fruits, légumes, légumineuses et oléagineux",légumes,2,2,exact
20091,"Betterave rouge, crue","fruits, légumes, légumineuses et oléagineux",légumes,"6,34",6.34,exact
20097,"Échalote, crue","fruits, légumes, légumineuses et oléagineux",légumes,"12,2",12.2,exact
20099,"Mâche, crue","fruits, légumes, légumineuses et oléagineux",légumes,"0,5",0.5,exact
20101,"Légumes, mélange surgelé, crus","fruits, légumes, légumineuses et oléagineux",légumes,"5,71",5.71,exact
20103,"Champignon, chanterelle ou girolle, crue","fruits, légumes, légumineuses et oléagineux",légumes,"1,77",1.77,exact
20105,"Champignon, morille, crue","fruits, légumes, légumineuses et oléagineux",légumes,"0,1",0.1,exact
20106,"Champignon, truffe noire, crue","fruits, légumes, légumineuses et oléagineux",légumes,-,,missing
20108,"Maïs doux, en épis, surgelé, cru","fruits, légumes, légumineuses et oléagineux",légumes,17,17,exact
20111,"Oseille, crue","fruits, légumes, légumineuses et oléagineux",légumes,"1,6",1.6,exact
20114,"Champignon, pleurote, crue","fruits, légumes, légumineuses et oléagineux",légumes,"1,5",1.5,exact
20116,"Chou blanc, cru","fruits, légumes, légumineuses et oléagineux",légumes,"4,63",4.63,exact
20119,"Tomate verte, crue","fruits, légumes, légumineuses et oléagineux",légumes,4,4,exact
20123,"Batavia, crue","fruits, légumes, légumineuses et oléagineux",légumes,"1,78",1.78,exact
20127,"Pourpier, feuille, cru","fruits, légumes, légumineuses et oléagineux",légumes,-,,missing
20128,"Courge musquée, chair sans peau, crue","fruits, légumes, légumineuses et oléagineux",légumes,"4,6",4.6,exact
20132,"Potimarron, chair sans peau, cru","fruits, légumes, légumineuses et oléagineux",légumes,"3,1",3.1,exact
20134,"Courge hokkaïdo, chair sans peau, crue","fruits, légumes, légumineuses et oléagineux",légumes,"9,98",9.98,exact
20136,"Courge melonnette, chair sans peau, crue","fruits, légumes, légumineuses et oléagineux",légumes,"5,98",5.98,exact
20138,"Courge butternut (doubeurre), chair sans peau, crue","fruits, légumes, légumineuses et oléagineux",légumes,"5,4",5.4,exact
20139,"Courge, crue","fruits, légumes, légumineuses et oléagineux",légumes,"1,6",1.6,exact
20145,"Courge spaghetti, chair sans peau, crue","fruits, légumes, légumineuses et oléagineux",légumes,"5,41",5.41,exact
20151,"Piment, cru","fruits, légumes, légumineuses et oléagineux",légumes,"5,75",5.75,exact
20159,"Champignon, oronge vraie, crue","fruits, légumes, légumineuses et oléagineux",légumes,-,,missing
20160,"Champignon, cèpe, cru","fruits, légumes, légumineuses et oléagineux",légumes,2,2,exact
20161,"Champignon, rosé des prés, cru","fruits, légumes, légumineuses et oléagineux",légumes,-,,missing
20162,"Chicorée rouge, crue","fruits, légumes, légumineuses et oléagineux",légumes,"1,6",1.6,exact
20163,"Chicorée verte, crue","fruits, légumes, légumineuses et oléagineux",légumes,"0,5",0.5,exact
20166,"Citrouille, chair sans peau, crue","fruits, légumes, légumineuses et oléagineux",légumes,"5,79",5.79,exact
20167,"Chou chinois pé-tsaï, cru","fruits, légumes, légumineuses et oléagineux",légumes,"2,1",2.1,exact
20168,"Poivron jaune, cru","fruits, légumes, légumineuses et oléagineux",légumes,"4,73",4.73,exact
20171,"Laitue romaine, crue","fruits, légumes, légumineuses et oléagineux",légumes,"1,35",1.35,exact
20172,"Tomate cerise, crue","fruits, légumes, légumineuses et oléagineux",légumes,"5,62",5.62,exact
20173,"Pois mange-tout ou pois gourmand, cru","fruits, légumes, légumineuses et oléagineux",légumes,"6,2",6.2,exact
20181,"Panais, cru","fruits, légumes, légumineuses et oléagineux",légumes,"12,6",12.6,exact
20183,"Graine germée de haricot mungo ou pousse de ""soja"", crue","fruits, légumes, légumineuses et oléagineux",légumes,"3,4",3.4,exact
20192,"Tomate côtelée ou coeur de boeuf, crue","fruits, légumes, légumineuses et oléagineux",légumes,"3,4",3.4,exact
20195,"Haricot beurre, cru","fruits, légumes, légumineuses et oléagineux",légumes,"5,6",5.6,exact
20197,"Salsifis noir, ou scorsonère d'Espagne, cru","fruits, légumes, légumineuses et oléagineux",légumes,"15,3",15.3,exact
20198,"Bambou, pousse, crue","fruits, légumes, légumineuses et oléagineux",légumes,"2,57",2.57,exact
20199,"Cresson alénois, cru","fruits, légumes, légumineuses et oléagineux",légumes,"1,22",1.22,exact
20200,"Laitue iceberg, crue","fruits, légumes, légumineuses et oléagineux",légumes,"2,5",2.5,exact
20201,"Rutabaga, cru","fruits, légumes, légumineuses et oléagineux",légumes,"5,7",5.7,exact
20203,"Haricot beurre, surgelé, cru","fruits, légumes, légumineuses et oléagineux",légumes,"4,59",4.59,exact
20204,"Brocoli, surgelé, cru","fruits, légumes, légumineuses et oléagineux",légumes,"1,5",1.5,exact
20206,"Chou de Bruxelles, surgelé, cru","fruits, légumes, légumineuses et oléagineux",légumes,"4,69",4.69,exact
20208,"Carotte, surgelée, crue","fruits, légumes, légumineuses et oléagineux",légumes,"4,95",4.95,exact
20210,"Concombre, chair sans peau, cru","fruits, légumes, légumineuses et oléagineux",légumes,"2,23",2.23,exact
20214,"Petits pois et carottes, surgelés, crus","fruits, légumes, légumineuses et oléagineux",légumes,"7,1",7.1,exact
20217,"Roquette, crue","fruits, légumes, légumineuses et oléagineux",légumes,"2,1",2.1,exact
20218,"Chou frisé, cru","fruits, légumes, légumineuses et oléagineux",légumes,"4,2",4.2,exact
20228,"Champignon de Paris ou champignon de couche, surgelé, cru","fruits, légumes, légumineuses et oléagineux",légumes,"0,93",0.93,exact
20230,"Courgette, chair et peau, surgelée, crue","fruits, légumes, légumineuses et oléagineux",légumes,2,2,exact
20231,"Crosne, surgelé, cru","fruits, légumes, légumineuses et oléagineux",légumes,"5,51",5.51,exact
20232,"Artichaut, fond, surgelé, cru","fruits, légumes, légumineuses et oléagineux",légumes,"7,02",7.02,exact
20233,"Maïs doux, surgelé, cru","fruits, légumes, légumineuses et oléagineux",légumes,"19,8",19.8,exact
20234,"Navet, surgelé, cru","fruits, légumes, légumineuses et oléagineux",légumes,"2,8",2.8,exact
20235,"Oignon, surgelé, cru","fruits, légumes, légumineuses et oléagineux",légumes,"5,22",5.22,exact
20236,"Poireau, surgelé, cru","fruits, légumes, légumineuses et oléagineux",légumes,"3,37",3.37,exact
20237,"Salsifis, surgelé, cru","fruits, légumes, légumineuses et oléagineux",légumes,"4,68",4.68,exact
20238,"Oignon rouge, cru","fruits, légumes, légumineuses et oléagineux",légumes,"5,63",5.63,exact
20239,"Oignon jaune, cru","fruits, légumes, légumineuses et oléagineux",légumes,"6,39",6.39,exact
20263,"Légumes pour potages, surgelés, crus","fruits, légumes, légumineuses et oléagineux",légumes,"5,83",5.83,exact
20265,"Julienne ou brunoise de légumes, surgelée, crue","fruits, légumes, légumineuses et oléagineux",légumes,"4,08",4.08,exact
20266,"Légumes pour ratatouille, surgelés","fruits, légumes, légumineuses et oléagineux",légumes,"3,23",3.23,exact
20267,"Printanière ou jardinière de légumes, surgelée, crue (petits pois, pommes de terre, haricots verts, carottes, oignon)","fruits, légumes, légumineuses et oléagineux",légumes,"8,48",8.48,exact
20269,"Haricot plat, cru","fruits, légumes, légumineuses et oléagineux",légumes,"4,47",4.47,exact
20270,"Épinard, jeunes pousses pour salades, cru","fruits, légumes, légumineuses et oléagineux",légumes,traces,0,traces
20272,"Mesclun ou salade, mélange de jeunes pousses","fruits, légumes, légumineuses et oléagineux",légumes,"2,5",2.5,exact
20276,"Tomate ronde, crue","fruits, légumes, légumineuses et oléagineux",légumes,"3,42",3.42,exact
20279,"Asperge, verte, crue","fruits, légumes, légumineuses et oléagineux",légumes,"2,03",2.03,exact
20280,"Chou romanesco ou brocoli à pomme, cru","fruits, légumes, légumineuses et oléagineux",légumes,"2,2",2.2,exact
20282,"Asperge, blanche ou violette, pelée, crue","fruits, légumes, légumineuses et oléagineux",légumes,"1,62",1.62,exact
20283,"Salicorne (Salicornia sp.), crue","fruits, légumes, légumineuses et oléagineux",légumes,"0,98",0.98,exact
20288,"Salade sucrine, crue","fruits, légumes, légumineuses et oléagineux",légumes,"2,58",2.58,exact
20295,"Salade feuille de chêne, crue","fruits, légumes, légumineuses et oléagineux",légumes,"1,03",1.03,exact
20340,"Chou chinois pak choï ou pak choy (feuilles vertes ressemblant à des blettes), cru","fruits, légumes, légumineuses et oléagineux",légumes,"1,2",1.2,exact
20343,"Tomate marmande, crue","fruits, légumes, légumineuses et oléagineux",légumes,"2,81",2.81,exact
20344,"Tomate noire de Crimée, crue","fruits, légumes, légumineuses et oléagineux",légumes,"3,08",3.08,exact
20345,"Tomate allongée, crue","fruits, légumes, légumineuses et oléagineux",légumes,"3,29",3.29,exact
20346,"Chou kale, cru","fruits, légumes, légumineuses et oléagineux",légumes,"0,32",0.32,exact
20347,"Moringa, gousse, cru","fruits, légumes, légumineuses et oléagineux",légumes,"5,33",5.33,exact
20348,"Moringa, feuille, cru","fruits, légumes, légumineuses et oléagineux",légumes,"6,28",6.28,exact
20385,"Tomate sans précision, crue (aliment moyen)","fruits, légumes, légumineuses et oléagineux",légumes,"3,69",3.69,exact
20496,"Légumes pour couscous, surgelés, crus","fruits, légumes, légumineuses et oléagineux",légumes,"6,47",6.47,exact
20521,"Graine germée de lentille, fraîche, crue","fruits, légumes, légumineuses et oléagineux",légumes,19,19,exact
20584,"Tomate grappe, crue","fruits, légumes, légumineuses et oléagineux",légumes,"3,67",3.67,exact
25604,"Salade verte, crue, sans assaisonnement","fruits, légumes, légumineuses et oléagineux",légumes,"1,5",1.5,exact
25616,"Crudité, sans assaisonnement (aliment moyen)","fruits, légumes, légumineuses et oléagineux",légumes,"3,06",3.06,exact
53100,"Banane plantain, crue","fruits, légumes, légumineuses et oléagineux",légumes,"29,6",29.6,exact
58100,"Gombo, fruit, cru","fruits, légumes, légumineuses et oléagineux",légumes,"3,8",3.8,exact
13177,"Chayote ou christophine ou chouchou, bouillie/cuite à l'eau","fruits, légumes, légumineuses et oléagineux",légumes,"2,29",2.29,exact
19999,"Poivron, vert, jaune ou rouge, cuit (aliment moyen)","fruits, légumes, légumineuses et oléagineux",légumes,"5,42",5.42,exact
20000,"Artichaut, cuit","fruits, légumes, légumineuses et oléagineux",légumes,"0,99",0.99,exact
20002,"Aubergine, cuite","fruits, légumes, légumineuses et oléagineux",légumes,"4,17",4.17,exact
20003,"Betterave rouge, cuite","fruits, légumes, légumineuses et oléagineux",légumes,"7,13",7.13,exact
20005,"Bette ou blette, côte (sans feuille), cuite","fruits, légumes, légumineuses et oléagineux",légumes,"1,23",1.23,exact
20007,"Carotte, appertisée, égouttée","fruits, légumes, légumineuses et oléagineux",légumes,"3,29",3.29,exact
20011,"Champignon, tout type, appertisé, égoutté","fruits, légumes, légumineuses et oléagineux",légumes,"2,56",2.56,exact
20015,"Chou vert, cuit","fruits, légumes, légumineuses et oléagineux",légumes,"3,04",3.04,exact
20017,"Chou-fleur, bouilli/cuit à l'eau","fruits, légumes, légumineuses et oléagineux",légumes,"1,6",1.6,exact
20018,"Coeur de palmier, appertisé, égoutté","fruits, légumes, légumineuses et oléagineux",légumes,"5,5",5.5,exact
20021,"Courgette, chair et peau, cuite","fruits, légumes, légumineuses et oléagineux",légumes,"1,4",1.4,exact
20025,"Céleri-rave, cuit","fruits, légumes, légumineuses et oléagineux",légumes,"4,6",4.6,exact
20027,"Épinard, cuit","fruits, légumes, légumineuses et oléagineux",légumes,"0,25",0.25,exact
20029,"Graine germée de haricot mungo ou pousse de ""soja"", appertisée, égouttée","fruits, légumes, légumineuses et oléagineux",légumes,"2,57",2.57,exact
20030,"Haricot vert, cuit","fruits, légumes, légumineuses et oléagineux",légumes,3,3,exact
20033,"Navet, cuit","fruits, légumes, légumineuses et oléagineux",légumes,"3,8",3.8,exact
20035,"Oignon, cuit","fruits, légumes, légumineuses et oléagineux",légumes,"6,2",6.2,exact
20036,"Petits pois, appertisés, égouttés","fruits, légumes, légumineuses et oléagineux",légumes,"13,7",13.7,exact
20037,"Petits pois, cuits","fruits, légumes, légumineuses et oléagineux",légumes,"4,7",4.7,exact
20040,"Poireau, cuit","fruits, légumes, légumineuses et oléagineux",légumes,-,,missing
20046,"Salsifis, cuit","fruits, légumes, légumineuses et oléagineux",légumes,"12,3",12.3,exact
20048,"Tomate, pelée, appertisée, égouttée","fruits, légumes, légumineuses et oléagineux",légumes,"1,61",1.61,exact
20049,"Maïs doux, en épis, cuit","fruits, légumes, légumineuses et oléagineux",légumes,"18,6",18.6,exact
20051,"Macédoine de légumes, appertisée, égouttée","fruits, légumes, légumineuses et oléagineux",légumes,"5,59",5.59,exact
20060,"Épinard, appertisé, égoutté","fruits, légumes, légumineuses et oléagineux",légumes,"0,93",0.93,exact
20062,"Haricot vert, appertisé, égoutté","fruits, légumes, légumineuses et oléagineux",légumes,"2,07",2.07,exact
20063,"Haricot beurre, appertisé, égoutté","fruits, légumes, légumineuses et oléagineux",légumes,"3,25",3.25,exact
20066,"Maïs doux, appertisé, égoutté","fruits, légumes, légumineuses et oléagineux",légumes,"18,3",18.3,exact
20067,"Artichaut, appertisé, égoutté","fruits, légumes, légumineuses et oléagineux",légumes,"6,5",6.5,exact
20068,"Tomate, concentré, appertisé","fruits, légumes, légumineuses et oléagineux",légumes,"17,1",17.1,exact
20071,"Haricot vert, surgelé, cuit","fruits, légumes, légumineuses et oléagineux",légumes,"5,1",5.1,exact
20074,"Artichaut, cuit à la vapeur sous pression","fruits, légumes, légumineuses et oléagineux",légumes,"3,24",3.24,exact
20076,"Asperge, appertisée, égouttée","fruits, légumes, légumineuses et oléagineux",légumes,"1,2",1.2,exact
20077,"Chou de Bruxelles, appertisé, égoutté","fruits, légumes, légumineuses et oléagineux",légumes,"4,1",4.1,exact
20078,"Céleri branche, appertisé, égoutté","fruits, légumes, légumineuses et oléagineux",légumes,"1,38",1.38,exact
20079,"Champignon de Paris ou champignon de couche, appertisé, égoutté","fruits, légumes, légumineuses et oléagineux",légumes,"0,64",0.64,exact
20081,"Salsifis, appertisé, égoutté","fruits, légumes, légumineuses et oléagineux",légumes,"4,33",4.33,exact
20086,"Poivron vert, cuit","fruits, légumes, légumineuses et oléagineux",légumes,"2,36",2.36,exact
20088,"Poivron rouge, cuit","fruits, légumes, légumineuses et oléagineux",légumes,"6,41",6.41,exact
20093,"Petits pois et carottes, appertisés, égouttés","fruits, légumes, légumineuses et oléagineux",légumes,"8,58",8.58,exact
20094,"Chou-rave, bouilli/cuit à l'eau","fruits, légumes, légumineuses et oléagineux",légumes,"4,4",4.4,exact
20095,"Chou rouge, bouilli/cuit à l'eau","fruits, légumes, légumineuses et oléagineux",légumes,"3,32",3.32,exact
20096,"Potiron, cuit","fruits, légumes, légumineuses et oléagineux",légumes,"4,47",4.47,exact
20102,"Champignon de Paris ou champignon de couche, bouilli/cuit à l'eau","fruits, légumes, légumineuses et oléagineux",légumes,3,3,exact
20118,"Fenouil, bouilli/cuit à l'eau","fruits, légumes, légumineuses et oléagineux",légumes,"0,8",0.8,exact
20124,"Petits pois, surgelés, cuits","fruits, légumes, légumineuses et oléagineux",légumes,"7,95",7.95,exact
20125,"Champignon de Paris ou champignon de couche, sauté/poêlé, sans matière grasse","fruits, légumes, légumineuses et oléagineux",légumes,"4,53",4.53,exact
20135,"Fondue de poireau, préemballée","fruits, légumes, légumineuses et oléagineux",légumes,-,,missing
20137,"Tomate, pelée, appertisée, au jus, non égouttée","fruits, légumes, légumineuses et oléagineux",légumes,"3,15",3.15,exact
20141,"Courge butternut (doubeurre), chair sans peau, bouillie/cuite à l'eau","fruits, légumes, légumineuses et oléagineux",légumes,"4,56",4.56,exact
20143,"Courge spaghetti, chair sans peau, cuite","fruits, légumes, légumineuses et oléagineux",légumes,"5,06",5.06,exact
20155,"Artichaut, coeur, appertisé, égoutté","fruits, légumes, légumineuses et oléagineux",légumes,"2,31",2.31,exact
20156,"Artichaut, fond, appertisé, égoutté","fruits, légumes, légumineuses et oléagineux",légumes,"3,02",3.02,exact
20158,"Tétragone cornue, cuite","fruits, légumes, légumineuses et oléagineux",légumes,1,1,exact
20165,"Rutabaga, cuit","fruits, légumes, légumineuses et oléagineux",légumes,"4,26",4.26,exact
20169,"Tomate, chair, appertisée","fruits, légumes, légumineuses et oléagineux",légumes,"3,63",3.63,exact
20170,"Tomate, purée, appertisée","fruits, légumes, légumineuses et oléagineux",légumes,"8,42",8.42,exact
20188,"Bambou, pousses, appertisées, égouttées","fruits, légumes, légumineuses et oléagineux",légumes,"1,9",1.9,exact
20212,"Champignon, lentin comestible ou shiitaké, cuit","fruits, légumes, légumineuses et oléagineux",légumes,"12,3",12.3,exact
20216,"Pois mange-tout ou pois gourmand, bouilli/cuit à l'eau","fruits, légumes, légumineuses et oléagineux",légumes,"3,39",3.39,exact
20219,"Chou frisé, cuit","fruits, légumes, légumineuses et oléagineux",légumes,"3,63",3.63,exact
20221,"Chou chinois pé-tsaï, sauté/poêlé","fruits, légumes, légumineuses et oléagineux",légumes,"2,77",2.77,exact
20241,"Cardon, cuit","fruits, légumes, légumineuses et oléagineux",légumes,"3,63",3.63,exact
20242,"Tomate, chair et peau, bouillie/cuite à l'eau","fruits, légumes, légumineuses et oléagineux",légumes,"2,8",2.8,exact
20243,"Pois mange-tout ou pois gourmands, cuits","fruits, légumes, légumineuses et oléagineux",légumes,"5,92",5.92,exact
20255,"Échalote, cuite","fruits, légumes, légumineuses et oléagineux",légumes,"13,5",13.5,exact
20257,"Haricots verts, purée","fruits, légumes, légumineuses et oléagineux",légumes,"4,2",4.2,exact
20258,"Légumes (3-4 sortes en mélange), purée","fruits, légumes, légumineuses et oléagineux",légumes,"4,25",4.25,exact
20259,"Brocoli, purée","fruits, légumes, légumineuses et oléagineux",légumes,"2,75",2.75,exact
20260,"Tomate, coulis, appertisé (purée de tomates mi-réduite à 11%)","fruits, légumes, légumineuses et oléagineux",légumes,"7,57",7.57,exact
20261,"Carotte, purée","fruits, légumes, légumineuses et oléagineux",légumes,"5,06",5.06,exact
20264,"Courgette, purée","fruits, légumes, légumineuses et oléagineux",légumes,"6,5",6.5,exact
20268,"Tomate, double concentré, appertisé","fruits, légumes, légumineuses et oléagineux",légumes,"19,3",19.3,exact
20271,"Macédoine de légumes, précuite, à finir de cuire, surgelée","fruits, légumes, légumineuses et oléagineux",légumes,"7,5",7.5,exact
20275,"Poivron rouge, appertisé, égoutté","fruits, légumes, légumineuses et oléagineux",légumes,"4,5",4.5,exact
20277,"Asperge blanche, bouillie/cuite à l'eau","fruits, légumes, légumineuses et oléagineux",légumes,"1,63",1.63,exact
20278,"Céleri-rave, purée","fruits, légumes, légumineuses et oléagineux",légumes,"2,83",2.83,exact
20284,"Petits pois, purée","fruits, légumes, légumineuses et oléagineux",légumes,8,8,exact
20289,"Tomate, chair et peau, rôtie/cuite au four","fruits, légumes, légumineuses et oléagineux",légumes,"3,53",3.53,exact
20290,"Chou romanesco ou brocoli à pomme, cuit","fruits, légumes, légumineuses et oléagineux",légumes,"2,03",2.03,exact
20291,"Potimarron, chair sans peau, cuit à l'étouffée","fruits, légumes, légumineuses et oléagineux",légumes,"7,05",7.05,exact
20292,"Courge butternut (doubeurre), chair sans peau, cuite","fruits, légumes, légumineuses et oléagineux",légumes,"5,24",5.24,exact
20298,"Carotte, purée cuisinée à la crème, préemballée","fruits, légumes, légumineuses et oléagineux",légumes,"4,57",4.57,exact
20299,"Asperge verte, bouillie/cuite à l'eau","fruits, légumes, légumineuses et oléagineux",légumes,"1,73",1.73,exact
20300,"Aubergine, chair et peau, rôtie/cuite au four","fruits, légumes, légumineuses et oléagineux",légumes,"3,83",3.83,exact
20301,"Bette ou blette, côte et feuille, bouillie/cuite à l'eau","fruits, légumes, légumineuses et oléagineux",légumes,"1,43",1.43,exact
20302,"Brocoli, bouilli/cuit à l'eau, croquant","fruits, légumes, légumineuses et oléagineux",légumes,"1,23",1.23,exact
20303,"Brocoli, bouilli/cuit à l'eau, fondant","fruits, légumes, légumineuses et oléagineux",légumes,"1,03",1.03,exact
20304,"Brocoli, cuit à la vapeur","fruits, légumes, légumineuses et oléagineux",légumes,"2,53",2.53,exact
20305,"Carotte, bouillie/cuite à l'eau, croquante","fruits, légumes, légumineuses et oléagineux",légumes,"6,33",6.33,exact
20306,"Carotte, bouillie/cuite à l'eau, fondante","fruits, légumes, légumineuses et oléagineux",légumes,"5,73",5.73,exact
20307,"Carotte, cuite à la vapeur","fruits, légumes, légumineuses et oléagineux",légumes,"7,33",7.33,exact
20308,"Chou blanc, bouilli/cuit à l'eau","fruits, légumes, légumineuses et oléagineux",légumes,"3,23",3.23,exact
20309,"Chou de Bruxelles, bouilli/cuit à l'eau","fruits, légumes, légumineuses et oléagineux",légumes,"5,4",5.4,exact
20310,"Chou rouge, cuit à l'étouffée","fruits, légumes, légumineuses et oléagineux",légumes,"5,7",5.7,exact
20311,"Chou vert, bouilli/cuit à l'eau","fruits, légumes, légumineuses et oléagineux",légumes,"1,83",1.83,exact
20312,"Chou-fleur, cuit à la vapeur","fruits, légumes, légumineuses et oléagineux",légumes,"3,41",3.41,exact
20313,"Courgette, chair et peau, rôtie/cuite au four","fruits, légumes, légumineuses et oléagineux",légumes,"3,13",3.13,exact
20314,"Céleri branche, cuit à l'étouffée","fruits, légumes, légumineuses et oléagineux",légumes,"2,48",2.48,exact
20315,"Céleri rave, bouilli/cuit à l'eau","fruits, légumes, légumineuses et oléagineux",légumes,"4,32",4.32,exact
20316,"Endive, rôtie/cuite au four","fruits, légumes, légumineuses et oléagineux",légumes,"4,38",4.38,exact
20317,"Fenouil, cuit à l'étouffée","fruits, légumes, légumineuses et oléagineux",légumes,"1,94",1.94,exact
20318,"Haricot beurre, bouilli/cuit à l'eau","fruits, légumes, légumineuses et oléagineux",légumes,"4,45",4.45,exact
20320,"Haricot vert, bouilli/cuit à l'eau","fruits, légumes, légumineuses et oléagineux",légumes,"3,39",3.39,exact
20321,"Navet, bouilli/cuit à l'eau","fruits, légumes, légumineuses et oléagineux",légumes,"3,23",3.23,exact
20322,"Oignon blanc ou jaune, sauté/poêlé sans matière grasse","fruits, légumes, légumineuses et oléagineux",légumes,"6,73",6.73,exact
20323,"Oignon nouveau ou oignon frais ou cébette, sauté/poêlé sans matière grasse","fruits, légumes, légumineuses et oléagineux",légumes,"3,56",3.56,exact
20324,"Oignon rouge, sauté/poêlé","fruits, légumes, légumineuses et oléagineux",légumes,"7,55",7.55,exact
20325,"Panais, cuit à l'étouffée","fruits, légumes, légumineuses et oléagineux",légumes,"16,6",16.6,exact
20326,"Petits pois, bouillis/cuits à l'eau","fruits, légumes, légumineuses et oléagineux",légumes,"9,93",9.93,exact
20327,"Poireau, bouilli/cuit à l'eau","fruits, légumes, légumineuses et oléagineux",légumes,"2,23",2.23,exact
20328,"Poivron jaune, sauté/poêlé","fruits, légumes, légumineuses et oléagineux",légumes,"5,33",5.33,exact
20329,"Poivron rouge, sauté/poêlé","fruits, légumes, légumineuses et oléagineux",légumes,"6,53",6.53,exact
20330,"Poivron vert, sauté/poêlé","fruits, légumes, légumineuses et oléagineux",légumes,"3,53",3.53,exact
20331,"Potimarron, chair sans peau, bouilli/cuit à l'eau","fruits, légumes, légumineuses et oléagineux",légumes,"6,88",6.88,exact
20332,"Potiron, rôti/cuit au four","fruits, légumes, légumineuses et oléagineux",légumes,"5,66",5.66,exact
20333,"Salsifis, bouilli/cuit à l'eau","fruits, légumes, légumineuses et oléagineux",légumes,"9,29",9.29,exact
20335,"Échalote, sautée/poêlée sans matière grasse","fruits, légumes, légumineuses et oléagineux",légumes,"12,3",12.3,exact
20336,"Épinard, bouilli/cuit à l'eau","fruits, légumes, légumineuses et oléagineux",légumes,traces,0,traces
20339,"Chou chinois pak choï ou pak choy (feuilles vertes ressemblant à des blettes), cuit","fruits, légumes, légumineuses et oléagineux",légumes,"0,78",0.78,exact
20349,"Asperge, bouillie/cuite à l'eau (aliment moyen)","fruits, légumes, légumineuses et oléagineux",légumes,"1,67",1.67,exact
20350,"Brocoli, bouilli/cuit à l'eau (aliment moyen)","fruits, légumes, légumineuses et oléagineux",légumes,"1,03",1.03,exact
20351,"Brocoli, cuit (aliment moyen)","fruits, légumes, légumineuses et oléagineux",légumes,"1,79",1.79,exact
20352,"Carotte, bouillie/cuite à l'eau (aliment moyen)","fruits, légumes, légumineuses et oléagineux",légumes,"5,73",5.73,exact
20353,"Carotte, cuite (aliment moyen)","fruits, légumes, légumineuses et oléagineux",légumes,"6,24",6.24,exact
20354,"Céleri branche, cuit (aliment moyen)","fruits, légumes, légumineuses et oléagineux",légumes,"1,38",1.38,exact
20355,"Chou rouge, cuit (aliment moyen)","fruits, légumes, légumineuses et oléagineux",légumes,"5,13",5.13,exact
20356,"Fenouil, cuit (aliment moyen)","fruits, légumes, légumineuses et oléagineux",légumes,"1,8",1.8,exact
20357,"Potimarron, chair sans peau, cuit (aliment moyen)","fruits, légumes, légumineuses et oléagineux",légumes,"6,88",6.88,exact
20358,"Tomate, chair et peau, cuite (aliment moyen)","fruits, légumes, légumineuses et oléagineux",légumes,"3,06",3.06,exact
20497,"Légumes pour couscous, cuits","fruits, légumes, légumineuses et oléagineux",légumes,"3,87",3.87,exact
20499,Légume cuit (aliment moyen),"fruits, légumes, légumineuses et oléagineux",légumes,"3,67",3.67,exact
20590,"Crosne, cuit","fruits, légumes, légumineuses et oléagineux",légumes,"9,11",9.11,exact
58103,"Gombo, fruit, cuit","fruits, légumes, légumineuses et oléagineux",légumes,"2,01",2.01,exact
20092,"Carotte, déshydratée","fruits, légumes, légumineuses et oléagineux",légumes,56,56,exact
20180,"Oignon, séché","fruits, légumes, légumineuses et oléagineux",légumes,"74,1",74.1,exact
20189,"Tomate, séchée","fruits, légumes, légumineuses et oléagineux",légumes,"43,5",43.5,exact
20202,"Champignon noir, séché","fruits, légumes, légumineuses et oléagineux",légumes,-,,missing
20211,"Champignon, lentin comestible ou shiitaké, séché","fruits, légumes, légumineuses et oléagineux",légumes,"63,9",63.9,exact
20256,"Tomate, séchée, à l'huile","fruits, légumes, légumineuses et oléagineux",légumes,"7,98",7.98,exact
20800,"Banane jaune, chair sans peau, cuite à la vapeur, prélevée à la Martinique","fruits, légumes, légumineuses et oléagineux",légumes,-,,missing
20801,"Chips de chair de giraumon (variété locale), prélevé à la Martinique","fruits, légumes, légumineuses et oléagineux",légumes,"12,3",12.3,exact
20802,"Chips de chair de giraumon (variété phoenix), prélevé à la Martinique","fruits, légumes, légumineuses et oléagineux",légumes,"13,9",13.9,exact
20803,"Chou dur ou chou caraïbe ou macabo, pulpe, cuit à la vapeur, prélevé à la Martinique","fruits, légumes, légumineuses et oléagineux",légumes,-,,missing
20804,"Chayote ou christophine ou chouchou à peau blanche, chair sans peau, sans noyau, cuite à la vapeur, prélevée à la Martinique","fruits, légumes, légumineuses et oléagineux",légumes,"5,93",5.93,exact
20805,"Chayote ou christophine ou chouchou à peau verte, chair sans peau, sans noyau, cuite à la vapeur, prélevée à la Martinique","fruits, légumes, légumineuses et oléagineux",légumes,"4,6",4.6,exact
20806,"Chayote ou christophine ou chouchou à peau blanche, chaire sans peau, sans noyau, appertisée, non égouttée, prélevée à la Martinique","fruits, légumes, légumineuses et oléagineux",légumes,-,,missing
20807,"Chayote ou christophine ou chouchou, chair et peau, sans noyau, cuite à la vapeur, surgelée, prélevée à la Martinique","fruits, légumes, légumineuses et oléagineux",légumes,-,,missing
20808,"Concombre, chair sans peau, avec pépins, cru, prélevé à la Martinique","fruits, légumes, légumineuses et oléagineux",légumes,-,,missing
20809,"Concombre, chair et peau, cru, prélevé à la Martinique","fruits, légumes, légumineuses et oléagineux",légumes,-,,missing
20810,"Cresson, feuille, cru, prélevé à la Martinique","fruits, légumes, légumineuses et oléagineux",légumes,traces,0,traces
20811,"Dachine, pulpe, cuit à la vapeur, prélevé à la Martinique","fruits, légumes, légumineuses et oléagineux",légumes,-,,missing
20812,"Farine de pulpe de patate douce, prélevée à la Martinique","fruits, légumes, légumineuses et oléagineux",légumes,"50,1",50.1,exact
20813,"Fruit à pain, chair sans peau, cuit à la vapeur, prélevé à la Martinique","fruits, légumes, légumineuses et oléagineux",légumes,21,21,exact
20814,"Giraumon (variété locale), chair sans peau, cuit à la vapeur, prélevé à la Martinique","fruits, légumes, légumineuses et oléagineux",légumes,"4,51",4.51,exact
20815,"Giraumon (variété locale), chair sans peau, cuit à la vapeur, surgelé, prélevé à la Martinique","fruits, légumes, légumineuses et oléagineux",légumes,"3,75",3.75,exact
20816,"Giraumon (variété locale), chair sans peau, râpé, cru, prélevé à la Martinique","fruits, légumes, légumineuses et oléagineux",légumes,"2,42",2.42,exact
20817,"Giraumon (variété phoenix), chair sans peau, cuit à la vapeur, prélevé à la Martinique","fruits, légumes, légumineuses et oléagineux",légumes,"5,62",5.62,exact
20818,"Giraumon (variété phoenix), chair sans peau, râpé, cru, prélevé à la Martinique","fruits, légumes, légumineuses et oléagineux",légumes,"3,51",3.51,exact
20819,"Giraumon (variété phoenix), chair sans peau, surgelé, cuit à la vapeur, prélevé à la Martinique","fruits, légumes, légumineuses et oléagineux",légumes,"4,37",4.37,exact
20820,"Gombo, entier, appertisé, non égoutté, prélevé à la Martinique","fruits, légumes, légumineuses et oléagineux",légumes,-,,missing
20821,"Gombo, entier, cuit à la vapeur, prélevé à la Martinique","fruits, légumes, légumineuses et oléagineux",légumes,"4,69",4.69,exact
20822,"Gombo, sans pédoncule, blanchi, surgelé, prélevé à la Martinique","fruits, légumes, légumineuses et oléagineux",légumes,"5,28",5.28,exact
20823,"Igname cousse-couche, pulpe, cuit à la vapeur, prélevé à la Martinique","fruits, légumes, légumineuses et oléagineux",légumes,"17,9",17.9,exact
20824,"Igname jaune, pulpe, cuit à la vapeur, prélevé à la Martinique","fruits, légumes, légumineuses et oléagineux",légumes,"27,6",27.6,exact
20825,"Igname saint martin, pulpe, cuit à la vapeur, prélevé à la Martinique","fruits, légumes, légumineuses et oléagineux",légumes,"18,4",18.4,exact
20826,"Topinambour, pulpe, cuit à la vapeur, prélevé à la Martinique","fruits, légumes, légumineuses et oléagineux",légumes,-,,missing
20827,"Kamanioc, pulpe, cuit à la vapeur, prélevé à la Martinique","fruits, légumes, légumineuses et oléagineux",légumes,-,,missing
20828,"Massissi, chair, cru, prélevé à la Martinique","fruits, légumes, légumineuses et oléagineux",légumes,-,,missing
20829,"Papaye verte, chair sans peau, crue, prélevée à la Martinique","fruits, légumes, légumineuses et oléagineux",légumes,-,,missing
20830,"Papaye verte, chair sans peau, cuite à la vapeur, prélevée à la Martinique","fruits, légumes, légumineuses et oléagineux",légumes,-,,missing
20831,"Patate douce, pulpe, blanchie, surgelée, prélevée à la Martinique","fruits, légumes, légumineuses et oléagineux",légumes,-,,missing
20832,"Patate douce, pulpe, cuite à la vapeur, prélevée à la Martinique","fruits, légumes, légumineuses et oléagineux",légumes,"25,2",25.2,exact
20833,"Pois d'Angole, entier, cuit à la vapeur, prélevé à la Martinique","fruits, légumes, légumineuses et oléagineux",légumes,"11,1",11.1,exact
20834,"Ti nain, chair sans peau, cuit à la vapeur, prélevé à la Martinique","fruits, légumes, légumineuses et oléagineux",légumes,-,,missing
20835,"Tomate, entière, crue, prélevée à la Martinique","fruits, légumes, légumineuses et oléagineux",légumes,-,,missing
54500,"Fruit à pain, cru","fruits, légumes, légumineuses et oléagineux",légumes,"22,2",22.2,exact
20296,"Brèdes chou de Chine ou bok choy ou pak choï, tiges et feuilles, cuites à la vapeur, prélevées à La Réunion (Brassica rapa subsp. Chinensis)","fruits, légumes, légumineuses et oléagineux",légumes,"1,7",1.7,exact
20297,"Chayote ou christophine ou chouchou, chair sans peau, sans noyau, cuite à la vapeur, prélevée à La Réunion (Sechium edule)","fruits, légumes, légumineuses et oléagineux",légumes,"3,5",3.5,exact
4000,"Tapioca ou perles du Japon, cru","fruits, légumes, légumineuses et oléagineux",pommes de terre et autres tubercules,"87,8",87.8,exact
4002,"Pomme de terre, sans peau, rôtie/cuite au four","fruits, légumes, légumineuses et oléagineux",pommes de terre et autres tubercules,"20,1",20.1,exact
4003,"Pomme de terre, bouillie/cuite à l'eau","fruits, légumes, légumineuses et oléagineux",pommes de terre et autres tubercules,"16,8",16.8,exact
4004,Chips de pommes de terre nature ou aromatisées,"fruits, légumes, légumineuses et oléagineux",pommes de terre et autres tubercules,51,51,exact
4007,"Pomme de terre nouvelle ou primeur, bouillie/cuite à l'eau","fruits, légumes, légumineuses et oléagineux",pommes de terre et autres tubercules,15,15,exact
4008,"Pomme de terre, sans peau, crue","fruits, légumes, légumineuses et oléagineux",pommes de terre et autres tubercules,"16,2",16.2,exact
4011,"Pomme de terre, appertisée, égouttée","fruits, légumes, légumineuses et oléagineux",pommes de terre et autres tubercules,"10,7",10.7,exact
4013,"Pomme de terre noisette, surgelée, à cuire","fruits, légumes, légumineuses et oléagineux",pommes de terre et autres tubercules,"25,3",25.3,exact
4014,"Pomme de terre vapeur, sous vide","fruits, légumes, légumineuses et oléagineux",pommes de terre et autres tubercules,"15,8",15.8,exact
4015,"Pomme de terre poêlée, avec matière grasse","fruits, légumes, légumineuses et oléagineux",pommes de terre et autres tubercules,"17,3",17.3,exact
4016,"Flocons de pomme de terre, au lait ou à la crème, déshydratés","fruits, légumes, légumineuses et oléagineux",pommes de terre et autres tubercules,71,71,exact
4017,"Purée de pomme de terre, à base de flocons, reconstituée avec lait entier et matière grasse","fruits, légumes, légumineuses et oléagineux",pommes de terre et autres tubercules,"12,6",12.6,exact
4018,"Purée de pomme de terre, avec lait et beurre, sans sel ajouté","fruits, légumes, légumineuses et oléagineux",pommes de terre et autres tubercules,"15,7",15.7,exact
4019,"Purée de pomme de terre, à base de flocons, reconstituée avec lait demi-écrémé et eau, non salée","fruits, légumes, légumineuses et oléagineux",pommes de terre et autres tubercules,"12,4",12.4,exact
4020,"Pomme de terre dauphine, surgelée, à cuire","fruits, légumes, légumineuses et oléagineux",pommes de terre et autres tubercules,"19,7",19.7,exact
4021,"Pomme de terre dauphine, surgelée, cuite","fruits, légumes, légumineuses et oléagineux",pommes de terre et autres tubercules,"30,2",30.2,exact
4022,"Flocons de pomme de terre, nature, déshydratés","fruits, légumes, légumineuses et oléagineux",pommes de terre et autres tubercules,"73,5",73.5,exact
4023,"Pomme de terre nouvelle ou primeur, crue","fruits, légumes, légumineuses et oléagineux",pommes de terre et autres tubercules,"15,8",15.8,exact
4025,"Potatoes ou wedges ou quartiers de pommes de terre épicés, surgelées, cuites","fruits, légumes, légumineuses et oléagineux",pommes de terre et autres tubercules,"25,3",25.3,exact
4026,"Pomme de terre, rôtie/cuite au four","fruits, légumes, légumineuses et oléagineux",pommes de terre et autres tubercules,19,19,exact
4027,"Pomme de terre sautée/poêlée/rissolée, préfrite, surgelée, cuite","fruits, légumes, légumineuses et oléagineux",pommes de terre et autres tubercules,23,23,exact
4028,"Pomme de terre de conservation, sans peau, bouillie/cuite à l'eau","fruits, légumes, légumineuses et oléagineux",pommes de terre et autres tubercules,"15,4",15.4,exact
4029,"Pomme de terre nouvelle ou primeur, bouillie/cuite à l'eau, sans peau","fruits, légumes, légumineuses et oléagineux",pommes de terre et autres tubercules,"14,9",14.9,exact
4030,"Frites de pommes de terre, surgelées, rôties/cuites au four","fruits, légumes, légumineuses et oléagineux",pommes de terre et autres tubercules,"32,6",32.6,exact
4032,"Frites de pommes de terre, surgelées, cuites en friteuse","fruits, légumes, légumineuses et oléagineux",pommes de terre et autres tubercules,"32,7",32.7,exact
4034,"Pomme de terre duchesse, surgelée, cuite","fruits, légumes, légumineuses et oléagineux",pommes de terre et autres tubercules,"29,6",29.6,exact
4035,"Pomme de terre noisette, surgelée, cuite","fruits, légumes, légumineuses et oléagineux",pommes de terre et autres tubercules,"28,4",28.4,exact
4036,Pomme de terre sautée/poêlée/rissolée à la graisse de canard,"fruits, légumes, légumineuses et oléagineux",pommes de terre et autres tubercules,"20,8",20.8,exact
4037,"Chips de pommes de terre nature ou aromatisées, à l'ancienne","fruits, légumes, légumineuses et oléagineux",pommes de terre et autres tubercules,"46,7",46.7,exact
4038,"Chips de pommes de terre nature ou aromatisées, allégées en matière grasse (et assimilés )","fruits, légumes, légumineuses et oléagineux",pommes de terre et autres tubercules,"61,4",61.4,exact
4039,Rostis ou galette de pomme de terre,"fruits, légumes, légumineuses et oléagineux",pommes de terre et autres tubercules,"22,5",22.5,exact
4040,"Purée de pomme de terre, avec lait et beurre, salée","fruits, légumes, légumineuses et oléagineux",pommes de terre et autres tubercules,"11,3",11.3,exact
4042,"Pomme de terre duchesse, surgelée, à cuire","fruits, légumes, légumineuses et oléagineux",pommes de terre et autres tubercules,"21,4",21.4,exact
4043,"Pomme de terre sautée/poêlée/rissolée, préfrite, surgelée, à cuire","fruits, légumes, légumineuses et oléagineux",pommes de terre et autres tubercules,"20,4",20.4,exact
4044,"Frites de pommes de terre, surgelées, préfrites, pour cuisson au four","fruits, légumes, légumineuses et oléagineux",pommes de terre et autres tubercules,21,21,exact
4045,"Frites de pommes de terre, surgelées, préfrites, pour cuisson micro-onde","fruits, légumes, légumineuses et oléagineux",pommes de terre et autres tubercules,"27,2",27.2,exact
4046,"Frites de pommes de terre, surgelées, préfrites, pour cuisson en friteuse","fruits, légumes, légumineuses et oléagineux",pommes de terre et autres tubercules,"29,1",29.1,exact
4047,Purée de pomme de terre (aliment moyen),"fruits, légumes, légumineuses et oléagineux",pommes de terre et autres tubercules,13,13,exact
4048,"Pomme de terre, cuite (aliment moyen)","fruits, légumes, légumineuses et oléagineux",pommes de terre et autres tubercules,"17,2",17.2,exact
4049,"Croquette de pomme de terre, surgelée, à cuire","fruits, légumes, légumineuses et oléagineux",pommes de terre et autres tubercules,"22,4",22.4,exact
4050,"Chips de pommes de terre nature ou aromatisées, sans sel ajouté","fruits, légumes, légumineuses et oléagineux",pommes de terre et autres tubercules,"47,6",47.6,exact
4051,"Poêlée de pommes de terre à la sarladaise (graisse de canard, ail et persil), surgelée, à cuire","fruits, légumes, légumineuses et oléagineux",pommes de terre et autres tubercules,"20,9",20.9,exact
4052,"Potatoes ou wedges ou quartiers de pommes de terre épicés, surgelées, à cuire","fruits, légumes, légumineuses et oléagineux",pommes de terre et autres tubercules,"20,3",20.3,exact
4053,"Pomme de terre grenaille, préfrite, surgelée, à cuire","fruits, légumes, légumineuses et oléagineux",pommes de terre et autres tubercules,"17,9",17.9,exact
4101,"Patate douce, crue","fruits, légumes, légumineuses et oléagineux",pommes de terre et autres tubercules,"17,1",17.1,exact
4102,"Patate douce, cuite","fruits, légumes, légumineuses et oléagineux",pommes de terre et autres tubercules,"16,3",16.3,exact
4103,"Patate douce, purée, cuisinée à la crème","fruits, légumes, légumineuses et oléagineux",pommes de terre et autres tubercules,"12,1",12.1,exact
20050,"Topinambour, cuit","fruits, légumes, légumineuses et oléagineux",pommes de terre et autres tubercules,"14,4",14.4,exact
20196,"Topinambour, cru","fruits, légumes, légumineuses et oléagineux",pommes de terre et autres tubercules,"15,8",15.8,exact
53101,"Banane plantain, cuite","fruits, légumes, légumineuses et oléagineux",pommes de terre et autres tubercules,"28,9",28.9,exact
53200,"Taro, tubercule, cru","fruits, légumes, légumineuses et oléagineux",pommes de terre et autres tubercules,"22,4",22.4,exact
53201,"Taro, tubercule, cuit","fruits, légumes, légumineuses et oléagineux",pommes de terre et autres tubercules,"29,5",29.5,exact
53502,"Igname, pelée, crue","fruits, légumes, légumineuses et oléagineux",pommes de terre et autres tubercules,"23,7",23.7,exact
53503,"Igname, épluchée, bouillie/cuite à l'eau","fruits, légumes, légumineuses et oléagineux",pommes de terre et autres tubercules,"23,6",23.6,exact
53672,"Igname, crue","fruits, légumes, légumineuses et oléagineux",pommes de terre et autres tubercules,"23,9",23.9,exact
54031,"Manioc, racine crue","fruits, légumes, légumineuses et oléagineux",pommes de terre et autres tubercules,"36,3",36.3,exact
54034,"Manioc, racine cuite","fruits, légumes, légumineuses et oléagineux",pommes de terre et autres tubercules,"32,8",32.8,exact
20293,"Haricot coco, bouilli/cuit à l'eau","fruits, légumes, légumineuses et oléagineux",légumineuses,"13,7",13.7,exact
20360,"Lentille, bouillie/cuite à l'eau (aliment moyen)","fruits, légumes, légumineuses et oléagineux",légumineuses,"16,2",16.2,exact
20500,"Fève, bouillie/cuite à l'eau","fruits, légumes, légumineuses et oléagineux",légumineuses,"9,35",9.35,exact
20502,"Haricot blanc, bouilli/cuit à l'eau","fruits, légumes, légumineuses et oléagineux",légumineuses,12,12,exact
20503,"Haricot rouge, bouilli/cuit à l'eau","fruits, légumes, légumineuses et oléagineux",légumineuses,"12,3",12.3,exact
20506,"Pois cassé, bouilli/cuit à l'eau","fruits, légumes, légumineuses et oléagineux",légumineuses,"16,3",16.3,exact
20507,"Pois chiche, bouilli/cuit à l'eau","fruits, légumes, légumineuses et oléagineux",légumineuses,"17,7",17.7,exact
20508,"Haricot flageolet, appertisé, égoutté","fruits, légumes, légumineuses et oléagineux",légumineuses,"12,2",12.2,exact
20510,"Lentille, cuisinée, appertisée, égouttée","fruits, légumes, légumineuses et oléagineux",légumineuses,"12,3",12.3,exact
20511,"Haricot blanc, appertisé, égoutté","fruits, légumes, légumineuses et oléagineux",légumineuses,"10,9",10.9,exact
20513,"Haricot flageolet, bouilli/cuit à l'eau","fruits, légumes, légumineuses et oléagineux",légumineuses,12,12,exact
20524,"Haricot rouge, appertisé, égoutté","fruits, légumes, légumineuses et oléagineux",légumineuses,13,13,exact
20531,"Haricot mungo, frais, bouilli/cuit à l'eau","fruits, légumes, légumineuses et oléagineux",légumineuses,"11,9",11.9,exact
20532,"Pois chiche, appertisé, égoutté","fruits, légumes, légumineuses et oléagineux",légumineuses,15,15,exact
20540,"Haricot flageolet, vert, bouilli/cuit à l'eau","fruits, légumes, légumineuses et oléagineux",légumineuses,13,13,exact
20542,"Fève, pelée, fraîche, surgelée, bouillie/cuite à l'eau","fruits, légumes, légumineuses et oléagineux",légumineuses,9,9,exact
20543,"Fève, fraîche, surgelée, bouillie/cuite à l'eau","fruits, légumes, légumineuses et oléagineux",légumineuses,"7,4",7.4,exact
20587,"Lentille verte, bouillie/cuite à l'eau","fruits, légumes, légumineuses et oléagineux",légumineuses,"16,2",16.2,exact
20588,"Lentille blonde, bouillie/cuite à l'eau","fruits, légumes, légumineuses et oléagineux",légumineuses,"16,3",16.3,exact
20589,"Lentille corail, bouillie/cuite à l'eau","fruits, légumes, légumineuses et oléagineux",légumineuses,15,15,exact
20700,"Légume sec, cuit (aliment moyen)","fruits, légumes, légumineuses et oléagineux",légumineuses,"13,8",13.8,exact
20517,"Fève à écosser, fraîche, crue","fruits, légumes, légumineuses et oléagineux",légumineuses,"4,2",4.2,exact
20527,"Pois d'Angole vert, frais, cru","fruits, légumes, légumineuses et oléagineux",légumineuses,"18,8",18.8,exact
20529,"Haricot de Lima ou pois savon ou pois du Cap ou pois souche, cru","fruits, légumes, légumineuses et oléagineux",légumineuses,"15,3",15.3,exact
20537,"Haricot flageolet, frais, surgelé, cru","fruits, légumes, légumineuses et oléagineux",légumineuses,"25,6",25.6,exact
20541,"Fève, pelée, fraîche, surgelée, crue","fruits, légumes, légumineuses et oléagineux",légumineuses,"12,2",12.2,exact
20359,"Lentille, sèche (aliment moyen)","fruits, légumes, légumineuses et oléagineux",légumineuses,"44,5",44.5,exact
20501,"Haricot blanc, sec","fruits, légumes, légumineuses et oléagineux",légumineuses,"43,9",43.9,exact
20515,"Pois cassé, sec","fruits, légumes, légumineuses et oléagineux",légumineuses,"47,5",47.5,exact
20516,"Pois chiche, sec","fruits, légumes, légumineuses et oléagineux",légumineuses,"47,5",47.5,exact
20518,"Fève, sèche","fruits, légumes, légumineuses et oléagineux",légumineuses,"33,3",33.3,exact
20525,"Haricot rouge, sec","fruits, légumes, légumineuses et oléagineux",légumineuses,"46,1",46.1,exact
20530,"Haricot mungo, sec","fruits, légumes, légumineuses et oléagineux",légumineuses,"47,6",47.6,exact
20534,"Lupin, graine, sec","fruits, légumes, légumineuses et oléagineux",légumineuses,"21,5",21.5,exact
20535,"Lentille corail, sèche","fruits, légumes, légumineuses et oléagineux",légumineuses,"44,9",44.9,exact
20539,"Haricot flageolet, vert, sec","fruits, légumes, légumineuses et oléagineux",légumineuses,"42,1",42.1,exact
20585,"Lentille verte, sèche","fruits, légumes, légumineuses et oléagineux",légumineuses,"44,5",44.5,exact
20586,"Lentille blonde, sèche","fruits, légumes, légumineuses et oléagineux",légumineuses,"48,3",48.3,exact
13000,"Abricot, dénoyauté, cru","fruits, légumes, légumineuses et oléagineux",fruits,"9,01",9.01,exact
13002,"Ananas, chair sans peau, cru","fruits, légumes, légumineuses et oléagineux",fruits,"11,7",11.7,exact
13005,"Banane, chair sans peau, crue","fruits, légumes, légumineuses et oléagineux",fruits,"19,7",19.7,exact
13007,"Cassis, cru","fruits, légumes, légumineuses et oléagineux",fruits,"9,68",9.68,exact
13008,"Ceriser, chair et peau, sans noyau, crue","fruits, légumes, légumineuses et oléagineux",fruits,13,13,exact
13009,"Citron, chair sans peau, sans pépins, cru","fruits, légumes, légumineuses et oléagineux",fruits,"1,56",1.56,exact
13010,"Coing, cru","fruits, légumes, légumineuses et oléagineux",fruits,"12,5",12.5,exact
13012,"Figue, crue","fruits, légumes, légumineuses et oléagineux",fruits,"13,5",13.5,exact
13014,"Fraise, crue","fruits, légumes, légumineuses et oléagineux",fruits,"6,03",6.03,exact
13015,"Framboise, crue","fruits, légumes, légumineuses et oléagineux",fruits,"5,83",5.83,exact
13016,"Fruit de la passion ou maracudja, chair sans peau, avec pépins, cru","fruits, légumes, légumineuses et oléagineux",fruits,"10,9",10.9,exact
13018,"Grenade, chair sans peau, avec pépins, crue","fruits, légumes, légumineuses et oléagineux",fruits,"14,3",14.3,exact
13019,"Groseille, crue","fruits, légumes, légumineuses et oléagineux",fruits,"7,06",7.06,exact
13020,"Groseille à maquereau, crue","fruits, légumes, légumineuses et oléagineux",fruits,"4,45",4.45,exact
13021,"Kiwi, chair sans peau, avec pépins, cru","fruits, légumes, légumineuses et oléagineux",fruits,11,11,exact
13023,"Litchi, chair sans peau, sans noyau, cru","fruits, légumes, légumineuses et oléagineux",fruits,"16,1",16.1,exact
13024,"Clémentine ou mandarine, chair sans peau, sans pépins, crue","fruits, légumes, légumineuses et oléagineux",fruits,"9,17",9.17,exact
13025,"Mangue, chair sans peau, sans noyau, crue","fruits, légumes, légumineuses et oléagineux",fruits,"14,3",14.3,exact
13026,"Melon cantaloup (par ex.: Charentais), chair sans peau, sans pépins, cru","fruits, légumes, légumineuses et oléagineux",fruits,"14,8",14.8,exact
13027,"Prune mirabelle, sans noyau, crue","fruits, légumes, légumineuses et oléagineux",fruits,18,18,exact
13028,"Myrtille, crue","fruits, légumes, légumineuses et oléagineux",fruits,"10,6",10.6,exact
13029,"Mûre (de ronce), crue","fruits, légumes, légumineuses et oléagineux",fruits,"6,53",6.53,exact
13034,"Orange, chair sans peau, sans pépins, crue","fruits, légumes, légumineuses et oléagineux",fruits,"8,03",8.03,exact
13035,"Papaye, chair sans peau, crue","fruits, légumes, légumineuses et oléagineux",fruits,"8,53",8.53,exact
13036,"Pastèque, chair sans peau, sans pépins, crue","fruits, légumes, légumineuses et oléagineux",fruits,"8,33",8.33,exact
13037,"Poire, chair et peau, crue","fruits, légumes, légumineuses et oléagineux",fruits,"12,3",12.3,exact
13039,"Pomme, chair et peau, crue","fruits, légumes, légumineuses et oléagineux",fruits,"11,6",11.6,exact
13040,"Pomelo (dit Pamplemousse), chair sans peau, sans pépins, cru","fruits, légumes, légumineuses et oléagineux",fruits,"5,92",5.92,exact
13041,"Prune Reine-Claude, sans noyau, crue","fruits, légumes, légumineuses et oléagineux",fruits,"16,4",16.4,exact
13043,"Pêche, chair et peau, sans noyau, crue","fruits, légumes, légumineuses et oléagineux",fruits,"7,55",7.55,exact
13044,"Raisin blanc, à gros grain (type Italia ou Dattier), cru","fruits, légumes, légumineuses et oléagineux",fruits,"16,6",16.6,exact
13045,"Raisin noir, cru","fruits, légumes, légumineuses et oléagineux",fruits,"15,6",15.6,exact
13047,"Rhubarbe, tige, crue","fruits, légumes, légumineuses et oléagineux",fruits,"1,12",1.12,exact
13054,"Carambole, chair et peau, crue","fruits, légumes, légumineuses et oléagineux",fruits,"3,83",3.83,exact
13055,"Cerise acérola, chair et peau, sans noyau, crue","fruits, légumes, légumineuses et oléagineux",fruits,"6,59",6.59,exact
13056,"Anone ou chérimole, chair sans peau, crue","fruits, légumes, légumineuses et oléagineux",fruits,"15,4",15.4,exact
13061,"Feijoa, chair sans peau, crue","fruits, légumes, légumineuses et oléagineux",fruits,"8,2",8.2,exact
13063,"Figue de Barbarie, chair et peau, avec pépins, crue","fruits, légumes, légumineuses et oléagineux",fruits,"9,79",9.79,exact
13066,"Kaki, chair et peau, cru","fruits, légumes, légumineuses et oléagineux",fruits,"14,3",14.3,exact
13067,"Citron vert ou lime, chair sans peau, sans pépins, cru","fruits, légumes, légumineuses et oléagineux",fruits,"3,14",3.14,exact
13071,"Mûre noire (du mûrier), crue","fruits, légumes, légumineuses et oléagineux",fruits,"8,1",8.1,exact
13077,"Ramboutan ou rambutan, chair sans peau, sans noyau, crue","fruits, légumes, légumineuses et oléagineux",fruits,20,20,exact
13080,"Tamarin, fruit mûr, chair sans peau, avec pépins, cru","fruits, légumes, légumineuses et oléagineux",fruits,"57,4",57.4,exact
13083,"Goyave, chair sans peau, crue","fruits, légumes, légumineuses et oléagineux",fruits,"9,02",9.02,exact
13085,"Pomme Canada, chair sans peau, crue","fruits, légumes, légumineuses et oléagineux",fruits,"11,6",11.6,exact
13086,"Pomme Golden, chair sans peau, crue","fruits, légumes, légumineuses et oléagineux",fruits,"11,7",11.7,exact
13100,"Prune, sans noyau, crue","fruits, légumes, légumineuses et oléagineux",fruits,"9,92",9.92,exact
13101,"Raisin Chasselas, cru","fruits, légumes, légumineuses et oléagineux",fruits,"16,9",16.9,exact
13110,"Griotte, crue","fruits, légumes, légumineuses et oléagineux",fruits,"10,6",10.6,exact
13113,"Canneberge ou cranberry, crue","fruits, légumes, légumineuses et oléagineux",fruits,"7,6",7.6,exact
13121,"Pomme Granny Smith, chair sans peau, crue","fruits, légumes, légumineuses et oléagineux",fruits,"11,4",11.4,exact
13122,"Pomme Granny Smith, chair et peau, crue","fruits, légumes, légumineuses et oléagineux",fruits,"10,7",10.7,exact
13125,"Citron, zeste, cru","fruits, légumes, légumineuses et oléagineux",fruits,"5,4",5.4,exact
13126,"Sureau, baie, crue","fruits, légumes, légumineuses et oléagineux",fruits,"11,4",11.4,exact
13132,"Myrtille, surgelée, crue","fruits, légumes, légumineuses et oléagineux",fruits,"8,9",8.9,exact
13134,"Salade de fruits, crue","fruits, légumes, légumineuses et oléagineux",fruits,18,18,exact
13136,"Framboise, surgelée, crue","fruits, légumes, légumineuses et oléagineux",fruits,7,7,exact
13148,"Nectarine ou brugnon, jaune, chair et peau, sans noyau, crue","fruits, légumes, légumineuses et oléagineux",fruits,"11,3",11.3,exact
13149,"Nectarine ou brugnon, blanche, chair et peau, sans noyau, crue","fruits, légumes, légumineuses et oléagineux",fruits,"11,4",11.4,exact
13150,"Mûre (de ronce), surgelée, crue","fruits, légumes, légumineuses et oléagineux",fruits,"10,7",10.7,exact
13179,"Pomelo (dit Pamplemousse) jaune, chair sans peau, sans pépins, cru","fruits, légumes, légumineuses et oléagineux",fruits,"7,31",7.31,exact
13180,"Pomelo (dit Pamplemousse) rose, chair sans peau, sans pépins, cru","fruits, légumes, légumineuses et oléagineux",fruits,"6,2",6.2,exact
13188,"Poire Conférence, chair sans peau, crue","fruits, légumes, légumineuses et oléagineux",fruits,"11,4",11.4,exact
13189,"Poire Williams, chair sans peau, crue","fruits, légumes, légumineuses et oléagineux",fruits,"11,5",11.5,exact
13190,"Pomme Chantecler, chair sans peau, crue","fruits, légumes, légumineuses et oléagineux",fruits,"11,2",11.2,exact
13191,"Pomme Gala, chair sans peau, crue","fruits, légumes, légumineuses et oléagineux",fruits,"11,9",11.9,exact
13192,"Pomme Pink lady, chair sans peau, crue","fruits, légumes, légumineuses et oléagineux",fruits,"12,8",12.8,exact
13193,"Pêche blanche, chair et peau, sans noyau, crue","fruits, légumes, légumineuses et oléagineux",fruits,"9,48",9.48,exact
13194,"Pêche blanche, chair sans peau, sans noyau, crue","fruits, légumes, légumineuses et oléagineux",fruits,"9,63",9.63,exact
13195,"Pêche jaune, chair sans peau, sans noyau, crue","fruits, légumes, légumineuses et oléagineux",fruits,"9,8",9.8,exact
13395,Raisin cru (aliment moyen),"fruits, légumes, légumineuses et oléagineux",fruits,"16,3",16.3,exact
13396,"Pomme, chair sans peau, crue (aliment moyen)","fruits, légumes, légumineuses et oléagineux",fruits,"11,9",11.9,exact
13397,"Poire, chair, crue (aliment moyen)","fruits, légumes, légumineuses et oléagineux",fruits,"11,4",11.4,exact
13398,"Pêche, chair sans peau, sans noyau, crue (aliment moyen)","fruits, légumes, légumineuses et oléagineux",fruits,"9,74",9.74,exact
13399,"Nectarine ou brugnon, chair et peau, sans noyau, crue (aliment moyen)","fruits, légumes, légumineuses et oléagineux",fruits,"11,3",11.3,exact
13499,"Fruit du jacquier ou jacque, chair sans peau, cru","fruits, légumes, légumineuses et oléagineux",fruits,"20,6",20.6,exact
13523,"Datte du désert, chair et peau, sans noyau, crue","fruits, légumes, légumineuses et oléagineux",fruits,"31,3",31.3,exact
13529,"Dourian ou durian, chair sans peau, sans noyau, cru","fruits, légumes, légumineuses et oléagineux",fruits,"23,3",23.3,exact
13547,"Kaki de brousse, fruit, cru","fruits, légumes, légumineuses et oléagineux",fruits,"17,1",17.1,exact
13549,"Kumquat, chair et peau, sans pépin, cru","fruits, légumes, légumineuses et oléagineux",fruits,"9,6",9.6,exact
13552,"Longan, chair sans peau, sans noyau, cru","fruits, légumes, légumineuses et oléagineux",fruits,14,14,exact
13564,"Nèfle du Japon, chair et peau, sans noyau, crue","fruits, légumes, légumineuses et oléagineux",fruits,"9,9",9.9,exact
13583,"Prune violette, sans noyau, crue","fruits, légumes, légumineuses et oléagineux",fruits,"9,6",9.6,exact
13614,"Pamplemousse chinois, chair sans peau, sans pépins, cru","fruits, légumes, légumineuses et oléagineux",fruits,"7,14",7.14,exact
13620,"Pomme Golden, chair et peau, crue","fruits, légumes, légumineuses et oléagineux",fruits,"12,8",12.8,exact
13621,"Raisin noir Muscat, cru","fruits, légumes, légumineuses et oléagineux",fruits,20,20,exact
13742,"Melon miel ou melon honeydew, chair sans peau, sans pépins, cru","fruits, légumes, légumineuses et oléagineux",fruits,"4,3",4.3,exact
13997,"Fruits rouges, crus (framboises, fraises, groseilles, cassis)","fruits, légumes, légumineuses et oléagineux",fruits,7,7,exact
13999,Fruit cru (aliment moyen),"fruits, légumes, légumineuses et oléagineux",fruits,"12,1",12.1,exact
13038,"Compote de pomme, préemballée","fruits, légumes, légumineuses et oléagineux",fruits,"25,8",25.8,exact
13119,"Pruneau, sans noyau, cuit","fruits, légumes, légumineuses et oléagineux",fruits,-,,missing
13129,"Compote, tout type de fruits, allégée en sucres, préemballée, rayon frais","fruits, légumes, légumineuses et oléagineux",fruits,"14,7",14.7,exact
13151,"Compote de pomme, allégée en sucres, rayon ambiant","fruits, légumes, légumineuses et oléagineux",fruits,"15,1",15.1,exact
13152,"Dessert de fruits, tout type de fruits (en taux de sucres : compotes allégées en sucres < desserts de fruits < compotes), préemballé, rayon ambiant","fruits, légumes, légumineuses et oléagineux",fruits,"20,6",20.6,exact
13153,"Purée de fruits, tout type de fruits, type ""compote sans sucres ajoutés"", rayon ambiant","fruits, légumes, légumineuses et oléagineux",fruits,"13,3",13.3,exact
13154,"Spécialité de fruits, tout type de fruits, sucrée (mélange chairs et/ou purées de fruits, mais toujours avec autre ingrédient), préemballée, rayon ambiant","fruits, légumes, légumineuses et oléagineux",fruits,"16,5",16.5,exact
13174,"Spécialité de fruits, tout type de fruits, sans sucres ajoutés (mélange chairs et/ou purées de fruits, mais toujours avec autre ingrédient), préemballée, rayon ambiant","fruits, légumes, légumineuses et oléagineux",fruits,"12,7",12.7,exact
13175,"Pomme, chair sans peau, rôtie/cuite au four","fruits, légumes, légumineuses et oléagineux",fruits,"12,9",12.9,exact
13176,"Pomme, chair sans peau, bouillie/cuite à l'eau","fruits, légumes, légumineuses et oléagineux",fruits,"11,2",11.2,exact
13185,"Compote ou assimilé, tout type de fruits, sans précision sur la teneur en sucres (allégée en sucres ou non, sans sucres ajoutés…) ni sur le rayon (aliment moyen)","fruits, légumes, légumineuses et oléagineux",fruits,"19,1",19.1,exact
13187,"Purée de pommes, type ""compote sans sucres ajoutés"", rayon ambiant","fruits, légumes, légumineuses et oléagineux",fruits,"11,6",11.6,exact
13199,"Compote, tout type de fruits autres que pomme seule, allégée en sucres, préemballée, rayon ambiant","fruits, légumes, légumineuses et oléagineux",fruits,"15,4",15.4,exact
13203,"Rhubarbe, tige, cuite","fruits, légumes, légumineuses et oléagineux",fruits,"1,35",1.35,exact
13204,"Compote de pêche, préemballée","fruits, légumes, légumineuses et oléagineux",fruits,"24,9",24.9,exact
13205,"Compote d'abricot, préemballée","fruits, légumes, légumineuses et oléagineux",fruits,"24,1",24.1,exact
13206,"Compote de rhubarbe, préemballée","fruits, légumes, légumineuses et oléagineux",fruits,"25,8",25.8,exact
13207,"Dessert de fruits, tout type de fruits (en taux de sucres : compotes allégées en sucres < desserts de fruits < compotes), préemballé, rayon frais","fruits, légumes, légumineuses et oléagineux",fruits,"17,7",17.7,exact
13208,"Spécialité de fruits divers, sucrée (mélange chairs et/ou purées de fruits, mais toujours avec autre ingrédient), préemballée, rayon frais","fruits, légumes, légumineuses et oléagineux",fruits,"18,2",18.2,exact
13209,"Spécialité de fruits, tout type de fruits, sans sucres ajoutés (mélange chairs et/ou purées de fruits, mais toujours avec autre ingrédient), préemballée, rayon frais","fruits, légumes, légumineuses et oléagineux",fruits,"12,2",12.2,exact
13210,"Purée de fruits, tout type de fruits, type ""compote sans sucres ajoutés"", préemballée, rayon frais","fruits, légumes, légumineuses et oléagineux",fruits,"12,7",12.7,exact
13211,"Compote, autres fruits, préemballée","fruits, légumes, légumineuses et oléagineux",fruits,"23,9",23.9,exact
13212,"Compote de pomme, sans précision sur la teneur en sucres ni sur le rayon (aliment moyen)","fruits, légumes, légumineuses et oléagineux",fruits,"22,4",22.4,exact
13213,"Dessert de fruits, tout type de fruits (en taux de sucres : compotes allégées en sucres < desserts de fruits < compotes), préemballé, sans précision sur le rayon (aliment moyen)","fruits, légumes, légumineuses et oléagineux",fruits,"19,4",19.4,exact
13214,"Purée de fruits, tout type de fruits, type ""compote sans sucres ajoutés"", sans précision sur le rayon (aliment moyen)","fruits, légumes, légumineuses et oléagineux",fruits,"13,3",13.3,exact
13215,"Spécialité de fruits, tout type de fruits, (mélange chairs et/ou purées de fruits, mais toujours avec autre ingrédient), sans précision sur la teneur en sucres ni sur le rayon (aliment moyen)","fruits, légumes, légumineuses et oléagineux",fruits,"16,5",16.5,exact
13704,"Abricot au sirop (sans précision sur léger ou classique), appertisé, égoutté (aliment moyen)","fruits, légumes, légumineuses et oléagineux",fruits,"15,5",15.5,exact
13705,"Macédoine ou cocktail ou salade de fruits, au sirop (sans précision sur léger ou classique), appertisé, égouttée (aliment moyen)","fruits, légumes, légumineuses et oléagineux",fruits,"15,2",15.2,exact
13706,"Macédoine ou cocktail ou salade de fruits, au sirop, appertisé, égoutté","fruits, légumes, légumineuses et oléagineux",fruits,"16,8",16.8,exact
13707,"Macédoine ou cocktail ou salade de fruits, au sirop, appertisé, non égoutté","fruits, légumes, légumineuses et oléagineux",fruits,"17,8",17.8,exact
13708,"Macédoine ou cocktail ou salade de fruits, au sirop léger, appertisé, égoutté","fruits, légumes, légumineuses et oléagineux",fruits,"13,7",13.7,exact
13709,"Macédoine ou cocktail ou salade de fruits, au sirop léger, appertisé, non égoutté","fruits, légumes, légumineuses et oléagineux",fruits,14,14,exact
13712,"Abricot au sirop léger, appertisé, égoutté","fruits, légumes, légumineuses et oléagineux",fruits,"13,5",13.5,exact
13713,"Abricot au sirop léger, appertisé, non égoutté","fruits, légumes, légumineuses et oléagineux",fruits,14,14,exact
13714,"Abricot au sirop, appertisé, égoutté","fruits, légumes, légumineuses et oléagineux",fruits,16,16,exact
13715,"Abricot au sirop, appertisé, non égoutté","fruits, légumes, légumineuses et oléagineux",fruits,"16,3",16.3,exact
13716,"Ananas au jus d'ananas, appertisé, égoutté","fruits, légumes, légumineuses et oléagineux",fruits,"12,9",12.9,exact
13717,"Ananas au jus d'ananas, appertisé, non égoutté","fruits, légumes, légumineuses et oléagineux",fruits,"12,9",12.9,exact
13718,"Ananas au sirop léger, appertisé, égoutté","fruits, légumes, légumineuses et oléagineux",fruits,"15,3",15.3,exact
13719,"Ananas au sirop léger, appertisé, non égoutté","fruits, légumes, légumineuses et oléagineux",fruits,"15,6",15.6,exact
13724,"Litchi, chair sans peau, sans noyau,  au sirop léger, appertisé, égoutté","fruits, légumes, légumineuses et oléagineux",fruits,"14,3",14.3,exact
13730,"Pêche, sans noyau, au sirop léger, appertisée, égouttée","fruits, légumes, légumineuses et oléagineux",fruits,"13,5",13.5,exact
13731,"Pêche, sans noyau, au sirop léger, appertisée, non égouttée","fruits, légumes, légumineuses et oléagineux",fruits,14,14,exact
13734,"Poire au sirop léger, appertisée, égouttée","fruits, légumes, légumineuses et oléagineux",fruits,"13,9",13.9,exact
13735,"Poire au sirop léger, appertisée, non égouttée","fruits, légumes, légumineuses et oléagineux",fruits,"14,5",14.5,exact
13001,"Abricot, dénoyauté, sec","fruits, légumes, légumineuses et oléagineux",fruits,"59,1",59.1,exact
13011,"Datte, chair et peau, sans noyau, sèche","fruits, légumes, légumineuses et oléagineux",fruits,"64,7",64.7,exact
13013,"Figue, sèche","fruits, légumes, légumineuses et oléagineux",fruits,55,55,exact
13042,"Pruneau, sans noyau, sec","fruits, légumes, légumineuses et oléagineux",fruits,"55,4",55.4,exact
13046,Raisin sec,"fruits, légumes, légumineuses et oléagineux",fruits,"73,2",73.2,exact
13051,"Mélange apéritif de fruits exotiques, sec","fruits, légumes, légumineuses et oléagineux",fruits,"69,5",69.5,exact
13089,"Banane, chair sans peau, sèche","fruits, légumes, légumineuses et oléagineux",fruits,"78,4",78.4,exact
13111,"Pomme, sèche","fruits, légumes, légumineuses et oléagineux",fruits,55,55,exact
13118,"Pêche, chair et peau, sans noyau, sèche","fruits, légumes, légumineuses et oléagineux",fruits,"65,4",65.4,exact
13178,"Canneberge ou cranberry, séchée, sucrée","fruits, légumes, légumineuses et oléagineux",fruits,"76,4",76.4,exact
13183,"Baie de goji, séchée","fruits, légumes, légumineuses et oléagineux",fruits,49,49,exact
13623,"Abricot, dénoyauté, sec, moelleux (réhydraté à 35-45%)","fruits, légumes, légumineuses et oléagineux",fruits,"51,1",51.1,exact
13996,Fruit séché (aliment moyen),"fruits, légumes, légumineuses et oléagineux",fruits,"61,3",61.3,exact
13400,"Abricot pays, chair et peau, sans noyau, au sirop, appertisé, non égoutté, prélevé à la Martinique","fruits, légumes, légumineuses et oléagineux",fruits,"13,3",13.3,exact
13401,"Abricot pays, chair et peau, sans noyau, cru, prélevé à la Martinique","fruits, légumes, légumineuses et oléagineux",fruits,"10,8",10.8,exact
13402,"Ananas, chair sans peau, cru , prélevé à la Martinique","fruits, légumes, légumineuses et oléagineux",fruits,-,,missing
13403,"Caïmite (ou pomme étoile ou pomme de lait), chair sans peau, cru, prélevé à la Martinique","fruits, légumes, légumineuses et oléagineux",fruits,-,,missing
13404,"Cerise acérola, chair et peau, sans noyau, crue, prélevée à la Martinique","fruits, légumes, légumineuses et oléagineux",fruits,-,,missing
13405,"Chadèque, chair sans peau, sans pépins, cru, prélevé à la Martinique","fruits, légumes, légumineuses et oléagineux",fruits,-,,missing
13406,"Chips d'abricot pays, prélevé à la Martinique","fruits, légumes, légumineuses et oléagineux",fruits,"68,7",68.7,exact
13407,"Goyave, chair sans peau, purée, prélevée à la Martinique","fruits, légumes, légumineuses et oléagineux",fruits,-,,missing
13408,"Jus de carambole, prélevé à la Martinique, jus filtré","fruits, légumes, légumineuses et oléagineux",fruits,-,,missing
13409,"Jus de carambole, prélevée à la Martinique, jus non filtré","fruits, légumes, légumineuses et oléagineux",fruits,-,,missing
13410,"Jus de citron punch (variété petit calibre), pur jus, prélevé à la Martinique","fruits, légumes, légumineuses et oléagineux",fruits,-,,missing
13411,"Jus de citron vert (variété gros calibre), pur jus, prélevé à la Martinique","fruits, légumes, légumineuses et oléagineux",fruits,-,,missing
13412,"Jus de corossol, prélevé à la Martinique","fruits, légumes, légumineuses et oléagineux",fruits,-,,missing
13413,"Jus de fruit de la passion ou maracudja, prélevé à la Martinique, pur jus","fruits, légumes, légumineuses et oléagineux",fruits,-,,missing
13414,"Jus de grenade, prélevée à la Martinique","fruits, légumes, légumineuses et oléagineux",fruits,-,,missing
13415,"Jus de lime, pur jus, prélevé à la Martinique","fruits, légumes, légumineuses et oléagineux",fruits,-,,missing
13416,"Jus de mandarine commune, pur jus filtré pasteurisé, prélevée à la Martinique","fruits, légumes, légumineuses et oléagineux",fruits,"9,4",9.4,exact
13417,"Jus de mandarine commune, pur jus filtré, prélevée à la Martinique","fruits, légumes, légumineuses et oléagineux",fruits,"8,63",8.63,exact
13418,"Jus de mandarine macaque, pur jus filtré, prélevée à la Martinique","fruits, légumes, légumineuses et oléagineux",fruits,"10,8",10.8,exact
13419,"Jus de moubin, pur jus, prélevé à la Martinique","fruits, légumes, légumineuses et oléagineux",fruits,-,,missing
13420,"Jus de pamplemousse (variété locale), pur jus, prélevé à la Martinique","fruits, légumes, légumineuses et oléagineux",fruits,-,,missing
13421,"Jus de prune de cythère verte ""géante"" (variété locale), fruit mûr, pur jus filtré, prélevée à la Martinique","fruits, légumes, légumineuses et oléagineux",fruits,"7,13",7.13,exact
13422,"Jus de prune de cythère verte ""géante"" (variété locale), fruit vert, pur jus filtré, prélevée à la Martinique","fruits, légumes, légumineuses et oléagineux",fruits,"6,55",6.55,exact
13423,"Jus de prune de cythère verte ""naine"" (variété hybride), fruit mûr, pur jus filtré, prélevée à la Martinique","fruits, légumes, légumineuses et oléagineux",fruits,"9,97",9.97,exact
13424,"Jus de prune de cythère verte ""naine"" (variété hybride), fruit vert, pur jus filtré, prélevée à la Martinique","fruits, légumes, légumineuses et oléagineux",fruits,"6,34",6.34,exact
13425,"Mandarine commune, chair sans peau, sans pépins, au sirop, appertisée, non égouttée, prélevée à la Martinique","fruits, légumes, légumineuses et oléagineux",fruits,"17,4",17.4,exact
13426,"Mango bassignac, chair sans peau, sans noyau, cru, prélevé à la Martinique","fruits, légumes, légumineuses et oléagineux",fruits,"18,5",18.5,exact
13427,"Mangue moussache, chair sans peau, sans noyau, crue, prélevé à la Martinique","fruits, légumes, légumineuses et oléagineux",fruits,"20,9",20.9,exact
13428,"Mangue julie, chair sans peau, sans noyau, crue, prélevée à la Martinique","fruits, légumes, légumineuses et oléagineux",fruits,"18,3",18.3,exact
13429,"Mangue verte, chair sans peau, sans noyau, crue, prélevée à la Martinique","fruits, légumes, légumineuses et oléagineux",fruits,"12,2",12.2,exact
13430,"Melon, chair sans peau, sans pépins, cru, prélevé à la Martinique","fruits, légumes, légumineuses et oléagineux",fruits,-,,missing
13431,"Orange (variété locale), chair sans peau, sans pépins, prélevée à la Martinique","fruits, légumes, légumineuses et oléagineux",fruits,-,,missing
13432,"Orange amère, chair sans peau, sans pépins, crue, prélevée à la Martinique","fruits, légumes, légumineuses et oléagineux",fruits,-,,missing
13433,"Pastèque, chair sans peau, sans pépins, crue, prélevée à la Martinique","fruits, légumes, légumineuses et oléagineux",fruits,-,,missing
13434,"Pomme cajou, chair et peau, crue, prélevée à la Martinique","fruits, légumes, légumineuses et oléagineux",fruits,-,,missing
13435,"Pomme cannelle, chair sans peau, sans pépins, crue, prélevée à la Martinique","fruits, légumes, légumineuses et oléagineux",fruits,-,,missing
13436,"Pomme d'eau ou pomme malaca, chair sans peau, sans noyau, crue, prélevée à la Martinique","fruits, légumes, légumineuses et oléagineux",fruits,-,,missing
13437,"Pomme liane, chair sans peau, avec pépins, crue, prélevée à la Martinique","fruits, légumes, légumineuses et oléagineux",fruits,-,,missing
13438,"Prune de cythère, chair et peau, avec pépins, mûre, crue, prélevée à la Martinique","fruits, légumes, légumineuses et oléagineux",fruits,-,,missing
13439,"Prune de cythère, chair et peau, avec pépins, verte ou immature, crue, prélevée à la Martinique","fruits, légumes, légumineuses et oléagineux",fruits,-,,missing
13440,"Fruit du jacquier ou jacque, chair sans peau, cru, prélevé à la Martinique","fruits, légumes, légumineuses et oléagineux",fruits,-,,missing
13200,"Mangue José, chair sans peau, sans noyau, crue, prélevée à La Réunion (Mangifera indica L.)","fruits, légumes, légumineuses et oléagineux",fruits,"19,3",19.3,exact
13201,"Ananas Victoria ou Queen Victoria, chair sans peau, crue, prélevé à La Réunion","fruits, légumes, légumineuses et oléagineux",fruits,"15,1",15.1,exact
13202,"Papaye Colombo (fruit mûr), chair sans peau, sans pépins, crue, prélevée à La Réunion (Carica papaya L.)","fruits, légumes, légumineuses et oléagineux",fruits,"7,88",7.88,exact
15000,"Amande, avec peau, sans sel ajouté","fruits, légumes, légumineuses et oléagineux",fruits à coque et graines oléagineuses,"9,51",9.51,exact
15001,"Cacahuète, sans sel ajouté","fruits, légumes, légumineuses et oléagineux",fruits à coque et graines oléagineuses,"14,8",14.8,exact
15002,"Cacahuète, grillée, salée","fruits, légumes, légumineuses et oléagineux",fruits à coque et graines oléagineuses,"14,2",14.2,exact
15004,"Noisette, sans sel ajouté","fruits, légumes, légumineuses et oléagineux",fruits à coque et graines oléagineuses,"7,16",7.16,exact
15005,"Noix, cerneau, séchée","fruits, légumes, légumineuses et oléagineux",fruits à coque et graines oléagineuses,"6,88",6.88,exact
15006,"Noix de coco, chair, fraîche","fruits, légumes, légumineuses et oléagineux",fruits à coque et graines oléagineuses,"4,69",4.69,exact
15007,"Noix de coco, chair, sèche","fruits, légumes, légumineuses et oléagineux",fruits à coque et graines oléagineuses,"7,81",7.81,exact
15008,"Noix du Brésil ou noix d'Amazonie, sans sel ajouté","fruits, légumes, légumineuses et oléagineux",fruits à coque et graines oléagineuses,"4,23",4.23,exact
15009,"Pistache, grillée, salée","fruits, légumes, légumineuses et oléagineux",fruits à coque et graines oléagineuses,"15,9",15.9,exact
15010,"Sésame, graine","fruits, légumes, légumineuses et oléagineux",fruits à coque et graines oléagineuses,"12,8",12.8,exact
15011,"Tournesol, graine","fruits, légumes, légumineuses et oléagineux",fruits à coque et graines oléagineuses,"10,1",10.1,exact
15014,"Noix de coco, amande immature, fraîche","fruits, légumes, légumineuses et oléagineux",fruits à coque et graines oléagineuses,"6,22",6.22,exact
15015,"Purée de marrons, appertisée","fruits, légumes, légumineuses et oléagineux",fruits à coque et graines oléagineuses,"22,8",22.8,exact
15017,Mélange apéritif de graines salées et fruits séchés,"fruits, légumes, légumineuses et oléagineux",fruits à coque et graines oléagineuses,"23,7",23.7,exact
15018,Mélange apéritif de graines salées et raisins secs,"fruits, légumes, légumineuses et oléagineux",fruits à coque et graines oléagineuses,"27,1",27.1,exact
15019,"Noix de cajou, grillée, salée","fruits, légumes, légumineuses et oléagineux",fruits à coque et graines oléagineuses,"26,7",26.7,exact
15020,"Châtaigne, bouillie/cuite à l'eau","fruits, légumes, légumineuses et oléagineux",fruits à coque et graines oléagineuses,23,23,exact
15021,"Châtaigne, grillée","fruits, légumes, légumineuses et oléagineux",fruits à coque et graines oléagineuses,"41,1",41.1,exact
15024,"Châtaigne, crue","fruits, légumes, légumineuses et oléagineux",fruits à coque et graines oléagineuses,"36,8",36.8,exact
15025,Pignon de pin,"fruits, légumes, légumineuses et oléagineux",fruits à coque et graines oléagineuses,"2,93",2.93,exact
15026,"Noix de pécan, sans sel ajouté","fruits, légumes, légumineuses et oléagineux",fruits à coque et graines oléagineuses,"4,25",4.25,exact
15027,"Noix de macadamia, sans sel ajouté","fruits, légumes, légumineuses et oléagineux",fruits à coque et graines oléagineuses,"5,22",5.22,exact
15032,"Luzerne, graine","fruits, légumes, légumineuses et oléagineux",fruits à coque et graines oléagineuses,"39,3",39.3,exact
15033,"Noisette grillée, sans sel ajouté","fruits, légumes, légumineuses et oléagineux",fruits à coque et graines oléagineuses,"8,81",8.81,exact
15034,"Lin, graine","fruits, légumes, légumineuses et oléagineux",fruits à coque et graines oléagineuses,"6,49",6.49,exact
15035,"Sésame, graine décortiquée","fruits, légumes, légumineuses et oléagineux",fruits à coque et graines oléagineuses,"10,3",10.3,exact
15037,"Cacahuète, grillée à sec, salée","fruits, légumes, légumineuses et oléagineux",fruits à coque et graines oléagineuses,"17,9",17.9,exact
15038,"Sésame, grillé, graine décortiquée","fruits, légumes, légumineuses et oléagineux",fruits à coque et graines oléagineuses,"9,14",9.14,exact
15039,"Châtaigne ou marron, appertisé","fruits, légumes, légumineuses et oléagineux",fruits à coque et graines oléagineuses,"28,8",28.8,exact
15041,"Amande, émondée, sans sel ajouté","fruits, légumes, légumineuses et oléagineux",fruits à coque et graines oléagineuses,"8,76",8.76,exact
15042,"Amande, grillée, salée","fruits, légumes, légumineuses et oléagineux",fruits à coque et graines oléagineuses,"12,2",12.2,exact
15043,"Noix de macadamia, grillée, salée","fruits, légumes, légumineuses et oléagineux",fruits à coque et graines oléagineuses,"9,95",9.95,exact
15044,"Pistache, grillée, sans sel ajouté","fruits, légumes, légumineuses et oléagineux",fruits à coque et graines oléagineuses,"14,9",14.9,exact
15045,"Tournesol, graine, grillé, salé","fruits, légumes, légumineuses et oléagineux",fruits à coque et graines oléagineuses,"12,7",12.7,exact
15046,"Noix de pécan, salées","fruits, légumes, légumineuses et oléagineux",fruits à coque et graines oléagineuses,5,5,exact
15047,"Chia, graine, séchée","fruits, légumes, légumineuses et oléagineux",fruits à coque et graines oléagineuses,"7,72",7.72,exact
15048,"Mélange apéritif de graines et fruits séchés, sans sel ajouté","fruits, légumes, légumineuses et oléagineux",fruits à coque et graines oléagineuses,51,51,exact
15049,"Mélange apéritif de graines et raisins secs, sans sel ajouté","fruits, légumes, légumineuses et oléagineux",fruits à coque et graines oléagineuses,"31,8",31.8,exact
15050,"Noisette grillée, salée","fruits, légumes, légumineuses et oléagineux",fruits à coque et graines oléagineuses,"7,67",7.67,exact
15052,"Lin, brun, graine","fruits, légumes, légumineuses et oléagineux",fruits à coque et graines oléagineuses,"3,56",3.56,exact
15053,"Cacahuète, grillée, sans sel ajouté","fruits, légumes, légumineuses et oléagineux",fruits à coque et graines oléagineuses,"14,4",14.4,exact
15054,"Noix de cajou, grillée, sans sel ajouté","fruits, légumes, légumineuses et oléagineux",fruits à coque et graines oléagineuses,"21,3",21.3,exact
15055,"Noix de cajou, grillée à sec, sans sel ajouté","fruits, légumes, légumineuses et oléagineux",fruits à coque et graines oléagineuses,"23,5",23.5,exact
15057,"Cacahuète, grillée, aromatisée","fruits, légumes, légumineuses et oléagineux",fruits à coque et graines oléagineuses,"14,6",14.6,exact
15059,"Mélange apéritif de graines grillées, salées","fruits, légumes, légumineuses et oléagineux",fruits à coque et graines oléagineuses,"9,69",9.69,exact
15062,"Amande, grillée, salée, goût fumé","fruits, légumes, légumineuses et oléagineux",fruits à coque et graines oléagineuses,"9,01",9.01,exact
15063,"Chanvre ou chènevis, graine décortiquée","fruits, légumes, légumineuses et oléagineux",fruits à coque et graines oléagineuses,"5,38",5.38,exact
15064,"Courge, graine, séchée","fruits, légumes, légumineuses et oléagineux",fruits à coque et graines oléagineuses,"5,39",5.39,exact
15065,"Fruits à coques et cacahuète, salé (aliment moyen)","fruits, légumes, légumineuses et oléagineux",fruits à coque et graines oléagineuses,"17,6",17.6,exact
15066,"Fruits à coques et cacahuète, sans sel ajouté (aliment moyen)","fruits, légumes, légumineuses et oléagineux",fruits à coque et graines oléagineuses,"10,5",10.5,exact
15202,Beurre de cacahuète ou pâte d'arachide,"fruits, légumes, légumineuses et oléagineux",fruits à coque et graines oléagineuses,"17,3",17.3,exact
15203,Tahin ou purée de sésame,"fruits, légumes, légumineuses et oléagineux",fruits à coque et graines oléagineuses,"13,8",13.8,exact
20901,"Soja, graine entière","fruits, légumes, légumineuses et oléagineux",fruits à coque et graines oléagineuses,"20,9",20.9,exact
9081,"Blé dur (grains entiers), précuit, cuit, sans sel ajouté",produits céréaliers,"pâtes, riz et céréales","28,2",28.2,exact
9103,"Riz complet, cuit, sans sel ajouté",produits céréaliers,"pâtes, riz et céréales","37,6",37.6,exact
9104,"Riz blanc, cuit, sans sel ajouté",produits céréaliers,"pâtes, riz et céréales","33,2",33.2,exact
9105,"Riz blanc étuvé, cuit, sans sel ajouté",produits céréaliers,"pâtes, riz et céréales","31,7",31.7,exact
9107,"Riz blanc, précuit, cuit, sans sel ajouté",produits céréaliers,"pâtes, riz et céréales","28,1",28.1,exact
9110,"Riz rouge, cuit, sans sel ajouté",produits céréaliers,"pâtes, riz et céréales","28,2",28.2,exact
9111,"Riz sauvage, cuit, sans sel ajouté",produits céréaliers,"pâtes, riz et céréales","19,7",19.7,exact
9113,"Riz semi-complet, cuit, sans sel ajouté",produits céréaliers,"pâtes, riz et céréales","34,4",34.4,exact
9124,"Riz thaï, cuit, sans sel ajouté",produits céréaliers,"pâtes, riz et céréales","31,4",31.4,exact
9125,"Riz basmati, cuit, sans sel ajouté",produits céréaliers,"pâtes, riz et céréales","32,9",32.9,exact
9313,Flocons d'avoine bouillis/cuits à l'eau,produits céréaliers,"pâtes, riz et céréales","10,3",10.3,exact
9322,"Orge perlée, bouilli/cuite à l'eau, sans sel ajouté",produits céréaliers,"pâtes, riz et céréales","24,4",24.4,exact
9331,"Mil, cuit, sans sel ajouté",produits céréaliers,"pâtes, riz et céréales","22,4",22.4,exact
9341,"Quinoa, bouilli/cuit à l'eau, sans sel ajouté",produits céréaliers,"pâtes, riz et céréales","27,9",27.9,exact
9615,"Polenta ou semoule de maïs, cuite, sans sel ajouté",produits céréaliers,"pâtes, riz et céréales","16,9",16.9,exact
9683,"Semoule ou graine de couscous, cuite, sans sel ajouté",produits céréaliers,"pâtes, riz et céréales",31,31,exact
9685,"Semoule ou graine de couscous complète, cuite, sans sel ajouté",produits céréaliers,"pâtes, riz et céréales","26,8",26.8,exact
9686,"Semoule ou graine de couscous semi-complète, cuite, sans sel ajouté",produits céréaliers,"pâtes, riz et céréales","32,4",32.4,exact
9691,"Boulgour de blé, cuit, sans sel ajouté",produits céréaliers,"pâtes, riz et céréales","24,1",24.1,exact
9811,"Pâtes sèches, standard, cuites, sans sel ajouté",produits céréaliers,"pâtes, riz et céréales","31,4",31.4,exact
9816,"Pâtes fraîches, aux oeufs, cuites, sans sel ajouté",produits céréaliers,"pâtes, riz et céréales",32,32,exact
9822,"Pâtes sèches, aux oeufs, cuites, sans sel ajouté",produits céréaliers,"pâtes, riz et céréales",23,23,exact
9824,"Pâtes sèches, sans gluten, cuites, sans sel ajouté",produits céréaliers,"pâtes, riz et céréales","34,4",34.4,exact
9871,"Pâtes sèches, au blé complet, cuites, sans sel ajouté",produits céréaliers,"pâtes, riz et céréales","31,3",31.3,exact
9875,"Pâtes sèches, sans gluten (à base de riz et maïs), cuites, sans sel ajouté",produits céréaliers,"pâtes, riz et céréales","36,6",36.6,exact
9876,"Pâtes sèches, sans gluten (à base de lentilles corail), cuites, sans sel ajouté",produits céréaliers,"pâtes, riz et céréales","25,1",25.1,exact
9877,"Pâtes sèches, semi-complètes, cuites, sans sel ajouté",produits céréaliers,"pâtes, riz et céréales","31,8",31.8,exact
9901,"Vermicelle de riz, cuite, sans sel ajouté",produits céréaliers,"pâtes, riz et céréales","20,1",20.1,exact
9903,"Vermicelle de soja, cuite, sans sel ajouté",produits céréaliers,"pâtes, riz et céréales","14,4",14.4,exact
25510,"Gnocchi à la pomme de terre, cuit",produits céréaliers,"pâtes, riz et céréales","34,1",34.1,exact
51511,"Frik (blé dur immature concassé), cuit, sans sel ajouté",produits céréaliers,"pâtes, riz et céréales",14,14,exact
9001,"Épeautre, cru",produits céréaliers,"pâtes, riz et céréales","59,5",59.5,exact
9003,"Blé de Khorasan, cru",produits céréaliers,"pâtes, riz et céréales","59,5",59.5,exact
9060,"Blé dur complet, cru",produits céréaliers,"pâtes, riz et céréales","59,3",59.3,exact
9080,"Blé dur complet, précuit, à cuire",produits céréaliers,"pâtes, riz et céréales","67,7",67.7,exact
9100,"Riz blanc, cru",produits céréaliers,"pâtes, riz et céréales","77,5",77.5,exact
9101,"Riz blanc étuvé, cru",produits céréaliers,"pâtes, riz et céréales","79,4",79.4,exact
9102,"Riz complet, cru",produits céréaliers,"pâtes, riz et céréales","71,4",71.4,exact
9108,"Riz sauvage, cru",produits céréaliers,"pâtes, riz et céréales","69,2",69.2,exact
9109,"Riz rouge, cru",produits céréaliers,"pâtes, riz et céréales","70,6",70.6,exact
9119,"Riz thaï ou basmati, cru",produits céréaliers,"pâtes, riz et céréales","78,4",78.4,exact
9121,"Riz, mélange de variétés (blanc, complet, rouge, sauvage, etc.), cru",produits céréaliers,"pâtes, riz et céréales","78,1",78.1,exact
9310,"Avoine, crue",produits céréaliers,"pâtes, riz et céréales","55,7",55.7,exact
9320,"Orge complète, crue",produits céréaliers,"pâtes, riz et céréales","56,2",56.2,exact
9321,"Orge perlée, crue",produits céréaliers,"pâtes, riz et céréales","68,6",68.6,exact
9330,"Mil complet, cru",produits céréaliers,"pâtes, riz et céréales","64,3",64.3,exact
9340,"Quinoa, cru",produits céréaliers,"pâtes, riz et céréales","58,1",58.1,exact
9345,"Amarante, crue",produits céréaliers,"pâtes, riz et céréales","58,6",58.6,exact
9360,"Sorgho complet, cru",produits céréaliers,"pâtes, riz et céréales","65,4",65.4,exact
9380,"Sarrasin complet, cru",produits céréaliers,"pâtes, riz et céréales","67,5",67.5,exact
9390,"Seigle complet, cru",produits céréaliers,"pâtes, riz et céréales","60,8",60.8,exact
9610,"Semoule de blé dur, crue",produits céréaliers,"pâtes, riz et céréales","69,8",69.8,exact
9612,"Mélange de céréales et légumes secs, cru",produits céréaliers,"pâtes, riz et céréales",59,59,exact
9614,"Polenta ou semoule de maïs, précuite, à cuire",produits céréaliers,"pâtes, riz et céréales",74,74,exact
9681,"Graine de couscous (semoule de blé dur précuite), à cuire",produits céréaliers,"pâtes, riz et céréales","72,7",72.7,exact
9690,"Boulgour de blé, cru",produits céréaliers,"pâtes, riz et céréales","65,8",65.8,exact
9810,"Pâtes sèches, standard, crues",produits céréaliers,"pâtes, riz et céréales","72,7",72.7,exact
9815,"Pâtes fraîches, aux oeufs, crues",produits céréaliers,"pâtes, riz et céréales","53,8",53.8,exact
9821,"Pâtes sèches, aux oeufs, crues",produits céréaliers,"pâtes, riz et céréales",68,68,exact
9863,"Pâtes ou nouilles asiatiques sèches, au blé et aux oeufs, nature, crues",produits céréaliers,"pâtes, riz et céréales",71,71,exact
9870,"Pâtes sèches, au blé complet, crues",produits céréaliers,"pâtes, riz et céréales","67,6",67.6,exact
9874,"Pâtes sèches, sans gluten, crues",produits céréaliers,"pâtes, riz et céréales",79,79,exact
9900,"Vermicelles de riz sèches, crues",produits céréaliers,"pâtes, riz et céréales","80,5",80.5,exact
9902,"Vermicelles de soja sèches, crues",produits céréaliers,"pâtes, riz et céréales","84,7",84.7,exact
26264,"Gnocchi à la pomme de terre, à cuire",produits céréaliers,"pâtes, riz et céréales",35,35,exact
26265,"Gnocchi à la semoule, à cuire",produits céréaliers,"pâtes, riz et céréales",37,37,exact
51510,"Frik (blé dur immature concassé), cru",produits céréaliers,"pâtes, riz et céréales","55,8",55.8,exact
54035,"Gari, semoule de manioc fermentée et séchée",produits céréaliers,"pâtes, riz et céréales","81,6",81.6,exact
7000,Pain (aliment moyen),produits céréaliers,pains et assimilés,55,55,exact
7001,"Pain blanc (par ex. : baguette, boule…)",produits céréaliers,pains et assimilés,"58,3",58.3,exact
7002,Pain au levain,produits céréaliers,pains et assimilés,"53,1",53.1,exact
7007,"Pain de tradition française (par ex. : baguette, boule…)",produits céréaliers,pains et assimilés,"56,7",56.7,exact
7009,"Pain blanc précuit, à finir de cuire, préemballé",produits céréaliers,pains et assimilés,"53,9",53.9,exact
7010,Pain bis (à la farine T80 ou T110),produits céréaliers,pains et assimilés,54,54,exact
7013,"Pain sans gluten précuit, à finir de cuire, préemballé",produits céréaliers,pains et assimilés,"39,8",39.8,exact
7098,"Pain aux céréales et/ou aux graines, préemballé",produits céréaliers,pains et assimilés,"39,7",39.7,exact
7099,"Pain de campagne, préemballé",produits céréaliers,pains et assimilés,"48,7",48.7,exact
7100,Pain de campagne,produits céréaliers,pains et assimilés,50,50,exact
7106,"Pain complet au seigle, préemballé",produits céréaliers,pains et assimilés,"39,5",39.5,exact
7107,"Pain aux graines sans gluten, préemballé",produits céréaliers,pains et assimilés,"38,8",38.8,exact
7109,"Pain de mie complet, sans croûte, préemballé",produits céréaliers,pains et assimilés,"42,8",42.8,exact
7110,Pain complet ou intégral (à la farine T150),produits céréaliers,pains et assimilés,"41,2",41.2,exact
7111,"Pain de mie complet, préemballé",produits céréaliers,pains et assimilés,"41,8",41.8,exact
7113,"Pain de mie aux céréales et/ou graines, préemballé",produits céréaliers,pains et assimilés,"43,5",43.5,exact
7114,"Pain azyme, préemballé",produits céréaliers,pains et assimilés,"74,9",74.9,exact
7115,Pain au son,produits céréaliers,pains et assimilés,"44,4",44.4,exact
7116,"Pain de mie blanc sans gluten, préemballé",produits céréaliers,pains et assimilés,"41,2",41.2,exact
7117,"Pain de mie blanc, sans sucres ajoutés, préemballé",produits céréaliers,pains et assimilés,"48,1",48.1,exact
7125,Pain de seigle et froment,produits céréaliers,pains et assimilés,"51,5",51.5,exact
7130,"Pain sans gluten, préemballé",produits céréaliers,pains et assimilés,"37,1",37.1,exact
7160,"Pain blanc, sans sel ajouté",produits céréaliers,pains et assimilés,57,57,exact
7170,Pain panini,produits céréaliers,pains et assimilés,"50,6",50.6,exact
7180,Pain pita,produits céréaliers,pains et assimilés,"48,8",48.8,exact
7200,"Pain de mie blanc, préemballé",produits céréaliers,pains et assimilés,"50,4",50.4,exact
7201,"Pain de mie blanc, sans croûte, préemballé",produits céréaliers,pains et assimilés,"50,2",50.2,exact
7210,"Pain de mie brioché, préemballé",produits céréaliers,pains et assimilés,"51,4",51.4,exact
7255,Pain aux céréales et/ou graines,produits céréaliers,pains et assimilés,"46,9",46.9,exact
7256,"Muffin anglais complet, petit pain spécial, préemballé",produits céréaliers,pains et assimilés,31,31,exact
7257,"Muffin anglais, petit pain spécial, préemballé",produits céréaliers,pains et assimilés,"42,5",42.5,exact
7258,Pain bagel,produits céréaliers,pains et assimilés,53,53,exact
7259,"Pain pour burger ou hot dog (bun), préemballé",produits céréaliers,pains et assimilés,"47,2",47.2,exact
7260,"Pain blanc, fait maison (avec farine pour machine à pain)",produits céréaliers,pains et assimilés,"52,1",52.1,exact
7261,"Pain de campagne, fait maison (avec farine pour machine à pain)",produits céréaliers,pains et assimilés,"46,7",46.7,exact
7262,"Pain pour burger ou hot dog (bun) complet, préemballé",produits céréaliers,pains et assimilés,"48,2",48.2,exact
7263,"Bretzel, pain frais",produits céréaliers,pains et assimilés,"54,6",54.6,exact
7813,"Tortilla souple (à garnir), à base de maïs",produits céréaliers,pains et assimilés,58,58,exact
7815,"Tortilla souple (à garnir), à base de blé",produits céréaliers,pains et assimilés,53,53,exact
23805,Blinis,produits céréaliers,pains et assimilés,"34,6",34.6,exact
7004,"Pain blanc, passé au grille-pain",produits céréaliers,pains et assimilés,64,64,exact
7300,Biscotte classique,produits céréaliers,pains et assimilés,"73,2",73.2,exact
7301,Biscotte briochée,produits céréaliers,pains et assimilés,"72,1",72.1,exact
7302,Biscotte au germe de blé,produits céréaliers,pains et assimilés,"69,9",69.9,exact
7310,"Biscotte, sans sel ajouté",produits céréaliers,pains et assimilés,"74,7",74.7,exact
7330,Biscotte aux céréales,produits céréaliers,pains et assimilés,"68,1",68.1,exact
7340,Biscotte au blé complet,produits céréaliers,pains et assimilés,66,66,exact
7347,Cracker de table aux graines,produits céréaliers,pains et assimilés,"49,9",49.9,exact
7348,Cracker de table au fromage et aux graines,produits céréaliers,pains et assimilés,"47,3",47.3,exact
7349,Cracker de table au blé complet,produits céréaliers,pains et assimilés,"55,6",55.6,exact
7351,Cracker de table au froment,produits céréaliers,pains et assimilés,"68,6",68.6,exact
7352,Galette de riz complet soufflé,produits céréaliers,pains et assimilés,"77,9",77.9,exact
7353,Galette de céréales soufflées,produits céréaliers,pains et assimilés,"77,9",77.9,exact
7354,Galette de maïs soufflé,produits céréaliers,pains et assimilés,"83,5",83.5,exact
7357,"Galette de céréale(s) soufflée(s), aux graines",produits céréaliers,pains et assimilés,"77,7",77.7,exact
7359,"Tartine croustillante au seigle, source ou riche en fibres",produits céréaliers,pains et assimilés,"57,4",57.4,exact
7399,"Toast ou pain grillé brioché aux raisins secs, tranches, préemballé",produits céréaliers,pains et assimilés,"74,3",74.3,exact
7400,"Pain grillé au froment, tranches, préemballé",produits céréaliers,pains et assimilés,"71,8",71.8,exact
7402,"Pain grillé au blé complet, tranches, préemballé",produits céréaliers,pains et assimilés,"69,4",69.4,exact
7403,"Pain grillé brioché, tranches, préemballé",produits céréaliers,pains et assimilés,"67,6",67.6,exact
7407,Petit pain grillé suédois au froment,produits céréaliers,pains et assimilés,"71,6",71.6,exact
7409,Petit pain grillé suédois aux céréales et graines,produits céréaliers,pains et assimilés,"68,6",68.6,exact
7410,"Tartine craquante extrudée, classique",produits céréaliers,pains et assimilés,"75,8",75.8,exact
7414,"Tartine craquante extrudées, source ou riche en fibres",produits céréaliers,pains et assimilés,"71,3",71.3,exact
7419,"Petit pain grillé suédois au blé complet, sans sucres ajoutés",produits céréaliers,pains et assimilés,65,65,exact
7420,Petit pain grillé suédois au blé complet,produits céréaliers,pains et assimilés,"65,8",65.8,exact
7421,Petit pain grillé suédois aux fruits,produits céréaliers,pains et assimilés,"73,8",73.8,exact
7422,Petit pain grillé suédois brioché,produits céréaliers,pains et assimilés,"69,4",69.4,exact
7425,"Pain grillé aux céréales, tranches, préemballé",produits céréaliers,pains et assimilés,70,70,exact
7431,"Croûton, à tartiner, préemballé",produits céréaliers,pains et assimilés,70,70,exact
7432,"Croûton nature, préemballé",produits céréaliers,pains et assimilés,"62,4",62.4,exact
7500,Chapelure,produits céréaliers,pains et assimilés,"74,3",74.3,exact
7525,"Gressin, nature (sans sésame)",produits céréaliers,pains et assimilés,"68,8",68.8,exact
38500,"Croûton, à l'ail, aux fines herbes ou aux oignons, préemballé",produits céréaliers,pains et assimilés,59,59,exact
38501,"Croûton, au fromage, préemballé",produits céréaliers,pains et assimilés,"52,3",52.3,exact
9230,"Pop-corn ou maïs éclaté, à l'huile, salé",produits céréaliers,biscuits apéritifs,"50,2",50.2,exact
9231,"Pop-corn ou maïs éclaté, sans huile, non salé",produits céréaliers,biscuits apéritifs,"59,7",59.7,exact
9232,"Pop-corn ou maïs éclaté, au caramel",produits céréaliers,biscuits apéritifs,"73,2",73.2,exact
38104,"Chips, beignet ou pétale à la crevette",produits céréaliers,biscuits apéritifs,"63,7",63.7,exact
38105,"Chips de maïs ou tortilla chips, aromatisé",produits céréaliers,biscuits apéritifs,"59,1",59.1,exact
38106,"Biscuit ou cracker apéritif, soufflé, goût pomme de terre",produits céréaliers,biscuits apéritifs,"60,6",60.6,exact
38107,"Biscuit ou cracker apéritif, mini bretzel ou sticks",produits céréaliers,biscuits apéritifs,"73,7",73.7,exact
38109,"Biscuit apéritif, mini-chou fourré, préemballé",produits céréaliers,biscuits apéritifs,"28,2",28.2,exact
38399,Biscuit ou cracker apéritif (aliment moyen),produits céréaliers,biscuits apéritifs,"61,2",61.2,exact
38401,"Biscuit ou cracker apéritif, à base de blé, au fromage",produits céréaliers,biscuits apéritifs,47,47,exact
38402,"Biscuit ou cracker apéritif, à base de blé, nature ou aromatisé",produits céréaliers,biscuits apéritifs,"59,1",59.1,exact
38403,"Biscuit ou cracker apéritif, à base de blé, nature, allégé en matière grasse",produits céréaliers,biscuits apéritifs,"73,1",73.1,exact
38404,"Biscuit ou cracker apéritif, soufflé, goût cacahuète",produits céréaliers,biscuits apéritifs,"54,8",54.8,exact
38405,"Biscuit ou cracker apéritif, tuile, à base de pomme de terre",produits céréaliers,biscuits apéritifs,"59,1",59.1,exact
38406,"Cacahuète enrobée d'un biscuit salé ou aromatisé, pour apéritif",produits céréaliers,biscuits apéritifs,"45,4",45.4,exact
38407,"Biscuit ou cracker apéritif, feuilleté (flûtes, torsades, palmiers…), sans fromage",produits céréaliers,biscuits apéritifs,"59,7",59.7,exact
38408,"Biscuit apéritif, crêpe dentelle fourrée, préemballée",produits céréaliers,biscuits apéritifs,"48,8",48.8,exact
38410,"Biscuit ou cracker apéritif, feuilleté (flûtes, torsades, palmiers…), au fromage",produits céréaliers,biscuits apéritifs,"50,2",50.2,exact
38411,"Biscuit ou cracker apéritif, à base de blé, assortiment",produits céréaliers,biscuits apéritifs,"58,2",58.2,exact
38413,"Biscuit ou cracker apéritif, gaufrette fourrée",produits céréaliers,biscuits apéritifs,"39,6",39.6,exact
38414,"Gressin, au sésame",produits céréaliers,biscuits apéritifs,"59,3",59.3,exact
38415,"Gressin, au sésame, allégé en matière grasse",produits céréaliers,biscuits apéritifs,"56,8",56.8,exact
38416,"Biscuit ou cracker apéritif, à base de riz et cacahuètes enrobées, mélange japonais",produits céréaliers,biscuits apéritifs,72,72,exact
38417,"Chips de maïs ou tortilla chips, nature",produits céréaliers,biscuits apéritifs,"62,6",62.6,exact
38419,"Biscuit ou cracker apéritif, soufflé, goût bacon",produits céréaliers,biscuits apéritifs,"62,2",62.2,exact
38420,"Biscuit ou cracker apéritif, soufflé, nature",produits céréaliers,biscuits apéritifs,64,64,exact
38421,"Biscuit ou cracker apéritif, soufflé, goût fromage",produits céréaliers,biscuits apéritifs,"57,6",57.6,exact
38422,"Biscuit ou cracker apéritif, soufflé, sans précision (aliment moyen)",produits céréaliers,biscuits apéritifs,"48,8",48.8,exact
4090,Fécule de pomme de terre,produits céréaliers,farines,"86,3",86.3,exact
9410,Farine de blé tendre ou froment T110,produits céréaliers,farines,"68,6",68.6,exact
9415,Farine de blé tendre ou froment T150,produits céréaliers,farines,"64,9",64.9,exact
9435,Farine de blé tendre ou froment T65,produits céréaliers,farines,"71,5",71.5,exact
9436,Farine de blé tendre ou froment T55 (pour pains),produits céréaliers,farines,"73,7",73.7,exact
9437,Farine de blé tendre ou froment avec levure incorporée,produits céréaliers,farines,74,74,exact
9440,Farine de blé tendre ou froment T45 (pour pâtisserie),produits céréaliers,farines,"76,5",76.5,exact
9445,Farine de blé tendre ou froment T80,produits céréaliers,farines,"73,2",73.2,exact
9480,Farine d'épeautre (grand épeautre),produits céréaliers,farines,64,64,exact
9510,Amidon de maïs ou fécule de maïs,produits céréaliers,farines,"90,4",90.4,exact
9520,Farine de riz,produits céréaliers,farines,"73,9",73.9,exact
9530,Farine de seigle T170,produits céréaliers,farines,"44,8",44.8,exact
9532,Farine de seigle T85,produits céréaliers,farines,"68,7",68.7,exact
9533,Farine de seigle T130,produits céréaliers,farines,"70,9",70.9,exact
9540,Farine de sarrasin,produits céréaliers,farines,"68,4",68.4,exact
9545,Farine de maïs,produits céréaliers,farines,"80,9",80.9,exact
9550,Farine d'orge,produits céréaliers,farines,"64,4",64.4,exact
9555,Farine de millet,produits céréaliers,farines,"63,2",63.2,exact
9570,Farine de châtaigne,produits céréaliers,farines,"70,4",70.4,exact
9580,Farine de pois chiche,produits céréaliers,farines,47,47,exact
20915,Farine de soja complète,produits céréaliers,farines,"25,7",25.7,exact
96781,Amidon de riz,produits céréaliers,farines,85,85,exact
23399,"Pâte brisée, préemballée, cuite (aliment moyen)",produits céréaliers,pâtes à tarte,"46,4",46.4,exact
23402,"Pâte à pizza fine, préemballée, crue",produits céréaliers,pâtes à tarte,"47,4",47.4,exact
23410,"Pâte brisée, matière grasse végétale, préemballée, crue",produits céréaliers,pâtes à tarte,"42,7",42.7,exact
23412,"Pâte brisée, matière grasse végétale, préemballée, cuite",produits céréaliers,pâtes à tarte,"46,4",46.4,exact
23414,"Pâte brisée, pur beurre, préemballée, crue",produits céréaliers,pâtes à tarte,45,45,exact
23415,"Pâte brisée, pur beurre, surgelée, préemballée, crue",produits céréaliers,pâtes à tarte,"43,3",43.3,exact
23416,"Pâte brisée, pur beurre, préemballée, cuite",produits céréaliers,pâtes à tarte,"61,1",61.1,exact
23420,"Pâte feuilletée, matière grasse végétale, crue",produits céréaliers,pâtes à tarte,41,41,exact
23424,"Pâte feuilletée, pur beurre, préemballée, crue",produits céréaliers,pâtes à tarte,40,40,exact
23425,"Pâte feuilletée, pur beurre, surgelée, préemballée, crue",produits céréaliers,pâtes à tarte,"35,3",35.3,exact
23426,"Pâte feuilletée, pur beurre, préemballée, cuite",produits céréaliers,pâtes à tarte,42,42,exact
23430,"Feuille de brick ou khatfa, préemballée, cuite à sec sans matière grasse",produits céréaliers,pâtes à tarte,"57,1",57.1,exact
23440,"Pâte sablée, préemballée, crue",produits céréaliers,pâtes à tarte,50,50,exact
23442,"Pâte sablée, préemballée, cuite",produits céréaliers,pâtes à tarte,"64,3",64.3,exact
23444,"Pâte sablée, pur beurre, préemballée, crue",produits céréaliers,pâtes à tarte,"53,6",53.6,exact
23445,"Pâte phyllo ou pâte filo, crue",produits céréaliers,pâtes à tarte,"50,7",50.7,exact
23446,"Pâte sablée, pur beurre, surgelée, préemballée, crue",produits céréaliers,pâtes à tarte,"60,9",60.9,exact
23448,"Pâte sablée, pur beurre, préemballée, cuite",produits céréaliers,pâtes à tarte,63,63,exact
37001,"Pâte à pizza, préemballée, crue",produits céréaliers,pâtes à tarte,"44,2",44.2,exact
51550,"Feuille de brick ou khatfa, préemballée",produits céréaliers,pâtes à tarte,59,59,exact
96778,"Pâte à pizza, préemballée, cuite",produits céréaliers,pâtes à tarte,"54,6",54.6,exact
6584,"Viande blanche, cuite (aliment moyen)","viandes, oeufs, poissons",viandes cuites,"0,1",0.1,exact
6585,"Viande rouge, cuite (aliment moyen)","viandes, oeufs, poissons",viandes cuites,"0,025",0.025,exact
6999,Viande cuite (aliment moyen),"viandes, oeufs, poissons",viandes cuites,"0,14",0.14,exact
36042,"Volaille, viande cuite (aliment moyen)","viandes, oeufs, poissons",viandes cuites,"0,031",0.031,exact
36900,"Volaille, cuite (aliment moyen)","viandes, oeufs, poissons",viandes cuites,"0,033",0.033,exact
6100,"Boeuf, entrecôte, partie maigre grillée/poêlée","viandes, oeufs, poissons",viandes cuites,0,0,exact
6101,Boeuf braisé,"viandes, oeufs, poissons",viandes cuites,0,0,exact
6104,"Boeuf, gîte à la noix cuit","viandes, oeufs, poissons",viandes cuites,"0,2",0.2,exact
6105,"Boeuf, faux-filet rôti/cuit au four","viandes, oeufs, poissons",viandes cuites,0,0,exact
6110,"Boeuf, faux-filet grillé/poêlé","viandes, oeufs, poissons",viandes cuites,0,0,exact
6123,"Boeuf, plat de côtes braisé ou bouilli/cuit à l'eau","viandes, oeufs, poissons",viandes cuites,0,0,exact
6131,"Boeuf, hampe grillée/poêlée","viandes, oeufs, poissons",viandes cuites,0,0,exact
6141,"Boeuf, joue, braisée ou bouillie/cuite à l'eau","viandes, oeufs, poissons",viandes cuites,0,0,exact
6151,"Boeuf, jarret bouilli/cuit à l'eau","viandes, oeufs, poissons",viandes cuites,0,0,exact
6161,"Boeuf, tende de tranche grillée/poêlée","viandes, oeufs, poissons",viandes cuites,0,0,exact
6162,"Boeuf, tende de tranche rôtie/cuite au four","viandes, oeufs, poissons",viandes cuites,0,0,exact
6200,"Boeuf, steak ou bifteck grillé/poêlé","viandes, oeufs, poissons",viandes cuites,0,0,exact
6205,"Boeuf, onglet grillé/poêlé","viandes, oeufs, poissons",viandes cuites,0,0,exact
6207,"Boeuf, rumsteck grillé/poêlé","viandes, oeufs, poissons",viandes cuites,traces,0,traces
6208,"Boeuf, boule de macreuse grillée/poêlée","viandes, oeufs, poissons",viandes cuites,0,0,exact
6210,"Boeuf, rosbif rôti/cuit au four","viandes, oeufs, poissons",viandes cuites,"0,3",0.3,exact
6211,"Boeuf, bavette d'aloyau grillée/poêlée","viandes, oeufs, poissons",viandes cuites,0,0,exact
6214,"Boeuf, boule de macreuse rôtie/cuite au four","viandes, oeufs, poissons",viandes cuites,0,0,exact
6230,"Boeuf, à bourguignon ou pot-au-feu, cuit","viandes, oeufs, poissons",viandes cuites,0,0,exact
6241,"Boeuf, collier braisé","viandes, oeufs, poissons",viandes cuites,0,0,exact
6251,"Boeuf, steak haché 5% MG cuit","viandes, oeufs, poissons",viandes cuites,0,0,exact
6253,"Boeuf, steak haché 10% MG cuit","viandes, oeufs, poissons",viandes cuites,0,0,exact
6255,"Boeuf, steak haché 15% MG cuit","viandes, oeufs, poissons",viandes cuites,0,0,exact
6257,"Boeuf, steak haché 20% MG cuit","viandes, oeufs, poissons",viandes cuites,0,0,exact
6259,"Boeuf, steak haché, cuit (aliment moyen)","viandes, oeufs, poissons",viandes cuites,0,0,exact
6271,"Boeuf, paleron, braisé ou bouilli/cuit à l'eau","viandes, oeufs, poissons",viandes cuites,"0,2",0.2,exact
6310,"Boeuf, queue bouillie/cuite à l'eau","viandes, oeufs, poissons",viandes cuites,0,0,exact
6511,"Veau, côte grillée/poêlée","viandes, oeufs, poissons",viandes cuites,0,0,exact
6512,"Veau, carré grillé/poêlé","viandes, oeufs, poissons",viandes cuites,0,0,exact
6520,"Veau, escalope cuite","viandes, oeufs, poissons",viandes cuites,0,0,exact
6523,"Veau, noix grillée/poêlée","viandes, oeufs, poissons",viandes cuites,0,0,exact
6524,"Veau, noix rôtie/cuite au four","viandes, oeufs, poissons",viandes cuites,0,0,exact
6531,"Veau, filet rôti/cuit au four","viandes, oeufs, poissons",viandes cuites,"0,5",0.5,exact
6551,"Veau, rôti cuit","viandes, oeufs, poissons",viandes cuites,0,0,exact
6562,"Veau, épaule grillée/poêlée","viandes, oeufs, poissons",viandes cuites,0,0,exact
6563,"Veau, épaule braisée ou bouillie","viandes, oeufs, poissons",viandes cuites,0,0,exact
6564,"Veau, viande, cuite (aliment moyen)","viandes, oeufs, poissons",viandes cuites,"0,011",0.011,exact
6581,"Veau, jarret braisé ou bouilli","viandes, oeufs, poissons",viandes cuites,0,0,exact
6582,"Veau, tête, bouillie/cuite à l'eau","viandes, oeufs, poissons",viandes cuites,0,0,exact
6591,"Veau, collier braisé ou bouilli","viandes, oeufs, poissons",viandes cuites,0,0,exact
28010,"Porc, épaule cuite","viandes, oeufs, poissons",viandes cuites,0,0,exact
28101,"Porc, côte grillée/poêlée","viandes, oeufs, poissons",viandes cuites,0,0,exact
28103,"Porc, rouelle de jambon cuite","viandes, oeufs, poissons",viandes cuites,0,0,exact
28105,"Porc, carré cuit","viandes, oeufs, poissons",viandes cuites,"0,6",0.6,exact
28202,"Porc, filet maigre, en rôti, cuit","viandes, oeufs, poissons",viandes cuites,0,0,exact
28203,"Porc, filet mignon cuit","viandes, oeufs, poissons",viandes cuites,0,0,exact
28205,"Porc, viande, cuite (aliment moyen)","viandes, oeufs, poissons",viandes cuites,"0,22",0.22,exact
28301,"Porc, rôti cuit","viandes, oeufs, poissons",viandes cuites,"0,65",0.65,exact
28401,"Porc, travers braisé","viandes, oeufs, poissons",viandes cuites,0,0,exact
28451,"Porc, échine rôtie/cuite au four","viandes, oeufs, poissons",viandes cuites,0,0,exact
28461,"Porc, escalope de jambon cuite","viandes, oeufs, poissons",viandes cuites,0,0,exact
36004,"Poulet, cuisse, viande et peau rôtie/cuite au four","viandes, oeufs, poissons",viandes cuites,traces,0,traces
36005,"Poulet, viande et peau rôties/cuites au four","viandes, oeufs, poissons",viandes cuites,0,0,exact
36006,"Poulet, cuisse, viande rôtie/cuite au four","viandes, oeufs, poissons",viandes cuites,0,0,exact
36018,"Poulet, filet sans peau grillé/poêlé","viandes, oeufs, poissons",viandes cuites,0,0,exact
36030,"Poulet, cuisse, viande bouillie/cuite à l'eau","viandes, oeufs, poissons",viandes cuites,"0,7",0.7,exact
36031,"Poulet, cuisse, viande et peau bouillie/cuite à l'eau","viandes, oeufs, poissons",viandes cuites,"< 0,55",0.55,less_than
36032,"Poulet, poitrine, viande et peau rôties/cuites au four","viandes, oeufs, poissons",viandes cuites,0,0,exact
36033,"Poulet, aile, viande et peau rôties/cuites au four","viandes, oeufs, poissons",viandes cuites,0,0,exact
36041,"Poulet, filet sans peau grillé/poêlé, bio","viandes, oeufs, poissons",viandes cuites,0,0,exact
36302,"Dinde, viande rôtie/cuite au four","viandes, oeufs, poissons",viandes cuites,0,0,exact
36306,"Dinde, escalope grillée/poêlée","viandes, oeufs, poissons",viandes cuites,0,0,exact
36308,"Dinde, escalope rôtie/cuite au four","viandes, oeufs, poissons",viandes cuites,0,0,exact
21007,"Mouton, gigot rôti/cuit au four","viandes, oeufs, poissons",viandes cuites,0,0,exact
21501,"Agneau, côtelette grillée/poêlée","viandes, oeufs, poissons",viandes cuites,0,0,exact
21503,"Agneau, gigot rôti/cuit au four","viandes, oeufs, poissons",viandes cuites,0,0,exact
21506,"Agneau, épaule rôtie/cuite au four","viandes, oeufs, poissons",viandes cuites,0,0,exact
21507,"Agneau, épaule maigre rôtie/cuite au four","viandes, oeufs, poissons",viandes cuites,0,0,exact
21508,"Agneau, collier braisé ou bouilli","viandes, oeufs, poissons",viandes cuites,0,0,exact
21509,"Agneau, côte filet grillée/poêlée","viandes, oeufs, poissons",viandes cuites,0,0,exact
21512,"Agneau, côte première grillée/poêlée","viandes, oeufs, poissons",viandes cuites,0,0,exact
21513,"Agneau, selle, partie maigre rôtie/cuite au four","viandes, oeufs, poissons",viandes cuites,0,0,exact
21518,"Agneau, gigot grillé/poêlé","viandes, oeufs, poissons",viandes cuites,0,0,exact
21519,"Agneau, gigot braisé","viandes, oeufs, poissons",viandes cuites,0,0,exact
21520,"Agneau, selle, partie maigre grillée/poêlée","viandes, oeufs, poissons",viandes cuites,0,0,exact
21522,"Agneau, côte ou côtelette, cuite (aliment moyen)","viandes, oeufs, poissons",viandes cuites,0,0,exact
21523,"Agneau, viande, cuite (aliment moyen)","viandes, oeufs, poissons",viandes cuites,0,0,exact
21524,"Agneau, côte ou côtelette, grillée/poêlée (aliment moyen)","viandes, oeufs, poissons",viandes cuites,0,0,exact
14000,"Chevreuil, viande rôtie/cuite au four","viandes, oeufs, poissons",viandes cuites,0,0,exact
14003,"Sanglier, viande rôtie/cuite au four","viandes, oeufs, poissons",viandes cuites,0,0,exact
14007,"Cerf, viande rôtie/cuite au four","viandes, oeufs, poissons",viandes cuites,0,0,exact
14008,"Gibier à poil, cuit (aliment moyen)","viandes, oeufs, poissons",viandes cuites,0,0,exact
36402,"Faisan, viande rôtie/cuite au four","viandes, oeufs, poissons",viandes cuites,0,0,exact
36603,"Gibier à plumes, viande, cuit (aliment moyen)","viandes, oeufs, poissons",viandes cuites,0,0,exact
6902,"Cheval, viande rôtie/cuite au four","viandes, oeufs, poissons",viandes cuites,0,0,exact
6906,"Cheval, tende de tranche grillée/poêlée","viandes, oeufs, poissons",viandes cuites,0,0,exact
6907,"Cheval, faux-filet grillé/poêlé","viandes, oeufs, poissons",viandes cuites,0,0,exact
6908,"Cheval, entrecôte grillée/poêlée","viandes, oeufs, poissons",viandes cuites,0,0,exact
6909,"Cheval, faux-filet rôti/cuit au four","viandes, oeufs, poissons",viandes cuites,0,0,exact
6910,"Cheval, tende de tranche rôtie/cuite au four","viandes, oeufs, poissons",viandes cuites,0,0,exact
21801,"Chevreau, viande cuite","viandes, oeufs, poissons",viandes cuites,0,0,exact
34000,"Lapin, viande braisée","viandes, oeufs, poissons",viandes cuites,0,0,exact
34002,"Lapin, viande cuite","viandes, oeufs, poissons",viandes cuites,"0,5",0.5,exact
34004,"Lapin de garenne, viande cuite","viandes, oeufs, poissons",viandes cuites,0,0,exact
36051,"Chapon, viande et peau rôties/cuites au four","viandes, oeufs, poissons",viandes cuites,0,0,exact
36102,"Caille, viande et peau cuites","viandes, oeufs, poissons",viandes cuites,0,0,exact
36200,"Canard, viande et peau rôties/cuites au four","viandes, oeufs, poissons",viandes cuites,0,0,exact
36202,"Canard, viande rôtie/cuite au four","viandes, oeufs, poissons",viandes cuites,0,0,exact
36205,"Canard, magret grillé/poêlé","viandes, oeufs, poissons",viandes cuites,0,0,exact
36502,"Oie, viande rôtie/cuite au four","viandes, oeufs, poissons",viandes cuites,0,0,exact
36503,"Oie, viande et peau rôties/cuites au four","viandes, oeufs, poissons",viandes cuites,0,0,exact
36602,"Pigeon, viande rôtie/cuite au four","viandes, oeufs, poissons",viandes cuites,0,0,exact
36801,"Autruche, viande cuite","viandes, oeufs, poissons",viandes cuites,0,0,exact
40003,"Cervelle, agneau, cuite","viandes, oeufs, poissons",viandes cuites,"0,19",0.19,exact
40004,"Cervelle, porc, braisée","viandes, oeufs, poissons",viandes cuites,"< 0,05",0.05,less_than
40007,"Cervelle, veau, cuite","viandes, oeufs, poissons",viandes cuites,"0,6",0.6,exact
40053,"Coeur, boeuf, cuit","viandes, oeufs, poissons",viandes cuites,0,0,exact
40056,"Coeur, poulet, cuit","viandes, oeufs, poissons",viandes cuites,"0,1",0.1,exact
40057,"Coeur, dinde, cuit","viandes, oeufs, poissons",viandes cuites,0,0,exact
40059,"Coeur, agneau, cuit","viandes, oeufs, poissons",viandes cuites,"1,93",1.93,exact
40103,"Foie, agneau, cuit","viandes, oeufs, poissons",viandes cuites,"4,37",4.37,exact
40105,"Foie, génisse, cuit","viandes, oeufs, poissons",viandes cuites,"2,2",2.2,exact
40107,"Foie, veau, cuit","viandes, oeufs, poissons",viandes cuites,"9,23",9.23,exact
40109,"Foie, volaille, cuit","viandes, oeufs, poissons",viandes cuites,0,0,exact
40113,"Foie, porc, cuit","viandes, oeufs, poissons",viandes cuites,"3,76",3.76,exact
40116,"Foie, poulet, cuit","viandes, oeufs, poissons",viandes cuites,"0,86",0.86,exact
40118,"Foie, dinde, cuit","viandes, oeufs, poissons",viandes cuites,0,0,exact
40201,"Langue, veau, cuite","viandes, oeufs, poissons",viandes cuites,0,0,exact
40203,"Langue, boeuf, cuite","viandes, oeufs, poissons",viandes cuites,"0,22",0.22,exact
40303,"Ris, agneau, cuit","viandes, oeufs, poissons",viandes cuites,"0,25",0.25,exact
40305,"Ris, veau, braisé ou grillé/poêlé","viandes, oeufs, poissons",viandes cuites,"9,52",9.52,exact
40401,"Rognon, cuit (aliment moyen)","viandes, oeufs, poissons",viandes cuites,"0,018",0.018,exact
40403,"Rognon, boeuf, cuit","viandes, oeufs, poissons",viandes cuites,0,0,exact
40405,"Rognon, porc, cuit","viandes, oeufs, poissons",viandes cuites,0,0,exact
40406,"Rognon, agneau, braisé","viandes, oeufs, poissons",viandes cuites,"0,99",0.99,exact
40408,"Rognon, veau, braisé ou grillé/poêlé","viandes, oeufs, poissons",viandes cuites,0,0,exact
40601,"Abat, cuit (aliment moyen)","viandes, oeufs, poissons",viandes cuites,"2,18",2.18,exact
40701,"Gésier, canard, confit, appertisé","viandes, oeufs, poissons",viandes cuites,0,0,exact
6001,"Boeuf, côte crue","viandes, oeufs, poissons",viandes crues,0,0,exact
6002,"Boeuf, épaule crue","viandes, oeufs, poissons",viandes crues,0,0,exact
6003,"Boeuf, basse-côte crue","viandes, oeufs, poissons",viandes crues,"1,45",1.45,exact
6102,"Boeuf, gîte à la noix cru","viandes, oeufs, poissons",viandes crues,0,0,exact
6103,"Boeuf, entrecôte crue","viandes, oeufs, poissons",viandes crues,0,0,exact
6106,"Boeuf, rond de gîte cru","viandes, oeufs, poissons",viandes crues,"0,38",0.38,exact
6111,"Boeuf, faux-filet cru","viandes, oeufs, poissons",viandes crues,"0,6",0.6,exact
6116,"Boeuf, filet cru","viandes, oeufs, poissons",viandes crues,"0,22",0.22,exact
6122,"Boeuf, plat de côtes cru","viandes, oeufs, poissons",viandes crues,0,0,exact
6130,"Boeuf, hampe crue","viandes, oeufs, poissons",viandes crues,0,0,exact
6140,"Boeuf, joue crue","viandes, oeufs, poissons",viandes crues,"0,4",0.4,exact
6150,"Boeuf, jarret cru","viandes, oeufs, poissons",viandes crues,0,0,exact
6160,"Boeuf, tende de tranche crue","viandes, oeufs, poissons",viandes crues,"0,57",0.57,exact
6201,"Boeuf, steak ou bifteck cru","viandes, oeufs, poissons",viandes crues,"0,06",0.06,exact
6202,"Boeuf, boule de macreuse crue","viandes, oeufs, poissons",viandes crues,0,0,exact
6204,"Boeuf, onglet cru","viandes, oeufs, poissons",viandes crues,"0,62",0.62,exact
6206,"Boeuf, rumsteck cru","viandes, oeufs, poissons",viandes crues,"0,4",0.4,exact
6212,"Boeuf, bavette d'aloyau crue","viandes, oeufs, poissons",viandes crues,0,0,exact
6231,"Boeuf, à bourguignon ou pot-au-feu, cru","viandes, oeufs, poissons",viandes crues,0,0,exact
6240,"Boeuf, collier cru","viandes, oeufs, poissons",viandes crues,"0,78",0.78,exact
6250,"Boeuf, steak haché 5% MG cru","viandes, oeufs, poissons",viandes crues,"0,3",0.3,exact
6252,"Boeuf, steak haché 10% MG cru","viandes, oeufs, poissons",viandes crues,0,0,exact
6254,"Boeuf, steak haché 15% MG cru","viandes, oeufs, poissons",viandes crues,"0,47",0.47,exact
6256,"Boeuf, steak haché 20% MG cru","viandes, oeufs, poissons",viandes crues,0,0,exact
6270,"Boeuf, paleron cru","viandes, oeufs, poissons",viandes crues,0,0,exact
6311,"Boeuf, queue crue","viandes, oeufs, poissons",viandes crues,"0,23",0.23,exact
6510,"Veau, côte crue","viandes, oeufs, poissons",viandes crues,0,0,exact
6513,"Veau, carré cru","viandes, oeufs, poissons",viandes crues,"0,4",0.4,exact
6521,"Veau, escalope crue","viandes, oeufs, poissons",viandes crues,"0,58",0.58,exact
6522,"Veau, noix,crue","viandes, oeufs, poissons",viandes crues,0,0,exact
6530,"Veau, filet cru","viandes, oeufs, poissons",viandes crues,0,0,exact
6535,"Veau, steak haché 20% MG cru","viandes, oeufs, poissons",viandes crues,"0,4",0.4,exact
6536,"Veau, steak haché 15% MG cru","viandes, oeufs, poissons",viandes crues,0,0,exact
6540,"Veau, poitrine crue","viandes, oeufs, poissons",viandes crues,0,0,exact
6550,"Veau, rôti cru","viandes, oeufs, poissons",viandes crues,0,0,exact
6560,"Veau, épaule crue","viandes, oeufs, poissons",viandes crues,0,0,exact
6580,"Veau, pied cru","viandes, oeufs, poissons",viandes crues,0,0,exact
6583,"Veau, jarret cru","viandes, oeufs, poissons",viandes crues,0,0,exact
6590,"Veau, collier cru","viandes, oeufs, poissons",viandes crues,0,0,exact
28001,"Porc, épaule crue","viandes, oeufs, poissons",viandes crues,"0,38",0.38,exact
28002,"Porc, poitrine crue","viandes, oeufs, poissons",viandes crues,0,0,exact
28009,"Porc, palette crue","viandes, oeufs, poissons",viandes crues,0,0,exact
28100,"Porc, côte crue","viandes, oeufs, poissons",viandes crues,"0,38",0.38,exact
28102,"Porc, rouelle de jambon crue","viandes, oeufs, poissons",viandes crues,0,0,exact
28104,"Porc, carré cru","viandes, oeufs, poissons",viandes crues,"0,4",0.4,exact
28204,"Porc, filet mignon cru","viandes, oeufs, poissons",viandes crues,"0,4",0.4,exact
28300,"Porc, rôti cru","viandes, oeufs, poissons",viandes crues,"0,5",0.5,exact
28302,"Porc, échine crue","viandes, oeufs, poissons",viandes crues,"0,1",0.1,exact
28400,"Porc, travers cru","viandes, oeufs, poissons",viandes crues,"0,6",0.6,exact
28460,"Porc, escalope de jambon crue","viandes, oeufs, poissons",viandes crues,0,0,exact
28470,"Porc, bardière découennée crue","viandes, oeufs, poissons",viandes crues,"0,1",0.1,exact
28471,"Porc, gorge découennée crue","viandes, oeufs, poissons",viandes crues,"0,14",0.14,exact
28472,"Porc, hachage sans jarret, sans bateau, découenné, dégraissé, désossé, cru","viandes, oeufs, poissons",viandes crues,"0,23",0.23,exact
28473,"Porc, jambon sans jarret, sans bateau, découenné, dégraissé, désossé, cru","viandes, oeufs, poissons",viandes crues,"0,28",0.28,exact
28474,"Porc, jambonneau arrière, découenné, dégraisssé, désossé, cru","viandes, oeufs, poissons",viandes crues,"0,28",0.28,exact
28475,"Porc, maigre 90/10 cru","viandes, oeufs, poissons",viandes crues,"0,24",0.24,exact
28476,"Porc, maigre 80/20 cru","viandes, oeufs, poissons",viandes crues,"0,26",0.26,exact
28477,"Porc, palette, découennée, dégraissée, désossée, crue","viandes, oeufs, poissons",viandes crues,"0,25",0.25,exact
28479,"Porc, poitrine cutter, sans mouille, crue","viandes, oeufs, poissons",viandes crues,"0,22",0.22,exact
28480,"Porc, rôti filet avec chaînette, cru","viandes, oeufs, poissons",viandes crues,"0,37",0.37,exact
36000,"Poule, viande et peau crues","viandes, oeufs, poissons",viandes crues,"0,4",0.4,exact
36001,"Poule, viande crue","viandes, oeufs, poissons",viandes crues,0,0,exact
36002,"Poulet, cuisse, viande et peau crue","viandes, oeufs, poissons",viandes crues,0,0,exact
36003,"Poulet, viande crue","viandes, oeufs, poissons",viandes crues,0,0,exact
36007,"Poulet blanc, viande et peau crues","viandes, oeufs, poissons",viandes crues,0,0,exact
36008,"Poulet fermier, viande et peau crues","viandes, oeufs, poissons",viandes crues,0,0,exact
36014,"Poule, cuisse crue","viandes, oeufs, poissons",viandes crues,0,0,exact
36016,"Poulet, viande et peau crues","viandes, oeufs, poissons",viandes crues,"0,3",0.3,exact
36017,"Poulet, filet sans peau cru","viandes, oeufs, poissons",viandes crues,0,0,exact
36019,"Poulet, haut de cuisse, viande crue","viandes, oeufs, poissons",viandes crues,0,0,exact
36020,"Poulet éviscéré sans abats, cru","viandes, oeufs, poissons",viandes crues,0,0,exact
36022,"Poulet, pilon cru","viandes, oeufs, poissons",viandes crues,0,0,exact
36023,"Poulet, aile, viande et peau crues","viandes, oeufs, poissons",viandes crues,0,0,exact
36024,"Poulet, cuisse, viande crue","viandes, oeufs, poissons",viandes crues,0,0,exact
36029,"Poulet, poitrine, viande et peau crues","viandes, oeufs, poissons",viandes crues,0,0,exact
36037,"Poulet, cuisse, viande et peau crues bio","viandes, oeufs, poissons",viandes crues,0,0,exact
36038,"Poulet, cuisse, viande et peau crues label rouge","viandes, oeufs, poissons",viandes crues,0,0,exact
36039,"Poulet, filet sans peau cru, bio","viandes, oeufs, poissons",viandes crues,0,0,exact
36040,"Poulet, filet sans peau cru, label rouge","viandes, oeufs, poissons",viandes crues,0,0,exact
36300,"Dinde, viande et peau crues","viandes, oeufs, poissons",viandes crues,0,0,exact
36301,"Dinde, viande crue","viandes, oeufs, poissons",viandes crues,0,0,exact
36304,"Dinde, escalope crue","viandes, oeufs, poissons",viandes crues,0,0,exact
36305,"Dinde, cuisse, viande et peau crues","viandes, oeufs, poissons",viandes crues,0,0,exact
36307,"Dinde, cuisse, viande crue","viandes, oeufs, poissons",viandes crues,0,0,exact
36310,"Dinde, aile crue","viandes, oeufs, poissons",viandes crues,0,0,exact
36311,"Dinde, haut de cuisse cru","viandes, oeufs, poissons",viandes crues,0,0,exact
21001,"Mouton, viande crue","viandes, oeufs, poissons",viandes crues,0,0,exact
21003,"Mouton, épaule crue","viandes, oeufs, poissons",viandes crues,"0,1",0.1,exact
21004,"Mouton, pied cru","viandes, oeufs, poissons",viandes crues,0,0,exact
21005,"Mouton, tête crue","viandes, oeufs, poissons",viandes crues,0,0,exact
21006,"Mouton, gigot cru","viandes, oeufs, poissons",viandes crues,0,0,exact
21500,"Agneau, côtelette crue","viandes, oeufs, poissons",viandes crues,0,0,exact
21502,"Agneau, gigot cru","viandes, oeufs, poissons",viandes crues,"0,48",0.48,exact
21504,"Agneau, épaule crue","viandes, oeufs, poissons",viandes crues,"0,45",0.45,exact
21505,"Agneau, épaule maigre crue","viandes, oeufs, poissons",viandes crues,0,0,exact
21514,"Agneau, collier cru","viandes, oeufs, poissons",viandes crues,0,0,exact
21515,"Agneau, selle crue","viandes, oeufs, poissons",viandes crues,0,0,exact
21516,"Agneau, côte filet crue","viandes, oeufs, poissons",viandes crues,0,0,exact
21517,"Agneau, côte première crue","viandes, oeufs, poissons",viandes crues,0,0,exact
21521,"Agneau, côte ou côtelette, crue (aliment moyen)","viandes, oeufs, poissons",viandes crues,"0,35",0.35,exact
21525,"Agneau, côte découverte crue","viandes, oeufs, poissons",viandes crues,"1,38",1.38,exact
14002,"Sanglier, viande crue","viandes, oeufs, poissons",viandes crues,0,0,exact
14004,"Lièvre, viande crue","viandes, oeufs, poissons",viandes crues,0,0,exact
14005,"Chevreuil, viande crue","viandes, oeufs, poissons",viandes crues,0,0,exact
14006,"Cerf, viande crue","viandes, oeufs, poissons",viandes crues,0,0,exact
36401,"Faisan, viande crue","viandes, oeufs, poissons",viandes crues,0,0,exact
36403,"Faisan, viande et peau crues","viandes, oeufs, poissons",viandes crues,0,0,exact
6900,"Cheval, viande crue","viandes, oeufs, poissons",viandes crues,"0,5",0.5,exact
6901,"Cheval, steak ou bifteck cru","viandes, oeufs, poissons",viandes crues,"0,4",0.4,exact
6903,"Cheval, tende de tranche crue","viandes, oeufs, poissons",viandes crues,0,0,exact
6904,"Cheval, faux-filet cru","viandes, oeufs, poissons",viandes crues,0,0,exact
6905,"Cheval, entrecôte crue","viandes, oeufs, poissons",viandes crues,0,0,exact
21800,"Chevreau, viande crue","viandes, oeufs, poissons",viandes crues,0,0,exact
34001,"Lapin, viande crue","viandes, oeufs, poissons",viandes crues,"0,58",0.58,exact
34003,"Lapin de garenne, viande crue","viandes, oeufs, poissons",viandes crues,0,0,exact
36050,"Chapon, viande et peau crues","viandes, oeufs, poissons",viandes crues,0,0,exact
36100,"Caille, viande et peau crues","viandes, oeufs, poissons",viandes crues,0,0,exact
36101,"Caille, viande crue","viandes, oeufs, poissons",viandes crues,0,0,exact
36201,"Canard, viande crue","viandes, oeufs, poissons",viandes crues,0,0,exact
36203,"Canard, cuisse avec peau, sans os, crue","viandes, oeufs, poissons",viandes crues,"0,3",0.3,exact
36204,"Canard, viande et peau crues","viandes, oeufs, poissons",viandes crues,0,0,exact
36206,"Canard, magret cru","viandes, oeufs, poissons",viandes crues,"0,1",0.1,exact
36500,"Oie, viande crue","viandes, oeufs, poissons",viandes crues,0,0,exact
36501,"Oie, viande et peau crues","viandes, oeufs, poissons",viandes crues,0,0,exact
36600,"Pigeon, viande crue","viandes, oeufs, poissons",viandes crues,0,0,exact
36700,"Pintade, viande crue","viandes, oeufs, poissons",viandes crues,0,0,exact
36702,"Pintade, poitrine crue","viandes, oeufs, poissons",viandes crues,0,0,exact
36703,"Pintade, cuisse crue","viandes, oeufs, poissons",viandes crues,"0,2",0.2,exact
36800,"Autruche, viande crue","viandes, oeufs, poissons",viandes crues,0,0,exact
40002,"Cervelle, agneau, crue","viandes, oeufs, poissons",viandes crues,"0,49",0.49,exact
40005,"Cervelle, porc, crue","viandes, oeufs, poissons",viandes crues,"1,02",1.02,exact
40006,"Cervelle, veau, crue","viandes, oeufs, poissons",viandes crues,"0,33",0.33,exact
40052,"Coeur, boeuf, cru","viandes, oeufs, poissons",viandes crues,"0,6",0.6,exact
40054,"Coeur, poulet, cru","viandes, oeufs, poissons",viandes crues,"0,71",0.71,exact
40055,"Coeur, dinde, cru","viandes, oeufs, poissons",viandes crues,"0,4",0.4,exact
40058,"Coeur, agneau, cru","viandes, oeufs, poissons",viandes crues,"0,21",0.21,exact
40060,"Coeur, porc, cru","viandes, oeufs, poissons",viandes crues,"1,32",1.32,exact
40062,"Coeur, veau, cru","viandes, oeufs, poissons",viandes crues,"0,08",0.08,exact
40102,"Foie, agneau, cru","viandes, oeufs, poissons",viandes crues,"0,16",0.16,exact
40104,"Foie, génisse, cru","viandes, oeufs, poissons",viandes crues,"3,33",3.33,exact
40106,"Foie, veau, cru","viandes, oeufs, poissons",viandes crues,"5,64",5.64,exact
40108,"Foie, volaille, cru","viandes, oeufs, poissons",viandes crues,"1,25",1.25,exact
40110,"Foie, lapin, cru","viandes, oeufs, poissons",viandes crues,"5,39",5.39,exact
40111,"Foie, poulet, cru","viandes, oeufs, poissons",viandes crues,"0,73",0.73,exact
40115,"Foie, dinde, cru","viandes, oeufs, poissons",viandes crues,0,0,exact
40119,"Foie, porc, cru","viandes, oeufs, poissons",viandes crues,"1,06",1.06,exact
40120,"Foie, oie, cru","viandes, oeufs, poissons",viandes crues,"6,32",6.32,exact
40121,"Foie, canard, cru","viandes, oeufs, poissons",viandes crues,"3,52",3.52,exact
40202,"Langue, boeuf, crue","viandes, oeufs, poissons",viandes crues,"0,82",0.82,exact
40204,"Langue, veau, crue","viandes, oeufs, poissons",viandes crues,"0,83",0.83,exact
40205,"Langue, porc, crue","viandes, oeufs, poissons",viandes crues,"0,5",0.5,exact
40207,"Langue, agneau, crue","viandes, oeufs, poissons",viandes crues,"1,75",1.75,exact
40302,"Ris, agneau, cru","viandes, oeufs, poissons",viandes crues,"0,17",0.17,exact
40304,"Ris, veau, cru","viandes, oeufs, poissons",viandes crues,0,0,exact
40402,"Rognon, boeuf, cru","viandes, oeufs, poissons",viandes crues,"0,85",0.85,exact
40404,"Rognon, porc, cru","viandes, oeufs, poissons",viandes crues,"1,1",1.1,exact
40407,"Rognon, agneau, cru","viandes, oeufs, poissons",viandes crues,"1,08",1.08,exact
40409,"Rognon, veau, cru","viandes, oeufs, poissons",viandes crues,"0,85",0.85,exact
40502,"Tripes, boeuf, crues","viandes, oeufs, poissons",viandes crues,0,0,exact
40600,"Sang, boeuf, cru","viandes, oeufs, poissons",viandes crues,"0,8",0.8,exact
40700,"Gésier, poulet, cru","viandes, oeufs, poissons",viandes crues,0,0,exact
30900,Charcuterie (aliment moyen),"viandes, oeufs, poissons",charcuteries et alternatives végétales,"1,94",1.94,exact
8429,Jambon persillé en gelée,"viandes, oeufs, poissons",charcuteries et alternatives végétales,"0,48",0.48,exact
28700,Jambon de porc à cuire ou jambon à rôtir/cuire au four,"viandes, oeufs, poissons",charcuteries et alternatives végétales,"1,75",1.75,exact
28727,Filet de bacon,"viandes, oeufs, poissons",charcuteries et alternatives végétales,"0,7",0.7,exact
28803,"Jambon cuit, fumé","viandes, oeufs, poissons",charcuteries et alternatives végétales,"0,79",0.79,exact
28900,"Jambon cuit, supérieur","viandes, oeufs, poissons",charcuteries et alternatives végétales,"0,76",0.76,exact
28901,"Jambon cuit, supérieur, avec couenne","viandes, oeufs, poissons",charcuteries et alternatives végétales,"0,91",0.91,exact
28902,"Jambon cuit, supérieur, découenné","viandes, oeufs, poissons",charcuteries et alternatives végétales,"0,77",0.77,exact
28905,Jambon à l'os braisé,"viandes, oeufs, poissons",charcuteries et alternatives végétales,"0,3",0.3,exact
28906,"Jambon cuit, supérieur, découenné dégraissé","viandes, oeufs, poissons",charcuteries et alternatives végétales,"0,14",0.14,exact
28907,"Jambon cuit, supérieur, dégraissé découenne, à teneur réduite en sel","viandes, oeufs, poissons",charcuteries et alternatives végétales,"0,74",0.74,exact
28910,"Jambon cuit, choix","viandes, oeufs, poissons",charcuteries et alternatives végétales,"1,7",1.7,exact
28911,"Épaule de porc, cuite, choix, découennée dégraissée","viandes, oeufs, poissons",charcuteries et alternatives végétales,"2,8",2.8,exact
28912,"Jambon cuit, choix, avec couenne","viandes, oeufs, poissons",charcuteries et alternatives végétales,"0,55",0.55,exact
28913,"Jambon cuit, choix, découenné dégraissé","viandes, oeufs, poissons",charcuteries et alternatives végétales,"1,88",1.88,exact
28917,Rond de jambon cuit,"viandes, oeufs, poissons",charcuteries et alternatives végétales,"1,4",1.4,exact
28922,"Dés, allumettes, râpé ou haché de jambon","viandes, oeufs, poissons",charcuteries et alternatives végétales,"2,08",2.08,exact
28924,"Épaule de porc, cuite, standard, découennée dégraissée","viandes, oeufs, poissons",charcuteries et alternatives végétales,"2,89",2.89,exact
28925,"Jambon cuit, de Paris, découenné dégraissé","viandes, oeufs, poissons",charcuteries et alternatives végétales,"1,08",1.08,exact
28929,"Dés, allumettes, râpé ou haché de jambon de volaille","viandes, oeufs, poissons",charcuteries et alternatives végétales,"1,58",1.58,exact
28960,"Jambonneau, cuit","viandes, oeufs, poissons",charcuteries et alternatives végétales,"5,43",5.43,exact
28963,Jambon de poulet ou blanc de poulet en tranche,"viandes, oeufs, poissons",charcuteries et alternatives végétales,"1,39",1.39,exact
28964,Jambon de dinde ou blanc de dinde en tranche,"viandes, oeufs, poissons",charcuteries et alternatives végétales,"0,023",0.023,exact
28965,"Jambon de volaille ou blanc de volaille, à teneur réduite en sel, en tranche","viandes, oeufs, poissons",charcuteries et alternatives végétales,"1,6",1.6,exact
28800,Jambon cru,"viandes, oeufs, poissons",charcuteries et alternatives végétales,"4,27",4.27,exact
28801,Jambon cru fumé,"viandes, oeufs, poissons",charcuteries et alternatives végétales,"0,98",0.98,exact
28804,"Jambon cru fumé, allégé en matière grasse","viandes, oeufs, poissons",charcuteries et alternatives végétales,"0,1",0.1,exact
28811,Jambon de Bayonne,"viandes, oeufs, poissons",charcuteries et alternatives végétales,"4,51",4.51,exact
28812,Jambon sec,"viandes, oeufs, poissons",charcuteries et alternatives végétales,"0,48",0.48,exact
28844,Jambon sec de Parme,"viandes, oeufs, poissons",charcuteries et alternatives végétales,"0,3",0.3,exact
28845,Jambon sec Serrano,"viandes, oeufs, poissons",charcuteries et alternatives végétales,"0,76",0.76,exact
28850,Coppa,"viandes, oeufs, poissons",charcuteries et alternatives végétales,1,1,exact
28858,Pancetta ou poitrine roulée sèche,"viandes, oeufs, poissons",charcuteries et alternatives végétales,"2,49",2.49,exact
30300,Saucisson sec,"viandes, oeufs, poissons",charcuteries et alternatives végétales,"5,48",5.48,exact
30301,Saucisson sec pur porc,"viandes, oeufs, poissons",charcuteries et alternatives végétales,"1,79",1.79,exact
30302,"Saucisson sec pur porc, qualité supérieure","viandes, oeufs, poissons",charcuteries et alternatives végétales,"2,1",2.1,exact
30304,Rosette ou fuseau,"viandes, oeufs, poissons",charcuteries et alternatives végétales,"4,86",4.86,exact
30308,Saucisson sec de Lyon pur porc,"viandes, oeufs, poissons",charcuteries et alternatives végétales,"0,83",0.83,exact
30309,Saucisse sèche,"viandes, oeufs, poissons",charcuteries et alternatives végétales,"4,04",4.04,exact
30311,Saucisson sec aux noix et/ou noisettes,"viandes, oeufs, poissons",charcuteries et alternatives végétales,"1,78",1.78,exact
30314,Saucisson sec allégé en matière grasse,"viandes, oeufs, poissons",charcuteries et alternatives végétales,"1,57",1.57,exact
30005,Chipolata cuite,"viandes, oeufs, poissons",charcuteries et alternatives végétales,"0,8",0.8,exact
30011,Saucisse de Toulouse cuite,"viandes, oeufs, poissons",charcuteries et alternatives végétales,"1,28",1.28,exact
30050,Chair à saucisse crue,"viandes, oeufs, poissons",charcuteries et alternatives végétales,"0,6",0.6,exact
30051,"Chair à saucisse, pur porc, crue","viandes, oeufs, poissons",charcuteries et alternatives végétales,0,0,exact
30052,Farce porc et boeuf crue,"viandes, oeufs, poissons",charcuteries et alternatives végétales,"4,4",4.4,exact
30102,Saucisse fumée à cuire,"viandes, oeufs, poissons",charcuteries et alternatives végétales,-,,missing
30104,Saucisse de Morteau,"viandes, oeufs, poissons",charcuteries et alternatives végétales,"1,17",1.17,exact
30105,"Saucisse de Montbéliard, à cuire","viandes, oeufs, poissons",charcuteries et alternatives végétales,"1,72",1.72,exact
30108,Saucisse de Morteau bouillie/cuite à l'eau,"viandes, oeufs, poissons",charcuteries et alternatives végétales,0,0,exact
30110,Saucisse de Toulouse crue,"viandes, oeufs, poissons",charcuteries et alternatives végétales,"0,64",0.64,exact
30115,Chipolata crue,"viandes, oeufs, poissons",charcuteries et alternatives végétales,1,1,exact
30125,Saucisse alsacienne fumée ou gendarme,"viandes, oeufs, poissons",charcuteries et alternatives végétales,-,,missing
30130,Saucisse de volaille façon charcutière,"viandes, oeufs, poissons",charcuteries et alternatives végétales,"1,14",1.14,exact
30131,Saucisse de volaille type knack,"viandes, oeufs, poissons",charcuteries et alternatives végétales,"1,82",1.82,exact
30134,Saucisse de Francfort,"viandes, oeufs, poissons",charcuteries et alternatives végétales,"3,37",3.37,exact
30150,Merguez crue,"viandes, oeufs, poissons",charcuteries et alternatives végétales,"1,15",1.15,exact
30151,Merguez crue (aliment moyen),"viandes, oeufs, poissons",charcuteries et alternatives végétales,-,,missing
30152,"Merguez, pur boeuf, crue","viandes, oeufs, poissons",charcuteries et alternatives végétales,-,,missing
30153,"Merguez, boeuf et porc, crue","viandes, oeufs, poissons",charcuteries et alternatives végétales,-,,missing
30154,"Merguez, boeuf, mouton et porc, crue","viandes, oeufs, poissons",charcuteries et alternatives végétales,-,,missing
30155,"Merguez, boeuf et mouton, cuite","viandes, oeufs, poissons",charcuteries et alternatives végétales,"1,8",1.8,exact
30156,"Merguez, boeuf et mouton, crue","viandes, oeufs, poissons",charcuteries et alternatives végétales,"2,8",2.8,exact
30176,Saucisse de foie,"viandes, oeufs, poissons",charcuteries et alternatives végétales,"0,9",0.9,exact
30177,Diot cru,"viandes, oeufs, poissons",charcuteries et alternatives végétales,-,,missing
30742,"Saucisse de Strasbourg ou knack, à cuire","viandes, oeufs, poissons",charcuteries et alternatives végétales,"1,39",1.39,exact
30743,"Saucisse de Strasbourg ou knack, à teneur réduite en sel, à cuire","viandes, oeufs, poissons",charcuteries et alternatives végétales,"1,5",1.5,exact
30746,Saucisse cocktail,"viandes, oeufs, poissons",charcuteries et alternatives végétales,"1,46",1.46,exact
30750,Saucisse viennoise crue,"viandes, oeufs, poissons",charcuteries et alternatives végétales,-,,missing
30764,Saucisse de jambon pur porc,"viandes, oeufs, poissons",charcuteries et alternatives végétales,"3,96",3.96,exact
30766,Saucisse de bière,"viandes, oeufs, poissons",charcuteries et alternatives végétales,-,,missing
30778,Saucisse de langue à la pistache,"viandes, oeufs, poissons",charcuteries et alternatives végétales,-,,missing
30780,Saucisse (aliment moyen),"viandes, oeufs, poissons",charcuteries et alternatives végétales,"1,22",1.22,exact
8120,Confit de foie de porc,"viandes, oeufs, poissons",charcuteries et alternatives végétales,"1,3",1.3,exact
8125,Confit de foie de volaille,"viandes, oeufs, poissons",charcuteries et alternatives végétales,"6,22",6.22,exact
8201,Pâté au poivre vert,"viandes, oeufs, poissons",charcuteries et alternatives végétales,"1,45",1.45,exact
8206,Pâté au jambon,"viandes, oeufs, poissons",charcuteries et alternatives végétales,"1,04",1.04,exact
8211,Pâté ou terrine de campagne,"viandes, oeufs, poissons",charcuteries et alternatives végétales,"1,5",1.5,exact
8212,"Pâté ou terrine de campagne, à teneur réduite en sel","viandes, oeufs, poissons",charcuteries et alternatives végétales,"4,2",4.2,exact
8214,Pâté breton,"viandes, oeufs, poissons",charcuteries et alternatives végétales,"2,88",2.88,exact
8232,Terrine de canard,"viandes, oeufs, poissons",charcuteries et alternatives végétales,"5,64",5.64,exact
8240,Pâté de lapin,"viandes, oeufs, poissons",charcuteries et alternatives végétales,"1,73",1.73,exact
8242,Terrine de lapin,"viandes, oeufs, poissons",charcuteries et alternatives végétales,"6,44",6.44,exact
8245,Pâté de gibier,"viandes, oeufs, poissons",charcuteries et alternatives végétales,"3,28",3.28,exact
8250,Pâté ou terrine aux champignons (forestier),"viandes, oeufs, poissons",charcuteries et alternatives végétales,"5,93",5.93,exact
8300,"Pâté de foie de porc, supérieur","viandes, oeufs, poissons",charcuteries et alternatives végétales,"6,5",6.5,exact
8305,Pâté de foie de porc,"viandes, oeufs, poissons",charcuteries et alternatives végétales,"2,91",2.91,exact
8312,Mousse de foie de porc supérieure ou crème de foie,"viandes, oeufs, poissons",charcuteries et alternatives végétales,"10,9",10.9,exact
8313,Mousse de foie de porc,"viandes, oeufs, poissons",charcuteries et alternatives végétales,"3,39",3.39,exact
8315,Mousse de canard,"viandes, oeufs, poissons",charcuteries et alternatives végétales,"7,07",7.07,exact
8316,Pâté de foie de volaille,"viandes, oeufs, poissons",charcuteries et alternatives végétales,"1,21",1.21,exact
8326,Pâté de foie d'oie,"viandes, oeufs, poissons",charcuteries et alternatives végétales,"4,67",4.67,exact
8332,Pâté (aliment moyen),"viandes, oeufs, poissons",charcuteries et alternatives végétales,"1,91",1.91,exact
8391,Pâté en croûte,"viandes, oeufs, poissons",charcuteries et alternatives végétales,"21,7",21.7,exact
8000,Rillettes traditionnelles de porc,"viandes, oeufs, poissons",charcuteries et alternatives végétales,"3,73",3.73,exact
8001,Rillettes pur porc,"viandes, oeufs, poissons",charcuteries et alternatives végétales,"0,13",0.13,exact
8002,Rillettes supérieures de porc,"viandes, oeufs, poissons",charcuteries et alternatives végétales,"0,17",0.17,exact
8010,Rillettes de Tours (porc),"viandes, oeufs, poissons",charcuteries et alternatives végétales,"0,1",0.1,exact
8015,Rillettes du Mans (porc),"viandes, oeufs, poissons",charcuteries et alternatives végétales,"4,79",4.79,exact
8025,Rillettes pur oie,"viandes, oeufs, poissons",charcuteries et alternatives végétales,"0,1",0.1,exact
8026,Rillettes de canard,"viandes, oeufs, poissons",charcuteries et alternatives végétales,"1,03",1.03,exact
8030,Rillettes d'oie,"viandes, oeufs, poissons",charcuteries et alternatives végétales,"0,99",0.99,exact
8040,Rillettes de poulet,"viandes, oeufs, poissons",charcuteries et alternatives végétales,"0,49",0.49,exact
8903,"Quenelle de veau en sauce, appertisée","viandes, oeufs, poissons",charcuteries et alternatives végétales,"14,8",14.8,exact
8910,"Quenelle de volaille, à cuire","viandes, oeufs, poissons",charcuteries et alternatives végétales,"14,7",14.7,exact
8912,"Quenelle de volaille en sauce, appertisée","viandes, oeufs, poissons",charcuteries et alternatives végétales,"10,3",10.3,exact
8932,"Quenelle de poisson en sauce, appertisée","viandes, oeufs, poissons",charcuteries et alternatives végétales,"10,5",10.5,exact
8933,"Quenelle de poisson, à cuire","viandes, oeufs, poissons",charcuteries et alternatives végétales,"23,6",23.6,exact
8937,"Quenelle nature, à cuire","viandes, oeufs, poissons",charcuteries et alternatives végétales,"14,7",14.7,exact
8109,"Confit de canard, viande (cuisse), sans peau, appertisé, réchauffé","viandes, oeufs, poissons",charcuteries et alternatives végétales,traces,0,traces
8110,"Confit de canard, appertisé","viandes, oeufs, poissons",charcuteries et alternatives végétales,"0,15",0.15,exact
8111,"Canard, magret fumé","viandes, oeufs, poissons",charcuteries et alternatives végétales,"0,5",0.5,exact
8321,"Foie gras, canard, entier, cuit","viandes, oeufs, poissons",charcuteries et alternatives végétales,"0,026",0.026,exact
8323,"Foie gras, canard, bloc, sans morceaux","viandes, oeufs, poissons",charcuteries et alternatives végétales,"1,09",1.09,exact
8324,"Foie gras, canard, bloc, 30% de morceaux","viandes, oeufs, poissons",charcuteries et alternatives végétales,"2,19",2.19,exact
8325,"Foie gras, canard, bloc, 50% de morceaux","viandes, oeufs, poissons",charcuteries et alternatives végétales,"4,28",4.28,exact
8328,"Foie gras, canard, cru","viandes, oeufs, poissons",charcuteries et alternatives végétales,"1,41",1.41,exact
8331,"Foie gras, canard, bloc (aliment moyen)","viandes, oeufs, poissons",charcuteries et alternatives végétales,"2,19",2.19,exact
8350,Galantine,"viandes, oeufs, poissons",charcuteries et alternatives végétales,"1,28",1.28,exact
8373,Roulade de porc pistachée,"viandes, oeufs, poissons",charcuteries et alternatives végétales,3,3,exact
8380,Oeuf au jambon en gelée,"viandes, oeufs, poissons",charcuteries et alternatives végétales,-,,missing
8395,Jambon en croûte,"viandes, oeufs, poissons",charcuteries et alternatives végétales,"17,8",17.8,exact
8400,Fromage de tête,"viandes, oeufs, poissons",charcuteries et alternatives végétales,"3,15",3.15,exact
8450,Museau de boeuf,"viandes, oeufs, poissons",charcuteries et alternatives végétales,0,0,exact
8500,Andouille,"viandes, oeufs, poissons",charcuteries et alternatives végétales,"0,3",0.3,exact
8501,Andouille de Guéméné,"viandes, oeufs, poissons",charcuteries et alternatives végétales,traces,0,traces
8504,"Andouille, réchauffée à la poêle","viandes, oeufs, poissons",charcuteries et alternatives végétales,0,0,exact
8512,Andouille de Vire,"viandes, oeufs, poissons",charcuteries et alternatives végétales,traces,0,traces
8550,"Andouillette, à cuire","viandes, oeufs, poissons",charcuteries et alternatives végétales,"0,5",0.5,exact
8551,"Andouillette, grillée/poêlée","viandes, oeufs, poissons",charcuteries et alternatives végétales,"0,54",0.54,exact
8552,"Andouillette de Troyes, à cuire","viandes, oeufs, poissons",charcuteries et alternatives végétales,1,1,exact
8703,"Boudin noir, à cuire","viandes, oeufs, poissons",charcuteries et alternatives végétales,"0,29",0.29,exact
8704,"Boudin noir, grillé/poêlé","viandes, oeufs, poissons",charcuteries et alternatives végétales,"3,78",3.78,exact
8705,"Boudin, grillé/poêlé (aliment moyen)","viandes, oeufs, poissons",charcuteries et alternatives végétales,"4,59",4.59,exact
8742,"Boudin antillais, à cuire","viandes, oeufs, poissons",charcuteries et alternatives végétales,"9,2",9.2,exact
8800,"Boudin blanc, grillé/poêlé","viandes, oeufs, poissons",charcuteries et alternatives végétales,"6,6",6.6,exact
8801,"Boudin blanc, à cuire","viandes, oeufs, poissons",charcuteries et alternatives végétales,"3,64",3.64,exact
8803,"Boudin blanc truffé, à cuire","viandes, oeufs, poissons",charcuteries et alternatives végétales,"9,01",9.01,exact
28501,"Lardon nature, cru","viandes, oeufs, poissons",charcuteries et alternatives végétales,"1,01",1.01,exact
28502,"Poitrine de porc en salaison, fumée, crue","viandes, oeufs, poissons",charcuteries et alternatives végétales,"0,79",0.79,exact
28503,Bresaola,"viandes, oeufs, poissons",charcuteries et alternatives végétales,"0,49",0.49,exact
28504,"Lardon nature, cuit","viandes, oeufs, poissons",charcuteries et alternatives végétales,2,2,exact
28505,"Corned-beef, appertisé","viandes, oeufs, poissons",charcuteries et alternatives végétales,"< 0,1",0.1,less_than
28507,"Poitrine de porc en salaison, nature, crue","viandes, oeufs, poissons",charcuteries et alternatives végétales,"0,76",0.76,exact
28530,Oreille de porc demi-sel,"viandes, oeufs, poissons",charcuteries et alternatives végétales,"0,6",0.6,exact
28540,Pied de porc demi-sel,"viandes, oeufs, poissons",charcuteries et alternatives végétales,"0,01",0.01,exact
28550,Poitrine de porc demi-sel,"viandes, oeufs, poissons",charcuteries et alternatives végétales,"1,3",1.3,exact
28720,"Lardon fumé, cru","viandes, oeufs, poissons",charcuteries et alternatives végétales,"0,35",0.35,exact
28723,"Lardon, cru, à teneur réduite en sel","viandes, oeufs, poissons",charcuteries et alternatives végétales,"0,78",0.78,exact
28725,"Lardon fumé, cuit","viandes, oeufs, poissons",charcuteries et alternatives végétales,"4,8",4.8,exact
28860,Viande des Grisons,"viandes, oeufs, poissons",charcuteries et alternatives végétales,"0,56",0.56,exact
28927,Haché de volaille,"viandes, oeufs, poissons",charcuteries et alternatives végétales,"3,5",3.5,exact
28976,"Rôti de volaille en salaison, cuit","viandes, oeufs, poissons",charcuteries et alternatives végétales,"1,28",1.28,exact
30312,Pavé au poivre (charcuterie),"viandes, oeufs, poissons",charcuteries et alternatives végétales,"1,51",1.51,exact
30315,Chorizo,"viandes, oeufs, poissons",charcuteries et alternatives végétales,"1,24",1.24,exact
30316,"Chorizo supérieur, doux ou fort, type saucisse sèche","viandes, oeufs, poissons",charcuteries et alternatives végétales,"1,87",1.87,exact
30317,"Chorizo supérieur, doux ou fort, type charcuterie en tranches","viandes, oeufs, poissons",charcuteries et alternatives végétales,"1,47",1.47,exact
30350,Salami,"viandes, oeufs, poissons",charcuteries et alternatives végétales,"2,59",2.59,exact
30351,Salami pur porc,"viandes, oeufs, poissons",charcuteries et alternatives végétales,"0,75",0.75,exact
30366,Salami type danois,"viandes, oeufs, poissons",charcuteries et alternatives végétales,"2,42",2.42,exact
30700,Saucisson à l'ail,"viandes, oeufs, poissons",charcuteries et alternatives végétales,"0,56",0.56,exact
30701,Saucisson pur porc cuit,"viandes, oeufs, poissons",charcuteries et alternatives végétales,"1,3",1.3,exact
30707,"Saucisson brioché, cuit","viandes, oeufs, poissons",charcuteries et alternatives végétales,"20,9",20.9,exact
30730,Cervelas,"viandes, oeufs, poissons",charcuteries et alternatives végétales,"1,56",1.56,exact
30731,Cervelas obernois,"viandes, oeufs, poissons",charcuteries et alternatives végétales,1,1,exact
30732,"Cervelas à l'ail, pur porc","viandes, oeufs, poissons",charcuteries et alternatives végétales,"0,2",0.2,exact
30789,Mortadelle,"viandes, oeufs, poissons",charcuteries et alternatives végétales,"0,69",0.69,exact
30790,"Mortadelle, pur porc","viandes, oeufs, poissons",charcuteries et alternatives végétales,"4,46",4.46,exact
30791,"Mortadelle, porc et boeuf","viandes, oeufs, poissons",charcuteries et alternatives végétales,"2,53",2.53,exact
30797,Mortadelle pistachée pur porc,"viandes, oeufs, poissons",charcuteries et alternatives végétales,"0,42",0.42,exact
30801,Saucisson de cheval type cervelas,"viandes, oeufs, poissons",charcuteries et alternatives végétales,"1,4",1.4,exact
1030,"Fines tranches végétales, préemballées","viandes, oeufs, poissons",charcuteries et alternatives végétales,"4,13",4.13,exact
1031,"Spécialité végétale type pâté, préemballée","viandes, oeufs, poissons",charcuteries et alternatives végétales,"9,45",9.45,exact
20337,"Saucisse végétale au tofu (convient aux véganes ou végétaliens), préemballée","viandes, oeufs, poissons",charcuteries et alternatives végétales,"5,69",5.69,exact
20338,"Quenelle au tofu (ne convient pas aux véganes ou végétaliens), préemballée","viandes, oeufs, poissons",charcuteries et alternatives végétales,"4,97",4.97,exact
25232,"Saucisse végétale au blé ou seitan, préemballé","viandes, oeufs, poissons",charcuteries et alternatives végétales,"7,53",7.53,exact
1032,"Haché à base de boeuf et soja, préemballé","viandes, oeufs, poissons",autres produits à base de viande,"2,48",2.48,exact
1034,"Saucisse de volaille type knack (contenant du soja), préemballée","viandes, oeufs, poissons",autres produits à base de viande,"2,72",2.72,exact
25990,"Mahi-mahi, chair, cuit","viandes, oeufs, poissons",poissons cuits,"1,47",1.47,exact
25996,"Saumon, cuit, sans précision (aliment moyen)","viandes, oeufs, poissons",poissons cuits,"0,61",0.61,exact
25997,"Cabillaud, cuit, sans précision (aliment moyen)","viandes, oeufs, poissons",poissons cuits,traces,0,traces
26003,"Carrelet ou plie ou plie commune, cuit à la vapeur","viandes, oeufs, poissons",poissons cuits,traces,0,traces
26008,"Églefin, cuit à la vapeur","viandes, oeufs, poissons",poissons cuits,0,0,exact
26012,"Hareng, frit","viandes, oeufs, poissons",poissons cuits,0,0,exact
26014,"Hareng, grillé/poêlé","viandes, oeufs, poissons",poissons cuits,1,1,exact
26015,"Lieu noir, cuit","viandes, oeufs, poissons",poissons cuits,< 1,1,less_than
26017,"Limande-sole, cuite à la vapeur","viandes, oeufs, poissons",poissons cuits,"1,9",1.9,exact
26019,"Maquereau, rôti/cuit au four","viandes, oeufs, poissons",poissons cuits,traces,0,traces
26020,"Maquereau, frit","viandes, oeufs, poissons",poissons cuits,traces,0,traces
26021,"Merlan, frit","viandes, oeufs, poissons",poissons cuits,"0,55",0.55,exact
26022,"Merlan, cuit à la vapeur","viandes, oeufs, poissons",poissons cuits,traces,0,traces
26023,"Cabillaud, rôti/cuit au four","viandes, oeufs, poissons",poissons cuits,traces,0,traces
26024,"Morue, salée, bouillie/cuite à l'eau","viandes, oeufs, poissons",poissons cuits,traces,0,traces
26025,"Cabillaud, cuit à la vapeur","viandes, oeufs, poissons",poissons cuits,traces,0,traces
26026,"Mulet, rôti/cuit au four","viandes, oeufs, poissons",poissons cuits,traces,0,traces
26031,"Raie, rôtie/cuite au four","viandes, oeufs, poissons",poissons cuits,0,0,exact
26033,"Roussette ou petite roussette ou saumonette, cuite","viandes, oeufs, poissons",poissons cuits,traces,0,traces
26038,"Saumon, cuit à la vapeur","viandes, oeufs, poissons",poissons cuits,"0,9",0.9,exact
26041,"Thon, rôti/cuit au four","viandes, oeufs, poissons",poissons cuits,traces,0,traces
26059,"Sole, cuite à la vapeur","viandes, oeufs, poissons",poissons cuits,traces,0,traces
26060,"Sole, rôtie/cuite au four","viandes, oeufs, poissons",poissons cuits,traces,0,traces
26061,"Sole, bouillie/cuite à l'eau","viandes, oeufs, poissons",poissons cuits,0,0,exact
26062,"Sole, frite","viandes, oeufs, poissons",poissons cuits,0,0,exact
26073,"Raie, cuite au court-bouillon","viandes, oeufs, poissons",poissons cuits,traces,0,traces
26081,"Lotte ou baudroie, grillée/poêlée","viandes, oeufs, poissons",poissons cuits,traces,0,traces
26093,"Espadon, rôti/cuit au four","viandes, oeufs, poissons",poissons cuits,traces,0,traces
26094,"Turbot, rôti/cuit au four","viandes, oeufs, poissons",poissons cuits,"0,83",0.83,exact
26120,"Merlu, cuit à l'étouffée","viandes, oeufs, poissons",poissons cuits,traces,0,traces
26126,"Églefin, grillé/poêlé","viandes, oeufs, poissons",poissons cuits,0,0,exact
26136,"Sardine,  grillée/poêlée","viandes, oeufs, poissons",poissons cuits,traces,0,traces
26147,"Vivaneau, cuit","viandes, oeufs, poissons",poissons cuits,0,0,exact
26148,"Rascasse ou rascasse de profondeur, cuite à la vapeur","viandes, oeufs, poissons",poissons cuits,0,0,exact
26192,"Lieu jaune ou colin, cuit","viandes, oeufs, poissons",poissons cuits,0,0,exact
26211,"Saumon, élevage, cuit au micro-onde","viandes, oeufs, poissons",poissons cuits,traces,0,traces
26217,"Saumon, élevage, bouilli/cuit à l'eau","viandes, oeufs, poissons",poissons cuits,traces,0,traces
26222,"Dorade grise ou daurade grise ou griset, rôtie/cuite au four","viandes, oeufs, poissons",poissons cuits,"1,43",1.43,exact
26229,"Saumon, grillé/poêlé","viandes, oeufs, poissons",poissons cuits,0,0,exact
26230,"Saumon, élevage, rôti/cuit au four","viandes, oeufs, poissons",poissons cuits,"0,98",0.98,exact
26234,"Julienne ou lingue, cuite","viandes, oeufs, poissons",poissons cuits,0,0,exact
26247,"Flétan du Groënland ou flétan noir ou flétan commun, cuit à la vapeur","viandes, oeufs, poissons",poissons cuits,"1,28",1.28,exact
26248,"Sole, grillée/poêlée","viandes, oeufs, poissons",poissons cuits,0,0,exact
26998,"Truite saumonée, sautée/poêlée","viandes, oeufs, poissons",poissons cuits,traces,0,traces
26999,"Anguille, cuite (aliment moyen)","viandes, oeufs, poissons",poissons cuits,traces,0,traces
27000,"Anguille, rôtie/cuite au four","viandes, oeufs, poissons",poissons cuits,traces,0,traces
27001,"Anguille, bouillie/cuite à l'eau","viandes, oeufs, poissons",poissons cuits,traces,0,traces
27002,"Brochet, rôti/cuit au four","viandes, oeufs, poissons",poissons cuits,0,0,exact
27004,"Carpe, rôtie/cuite au four","viandes, oeufs, poissons",poissons cuits,traces,0,traces
27005,"Perche ou perche européenne, rôtie/cuite au four","viandes, oeufs, poissons",poissons cuits,traces,0,traces
27006,"Truite, rôtie/cuite au four","viandes, oeufs, poissons",poissons cuits,traces,0,traces
27007,"Truite ou truite fario, cuite à la vapeur","viandes, oeufs, poissons",poissons cuits,traces,0,traces
27014,"Truite arc en ciel, élevage, rôtie/cuite au four","viandes, oeufs, poissons",poissons cuits,traces,0,traces
27015,"Truite arc en ciel, élevage, cuite à la vapeur","viandes, oeufs, poissons",poissons cuits,traces,0,traces
27018,"Pangas, poisson-chat, machoiron, cuit","viandes, oeufs, poissons",poissons cuits,0,0,exact
27030,"Bar commun ou loup, rôti/cuit au four","viandes, oeufs, poissons",poissons cuits,"1,02",1.02,exact
27031,"Dorade royale ou daurade ou vraie daurade, rôtie/cuite au four","viandes, oeufs, poissons",poissons cuits,traces,0,traces
25991,"Mahi-mahi, chair, cru","viandes, oeufs, poissons",poissons crus,"1,15",1.15,exact
26001,"Bar rayé ou bar d'Amérique, cru","viandes, oeufs, poissons",poissons crus,traces,0,traces
26006,"Lieu ou colin d'Alaska, cru","viandes, oeufs, poissons",poissons crus,"0,51",0.51,exact
26009,"Flétan de l'Atlantique ou flétan, cru","viandes, oeufs, poissons",poissons crus,0,0,exact
26011,"Hareng, cru","viandes, oeufs, poissons",poissons crus,0,0,exact
26018,"Lotte ou baudroie, crue","viandes, oeufs, poissons",poissons crus,traces,0,traces
26036,"Saumon, élevage, cru","viandes, oeufs, poissons",poissons crus,traces,0,traces
26042,"Turbot, sauvage, cru","viandes, oeufs, poissons",poissons crus,traces,0,traces
26043,"Cabillaud, cru","viandes, oeufs, poissons",poissons crus,traces,0,traces
26044,"Merlu, cru","viandes, oeufs, poissons",poissons crus,0,0,exact
26047,"Lieu noir, surgelé, cru","viandes, oeufs, poissons",poissons crus,traces,0,traces
26048,"Merlu, filet, surgelé, cru","viandes, oeufs, poissons",poissons crus,"1,7",1.7,exact
26051,"Maquereau, cru","viandes, oeufs, poissons",poissons crus,"0,93",0.93,exact
26052,"Raie, crue","viandes, oeufs, poissons",poissons crus,"0,5",0.5,exact
26053,"Thon, cru","viandes, oeufs, poissons",poissons crus,"2,72",2.72,exact
26055,"Carrelet ou plie ou plie commune, cru","viandes, oeufs, poissons",poissons crus,traces,0,traces
26057,"Limande, crue","viandes, oeufs, poissons",poissons crus,traces,0,traces
26058,"Sole, crue","viandes, oeufs, poissons",poissons crus,traces,0,traces
26063,"Rascasse ou rascasse de profondeur, crue","viandes, oeufs, poissons",poissons crus,traces,0,traces
26064,"Thon albacore, cru","viandes, oeufs, poissons",poissons crus,1,1,exact
26065,"Sardine, crue","viandes, oeufs, poissons",poissons crus,0,0,exact
26068,"Thon listao ou bonite à ventre rayé, cru","viandes, oeufs, poissons",poissons crus,0,0,exact
26069,"Thon rouge, cru","viandes, oeufs, poissons",poissons crus,"0,59",0.59,exact
26072,"Bar commun ou loup, cru","viandes, oeufs, poissons",poissons crus,"0,9",0.9,exact
26074,"Roussette ou petite roussette ou saumonette, crue","viandes, oeufs, poissons",poissons crus,0,0,exact
26075,"Loup de l'Atlantique, cru","viandes, oeufs, poissons",poissons crus,traces,0,traces
26076,"Thon germon ou thon blanc, cru","viandes, oeufs, poissons",poissons crus,traces,0,traces
26079,"Anchois, cru","viandes, oeufs, poissons",poissons crus,traces,0,traces
26080,"Dorade royale ou daurade ou vraie daurade, sauvage, crue","viandes, oeufs, poissons",poissons crus,"0,6",0.6,exact
26082,"Espadon, cru","viandes, oeufs, poissons",poissons crus,1,1,exact
26083,"Éperlan, cru","viandes, oeufs, poissons",poissons crus,traces,0,traces
26084,"Cardine franche, crue","viandes, oeufs, poissons",poissons crus,0,0,exact
26085,"Rouget-barbet de roche, cru","viandes, oeufs, poissons",poissons crus,traces,0,traces
26088,"Dorade royale ou daurade ou vraie daurade, élevage, crue","viandes, oeufs, poissons",poissons crus,traces,0,traces
26091,"Mulet, cru","viandes, oeufs, poissons",poissons crus,"1,35",1.35,exact
26092,"Truite de mer, crue","viandes, oeufs, poissons",poissons crus,"0,81",0.81,exact
26095,"Merlan, cru","viandes, oeufs, poissons",poissons crus,traces,0,traces
26099,"Dorade grise ou daurade grise, ou griset, crue","viandes, oeufs, poissons",poissons crus,0,0,exact
26100,"Bogue, crue","viandes, oeufs, poissons",poissons crus,"0,53",0.53,exact
26101,"Bonite ou bonite à dos rayé, crue","viandes, oeufs, poissons",poissons crus,0,0,exact
26102,"Maquereau espagnol ou maquereau blanc ou billard, cru","viandes, oeufs, poissons",poissons crus,0,0,exact
26103,"Denté ou denté commun, cru","viandes, oeufs, poissons",poissons crus,"0,65",0.65,exact
26104,"Saint-Pierre, cru","viandes, oeufs, poissons",poissons crus,traces,0,traces
26106,"Grondin, cru","viandes, oeufs, poissons",poissons crus,"3,4",3.4,exact
26107,"Corb, cru","viandes, oeufs, poissons",poissons crus,0,0,exact
26108,"Capelan, cru","viandes, oeufs, poissons",poissons crus,0,0,exact
26109,"Dorade rose ou daurade rose ou pageot rose, crue","viandes, oeufs, poissons",poissons crus,0,0,exact
26110,"Rouget-barbet de roche, vapeur","viandes, oeufs, poissons",poissons crus,0,0,exact
26111,"Saupe, crue","viandes, oeufs, poissons",poissons crus,"0,5",0.5,exact
26113,"Chinchard, cru","viandes, oeufs, poissons",poissons crus,0,0,exact
26122,"Églefin, cru","viandes, oeufs, poissons",poissons crus,"1,02",1.02,exact
26125,"Cabillaud ou morue du Pacifique, cru","viandes, oeufs, poissons",poissons crus,0,0,exact
26127,"Congre ou congre commun, cru","viandes, oeufs, poissons",poissons crus,"3,15",3.15,exact
26128,"Grenadier (de roche), cru","viandes, oeufs, poissons",poissons crus,traces,0,traces
26129,"Lieu jaune ou colin, cru","viandes, oeufs, poissons",poissons crus,0,0,exact
26130,"Julienne ou lingue, crue","viandes, oeufs, poissons",poissons crus,traces,0,traces
26133,"Tacaud, cru","viandes, oeufs, poissons",poissons crus,0,0,exact
26134,"Lieu noir, cru","viandes, oeufs, poissons",poissons crus,0,0,exact
26135,"Limande-sole, crue","viandes, oeufs, poissons",poissons crus,traces,0,traces
26141,"Foie de morue, cru","viandes, oeufs, poissons",poissons crus,1,1,exact
26146,"Vivaneau, cru","viandes, oeufs, poissons",poissons crus,0,0,exact
26153,"Sabre, cru","viandes, oeufs, poissons",poissons crus,traces,0,traces
26154,"Flétan du Groënland ou flétan noir ou flétan commun, cru","viandes, oeufs, poissons",poissons crus,traces,0,traces
26157,"Carangue, cru","viandes, oeufs, poissons",poissons crus,0,0,exact
26159,"Coulirou, cru","viandes, oeufs, poissons",poissons crus,0,0,exact
26161,"Saumon, sauvage, cru","viandes, oeufs, poissons",poissons crus,0,0,exact
26162,"Requin, cru","viandes, oeufs, poissons",poissons crus,"1,34",1.34,exact
26166,"Orphie commune, crue","viandes, oeufs, poissons",poissons crus,"3,06",3.06,exact
26168,"Lompe, crue","viandes, oeufs, poissons",poissons crus,0,0,exact
26170,"Brème, cru","viandes, oeufs, poissons",poissons crus,"1,03",1.03,exact
26171,"Omble chevalier, cru","viandes, oeufs, poissons",poissons crus,0,0,exact
26172,"Loup tacheté, cru","viandes, oeufs, poissons",poissons crus,0,0,exact
26173,"Sprat, cru","viandes, oeufs, poissons",poissons crus,"0,57",0.57,exact
26174,"Turbot, cru","viandes, oeufs, poissons",poissons crus,0,0,exact
26175,"Corégone lavaret ou lavaret, cru","viandes, oeufs, poissons",poissons crus,0,0,exact
26178,"Mérou, cru","viandes, oeufs, poissons",poissons crus,"0,72",0.72,exact
26194,"Lingue bleue, crue","viandes, oeufs, poissons",poissons crus,0,0,exact
26200,"Sole tropicale ou sole-langue, crue","viandes, oeufs, poissons",poissons crus,"0,53",0.53,exact
26201,"Turbot, élevage, cru","viandes, oeufs, poissons",poissons crus,traces,0,traces
26205,"Bar commun ou loup (Méditerranée), sauvage, cru","viandes, oeufs, poissons",poissons crus,0,0,exact
26206,"Bar commun ou loup (Méditerranée), élevage, cru","viandes, oeufs, poissons",poissons crus,traces,0,traces
26208,"Baudroie rousse ou Lotte, crue","viandes, oeufs, poissons",poissons crus,traces,0,traces
26210,"Sébaste du nord ou grand sébaste, ou dorade sébaste, ou daurade sébaste, crue","viandes, oeufs, poissons",poissons crus,traces,0,traces
26213,"Hoki, tout lieu de pêche, cru","viandes, oeufs, poissons",poissons crus,traces,0,traces
26214,"Hoki de Nouvelle-Zélande, cru","viandes, oeufs, poissons",poissons crus,traces,0,traces
26219,"Grondin perlon, cru","viandes, oeufs, poissons",poissons crus,traces,0,traces
26223,"Saumon argenté du Pacifique (coho), cru","viandes, oeufs, poissons",poissons crus,0,0,exact
26233,"Merlu blanc du Cap, surgelé, cru","viandes, oeufs, poissons",poissons crus,traces,0,traces
26235,"Chinchard maigre, cru","viandes, oeufs, poissons",poissons crus,traces,0,traces
26236,"Chinchard gras, cru","viandes, oeufs, poissons",poissons crus,0,0,exact
26237,"Hareng maigre, cru","viandes, oeufs, poissons",poissons crus,0,0,exact
26238,"Hareng gras, cru","viandes, oeufs, poissons",poissons crus,"0,77",0.77,exact
26240,"Joëls (petits poissons entiers) pour friture, crus","viandes, oeufs, poissons",poissons crus,0,0,exact
26241,"Empereur, filet, sans peau, cru","viandes, oeufs, poissons",poissons crus,0,0,exact
26244,"Rouget-barbet, filet avec peau, surgelé, cru (Thaïlande,Vietnam, Sénégal…)","viandes, oeufs, poissons",poissons crus,0,0,exact
27003,"Carpe,  élevage, crue","viandes, oeufs, poissons",poissons crus,0,0,exact
27008,"Truite ou truite fario, élevage, crue","viandes, oeufs, poissons",poissons crus,0,0,exact
27009,"Truite arc en ciel, élevage, crue","viandes, oeufs, poissons",poissons crus,0,0,exact
27010,"Perche ou perche européenne, crue","viandes, oeufs, poissons",poissons crus,"0,6",0.6,exact
27011,"Brochet, cru","viandes, oeufs, poissons",poissons crus,1,1,exact
27012,"Esturgeon d’Europe occidentale, cru","viandes, oeufs, poissons",poissons crus,"0,87",0.87,exact
27016,"Anguille, crue","viandes, oeufs, poissons",poissons crus,"2,06",2.06,exact
27017,"Pangas, poisson-chat, machoiron, cru","viandes, oeufs, poissons",poissons crus,traces,0,traces
27019,"Tilapia, cru","viandes, oeufs, poissons",poissons crus,traces,0,traces
27021,"Truite saumonée, crue","viandes, oeufs, poissons",poissons crus,traces,0,traces
27023,"Lotte de rivière, crue","viandes, oeufs, poissons",poissons crus,0,0,exact
27024,"Sandre, cru","viandes, oeufs, poissons",poissons crus,"1,06",1.06,exact
27025,"Perche du Nil, crue","viandes, oeufs, poissons",poissons crus,traces,0,traces
10000,"Bigorneau, cuit","viandes, oeufs, poissons",mollusques et crustacés cuits,"3,01",3.01,exact
10004,"Coquille Saint-Jacques, noix et corail, cuite","viandes, oeufs, poissons",mollusques et crustacés cuits,"3,22",3.22,exact
10006,"Crevette grise, cuite","viandes, oeufs, poissons",mollusques et crustacés cuits,"0,47",0.47,exact
10007,"Crevette, cuite","viandes, oeufs, poissons",mollusques et crustacés cuits,"0,2",0.2,exact
10009,"Homard, bouilli/cuit à l'eau","viandes, oeufs, poissons",mollusques et crustacés cuits,"0,11",0.11,exact
10013,"Moule, bouillie/cuite à l'eau","viandes, oeufs, poissons",mollusques et crustacés cuits,"5,12",5.12,exact
10020,"Bulot ou buccin, cuit","viandes, oeufs, poissons",mollusques et crustacés cuits,"2,69",2.69,exact
10022,"Langouste, bouillie/cuite à l'eau","viandes, oeufs, poissons",mollusques et crustacés cuits,"1,3",1.3,exact
10025,"Crabe ou tourteau, bouilli/cuit à l'eau","viandes, oeufs, poissons",mollusques et crustacés cuits,"1,79",1.79,exact
10027,"Clam, praire ou palourde, bouilli/cuit à l'eau","viandes, oeufs, poissons",mollusques et crustacés cuits,"5,33",5.33,exact
10031,"Écrevisse, cuite","viandes, oeufs, poissons",mollusques et crustacés cuits,"0,56",0.56,exact
10033,"Crevette bouquet, sauvage, cuite","viandes, oeufs, poissons",mollusques et crustacés cuits,0,0,exact
10034,"Coque, cuite","viandes, oeufs, poissons",mollusques et crustacés cuits,"5,64",5.64,exact
10037,"Calmar ou calamar ou encornet, bouilli/cuit à l'eau","viandes, oeufs, poissons",mollusques et crustacés cuits,"1,64",1.64,exact
10043,Fruits de mer (aliment moyen),"viandes, oeufs, poissons",mollusques et crustacés cuits,"2,47",2.47,exact
10044,"Langoustine, bouillie/cuite à l'eau","viandes, oeufs, poissons",mollusques et crustacés cuits,0,0,exact
10057,"Araignée de mer, bouillie/cuite à l'eau","viandes, oeufs, poissons",mollusques et crustacés cuits,"0,16",0.16,exact
10061,"Crevette blanche ou crevette tropicale (rose), élevage, cuite","viandes, oeufs, poissons",mollusques et crustacés cuits,"0,14",0.14,exact
10062,"Crevette tropicale (tigrée), élevage, cuite","viandes, oeufs, poissons",mollusques et crustacés cuits,"0,75",0.75,exact
10064,"Crevette tropicale (rose), cuite (Penaeus brasiliensis)","viandes, oeufs, poissons",mollusques et crustacés cuits,0,0,exact
10079,"Poulpe, cuit","viandes, oeufs, poissons",mollusques et crustacés cuits,"4,4",4.4,exact
10080,"Fruits de mer, mélange ou cocktail, surgelés, cuits","viandes, oeufs, poissons",mollusques et crustacés cuits,"2,83",2.83,exact
10084,"Calmar ou calamar ou encornet, frit ou poêlé avec matière grasse","viandes, oeufs, poissons",mollusques et crustacés cuits,"8,45",8.45,exact
10086,"Crevettes, décortiquées, cuites, réfrigérées, préemballées","viandes, oeufs, poissons",mollusques et crustacés cuits,"2,6",2.6,exact
10088,"Ecrevisses, décortiquées, cuites, réfrigérées, préemballées","viandes, oeufs, poissons",mollusques et crustacés cuits,"0,1",0.1,exact
10089,"Crevettes grises, décortiquées, cuites, réfrigérées, préemballées","viandes, oeufs, poissons",mollusques et crustacés cuits,"0,083",0.083,exact
10099,"Escargot, cuit","viandes, oeufs, poissons",mollusques et crustacés cuits,"1,39",1.39,exact
10100,"Crevette sauvage, cuite","viandes, oeufs, poissons",mollusques et crustacés cuits,"0,04",0.04,exact
10101,"Crevette, élevage, cuite (aliment moyen)","viandes, oeufs, poissons",mollusques et crustacés cuits,"0,64",0.64,exact
34501,"Grenouille, cuisse, grillée/poêlée","viandes, oeufs, poissons",mollusques et crustacés cuits,"0,015",0.015,exact
10001,"Calmar ou calamar ou encornet, cru","viandes, oeufs, poissons",mollusques et crustacés crus,"2,17",2.17,exact
10003,"Coquille Saint-Jacques, noix et corail, crue","viandes, oeufs, poissons",mollusques et crustacés crus,"0,78",0.78,exact
10008,"Escargot, cru","viandes, oeufs, poissons",mollusques et crustacés crus,"1,29",1.29,exact
10010,"Homard, cru","viandes, oeufs, poissons",mollusques et crustacés crus,"0,94",0.94,exact
10011,"Huître, sans précision, crue","viandes, oeufs, poissons",mollusques et crustacés crus,"3,86",3.86,exact
10014,"Moule commune, crue","viandes, oeufs, poissons",mollusques et crustacés crus,"2,69",2.69,exact
10015,"Langouste, crue","viandes, oeufs, poissons",mollusques et crustacés crus,"1,07",1.07,exact
10016,"Seiche, crue","viandes, oeufs, poissons",mollusques et crustacés crus,"0,51",0.51,exact
10017,"Clam, praire ou palourde, cru","viandes, oeufs, poissons",mollusques et crustacés crus,"2,66",2.66,exact
10018,"Poulpe, cru","viandes, oeufs, poissons",mollusques et crustacés crus,"0,97",0.97,exact
10019,"Bulot ou buccin, cru","viandes, oeufs, poissons",mollusques et crustacés crus,"7,61",7.61,exact
10021,"Crevette, crue","viandes, oeufs, poissons",mollusques et crustacés crus,"3,21",3.21,exact
10024,"Langoustine, crue","viandes, oeufs, poissons",mollusques et crustacés crus,"1,53",1.53,exact
10026,"Moule de Méditerranée, crue","viandes, oeufs, poissons",mollusques et crustacés crus,"2,77",2.77,exact
10030,"Écrevisse, crue","viandes, oeufs, poissons",mollusques et crustacés crus,"0,81",0.81,exact
10035,"Huître creuse, crue","viandes, oeufs, poissons",mollusques et crustacés crus,"3,86",3.86,exact
10036,"Huître plate, crue","viandes, oeufs, poissons",mollusques et crustacés crus,"1,16",1.16,exact
10038,"Crevette, surgelée, crue","viandes, oeufs, poissons",mollusques et crustacés crus,"0,74",0.74,exact
10039,"Crabe, cru","viandes, oeufs, poissons",mollusques et crustacés crus,"0,027",0.027,exact
10041,"Ormeau, cru","viandes, oeufs, poissons",mollusques et crustacés crus,"8,69",8.69,exact
10045,"Coquille Saint-Jacques, noix, crue","viandes, oeufs, poissons",mollusques et crustacés crus,"1,15",1.15,exact
10048,"Pecten d'Amérique ou peigne du Canada, noix, crue","viandes, oeufs, poissons",mollusques et crustacés crus,"1,78",1.78,exact
10049,"Pétoncle ou peigne du Pérou, noix, crue","viandes, oeufs, poissons",mollusques et crustacés crus,"3,1",3.1,exact
10074,"Bigorneau, cru","viandes, oeufs, poissons",mollusques et crustacés crus,0,0,exact
34500,"Grenouille, cuisse, crue","viandes, oeufs, poissons",mollusques et crustacés crus,"0,66",0.66,exact
8059,"Rillettes de crabe, préemballées","viandes, oeufs, poissons",produits à base de poissons et produits de la mer,"4,61",4.61,exact
8080,"Rillettes de poisson, préemballées","viandes, oeufs, poissons",produits à base de poissons et produits de la mer,traces,0,traces
8081,"Rillettes de saumon, préemballées","viandes, oeufs, poissons",produits à base de poissons et produits de la mer,"2,77",2.77,exact
8082,"Rillettes de thon, préemballées","viandes, oeufs, poissons",produits à base de poissons et produits de la mer,"1,88",1.88,exact
8083,"Rillettes de maquereau, préemballées","viandes, oeufs, poissons",produits à base de poissons et produits de la mer,1,1,exact
8290,"Tarama, au saumon fumé, préemballé","viandes, oeufs, poissons",produits à base de poissons et produits de la mer,"4,74",4.74,exact
8291,"Terrine de poisson, préemballée","viandes, oeufs, poissons",produits à base de poissons et produits de la mer,"4,21",4.21,exact
8292,"Terrine de fruits de mer (par ex. de Saint-Jacques), avec ou sans poisson, préemballée","viandes, oeufs, poissons",produits à base de poissons et produits de la mer,"7,89",7.89,exact
8293,"Tarama, aux oeufs de cabillaud, préemballé","viandes, oeufs, poissons",produits à base de poissons et produits de la mer,"4,01",4.01,exact
10002,"Calmar ou calamar ou encornet, à la romaine (beignet), préemballé","viandes, oeufs, poissons",produits à base de poissons et produits de la mer,"26,7",26.7,exact
10005,"Crabe, miettes et ou pattes décortiquées, appertisé, égoutté","viandes, oeufs, poissons",produits à base de poissons et produits de la mer,"4,16",4.16,exact
10012,"Langoustine, panée, frite","viandes, oeufs, poissons",produits à base de poissons et produits de la mer,29,29,exact
10023,Beignet de crevette,"viandes, oeufs, poissons",produits à base de poissons et produits de la mer,"35,5",35.5,exact
10028,"Moules, au naturel, appertisées, égouttées","viandes, oeufs, poissons",produits à base de poissons et produits de la mer,"2,6",2.6,exact
10042,"Escargot en sauce au beurre persillé, préemballé, cuit","viandes, oeufs, poissons",produits à base de poissons et produits de la mer,"1,75",1.75,exact
10081,"Moules à la sauce catalane ou escabèche (tomate), appertisée, égouttée","viandes, oeufs, poissons",produits à base de poissons et produits de la mer,"4,9",4.9,exact
25433,"Accra de poisson, préemballé","viandes, oeufs, poissons",produits à base de poissons et produits de la mer,"15,1",15.1,exact
25537,"Carpaccio de saumon avec marinade, fait maison","viandes, oeufs, poissons",produits à base de poissons et produits de la mer,"0,22",0.22,exact
25992,"Saumon fumé, aux cinq baies","viandes, oeufs, poissons",produits à base de poissons et produits de la mer,"1,44",1.44,exact
25993,"Saumon fumé, à l'aneth et au citron","viandes, oeufs, poissons",produits à base de poissons et produits de la mer,"0,37",0.37,exact
25994,"Maquereau, filet grillé, appertisé, en sauce, égoutté","viandes, oeufs, poissons",produits à base de poissons et produits de la mer,"0,96",0.96,exact
25998,"Hareng fumé, doux","viandes, oeufs, poissons",produits à base de poissons et produits de la mer,"0,44",0.44,exact
25999,"Anchois, filets, roulés aux câpres, salés, à l'huile, semi-conserve, égouttés","viandes, oeufs, poissons",produits à base de poissons et produits de la mer,"1,56",1.56,exact
26000,"Anchois, filets, marinés à l'huile, semi-conserve, égouttés","viandes, oeufs, poissons",produits à base de poissons et produits de la mer,"0,47",0.47,exact
26002,"Carrelet ou plie ou plie commune, pané, frit","viandes, oeufs, poissons",produits à base de poissons et produits de la mer,"15,2",15.2,exact
26004,"Oeufs de lompe ou oeufs de lump, semi-conserve","viandes, oeufs, poissons",produits à base de poissons et produits de la mer,"1,01",1.01,exact
26005,"Caviar, semi-conserve","viandes, oeufs, poissons",produits à base de poissons et produits de la mer,traces,0,traces
26010,"Hareng mariné ou rollmops, préemballé","viandes, oeufs, poissons",produits à base de poissons et produits de la mer,"1,95",1.95,exact
26013,"Hareng fumé, au naturel","viandes, oeufs, poissons",produits à base de poissons et produits de la mer,"0,5",0.5,exact
26016,"Limande-sole, panée, frite","viandes, oeufs, poissons",produits à base de poissons et produits de la mer,"11,9",11.9,exact
26027,"Pilchard, sauce tomate, appertisé, égoutté","viandes, oeufs, poissons",produits à base de poissons et produits de la mer,"1,5",1.5,exact
26028,"Nuggets ou croquette panée de poisson, préemballé","viandes, oeufs, poissons",produits à base de poissons et produits de la mer,"18,4",18.4,exact
26029,"Poisson pané, surgelé, cru","viandes, oeufs, poissons",produits à base de poissons et produits de la mer,"15,6",15.6,exact
26030,"Poisson pané, frit","viandes, oeufs, poissons",produits à base de poissons et produits de la mer,"13,5",13.5,exact
26034,"Sardine, à l'huile, appertisée, égouttée","viandes, oeufs, poissons",produits à base de poissons et produits de la mer,"0,31",0.31,exact
26035,"Sardine, sauce tomate, appertisée, égouttée","viandes, oeufs, poissons",produits à base de poissons et produits de la mer,"1,83",1.83,exact
26037,Saumon fumé,"viandes, oeufs, poissons",produits à base de poissons et produits de la mer,"0,13",0.13,exact
26039,"Thon, au naturel, appertisé, égoutté","viandes, oeufs, poissons",produits à base de poissons et produits de la mer,0,0,exact
26040,"Sardine, à l'huile d'olive, appertisée, égouttée","viandes, oeufs, poissons",produits à base de poissons et produits de la mer,"0,11",0.11,exact
26046,"Surimi, bâtonnets, tranche ou râpé saveur crabe","viandes, oeufs, poissons",produits à base de poissons et produits de la mer,"11,8",11.8,exact
26056,"Oeufs de cabillaud, fumés, semi-conserve","viandes, oeufs, poissons",produits à base de poissons et produits de la mer,"0,1",0.1,exact
26077,"Thon germon ou thon blanc, cuit à la vapeur sous pression","viandes, oeufs, poissons",produits à base de poissons et produits de la mer,0,0,exact
26086,"Maquereau, filet sauce tomate, appertisé, égoutté","viandes, oeufs, poissons",produits à base de poissons et produits de la mer,"5,5",5.5,exact
26087,"Maquereau, fumé","viandes, oeufs, poissons",produits à base de poissons et produits de la mer,"0,92",0.92,exact
26090,Haddock (fumé) ou églefin fumé,"viandes, oeufs, poissons",produits à base de poissons et produits de la mer,0,0,exact
26096,"Maquereau, filet sauce moutarde, appertisé, égoutté","viandes, oeufs, poissons",produits à base de poissons et produits de la mer,"1,5",1.5,exact
26097,"Maquereau, filet au vin blanc, appertisé, égoutté","viandes, oeufs, poissons",produits à base de poissons et produits de la mer,1,1,exact
26098,"Morue, salée, sèche","viandes, oeufs, poissons",produits à base de poissons et produits de la mer,"1,1",1.1,exact
26119,"Saumon, appertisé, égoutté","viandes, oeufs, poissons",produits à base de poissons et produits de la mer,"4,9",4.9,exact
26123,"Maquereau, filet (grillé ou non), au naturel, appertisé, égoutté","viandes, oeufs, poissons",produits à base de poissons et produits de la mer,"0,018",0.018,exact
26124,"Merlan, pané","viandes, oeufs, poissons",produits à base de poissons et produits de la mer,13,13,exact
26142,"Foie de morue, appertisé, égoutté","viandes, oeufs, poissons",produits à base de poissons et produits de la mer,1,1,exact
26151,"Oeufs de truite, semi-conserve","viandes, oeufs, poissons",produits à base de poissons et produits de la mer,4,4,exact
26152,"Lieu ou colin d'Alaska, fumé","viandes, oeufs, poissons",produits à base de poissons et produits de la mer,0,0,exact
26177,"Anchois, filets, salés, à l'huile, semi-conserve, égouttés","viandes, oeufs, poissons",produits à base de poissons et produits de la mer,0,0,exact
26179,"Thon germon ou thon blanc, à l'huile d'olive, appertisé, égoutté","viandes, oeufs, poissons",produits à base de poissons et produits de la mer,"1,01",1.01,exact
26180,"Thon à l'huile de tournesol, entier, appertisé, égoutté","viandes, oeufs, poissons",produits à base de poissons et produits de la mer,"0,76",0.76,exact
26181,"Thon albacore, au naturel, appertisé, égoutté","viandes, oeufs, poissons",produits à base de poissons et produits de la mer,"3,67",3.67,exact
26186,"Maquereau, mariné","viandes, oeufs, poissons",produits à base de poissons et produits de la mer,-,,missing
26231,"Sardine, filets sans arêtes à l'huile d'olive, appertisés, égouttés","viandes, oeufs, poissons",produits à base de poissons et produits de la mer,"1,16",1.16,exact
26232,"Hareng fumé, à l'huile","viandes, oeufs, poissons",produits à base de poissons et produits de la mer,2,2,exact
26239,"Surimi, fourré au fromage frais","viandes, oeufs, poissons",produits à base de poissons et produits de la mer,"9,24",9.24,exact
26242,"Thon à la tomate, miettes, appertisées, égouttées","viandes, oeufs, poissons",produits à base de poissons et produits de la mer,"4,33",4.33,exact
26243,"Thon, à la catalane ou à l'escabèche (sauce tomate), appertisé","viandes, oeufs, poissons",produits à base de poissons et produits de la mer,6,6,exact
26245,"Thon à l'huile de tournesol, miettes, appertisées, égouttées","viandes, oeufs, poissons",produits à base de poissons et produits de la mer,0,0,exact
26275,"Oeufs de saumon du Pacifique, semi-conserve","viandes, oeufs, poissons",produits à base de poissons et produits de la mer,"5,16",5.16,exact
26692,"Anchois, filets, marinés à l'orientale (huile, piments…), semi-conserve, égouttés","viandes, oeufs, poissons",produits à base de poissons et produits de la mer,"0,48",0.48,exact
26693,"Anchois, filets, salés, à l'huile de tournesol, semi-conserve, égouttés","viandes, oeufs, poissons",produits à base de poissons et produits de la mer,"0,54",0.54,exact
26694,"Anchois, filets, salés, à l'huile d'olive, semi-conserve, égouttés","viandes, oeufs, poissons",produits à base de poissons et produits de la mer,"1,36",1.36,exact
26695,"Saumon, sauvage, fumé","viandes, oeufs, poissons",produits à base de poissons et produits de la mer,"0,048",0.048,exact
26696,"Saumon, élevage, fumé","viandes, oeufs, poissons",produits à base de poissons et produits de la mer,"0,14",0.14,exact
26697,"Sardine, à l'huile de tournesol, appertisée, égouttée","viandes, oeufs, poissons",produits à base de poissons et produits de la mer,"0,27",0.27,exact
26698,"Sardine, à l'huile d'arachide, appertisée, égouttée","viandes, oeufs, poissons",produits à base de poissons et produits de la mer,"1,07",1.07,exact
26700,"Anchois, filets, marinés, semi-conserve, égouttés (aliment moyen)","viandes, oeufs, poissons",produits à base de poissons et produits de la mer,"0,48",0.48,exact
27029,"Truite, élevage, fumée","viandes, oeufs, poissons",produits à base de poissons et produits de la mer,"3,17",3.17,exact
22008,"Oeuf, blanc (blanc d'oeuf), cuit","viandes, oeufs, poissons",oeufs,"1,12",1.12,exact
22009,"Oeuf, jaune (jaune d'oeuf), cuit","viandes, oeufs, poissons",oeufs,"1,31",1.31,exact
22010,Oeuf dur,"viandes, oeufs, poissons",oeufs,"0,52",0.52,exact
22011,Oeuf poché,"viandes, oeufs, poissons",oeufs,"0,89",0.89,exact
22014,Oeuf à la coque,"viandes, oeufs, poissons",oeufs,"1,08",1.08,exact
22502,"Oeuf brouillé, avec matière grasse","viandes, oeufs, poissons",oeufs,"0,44",0.44,exact
22505,"Oeuf au plat, sans matière grasse","viandes, oeufs, poissons",oeufs,"1,4",1.4,exact
22000,Oeuf cru,"viandes, oeufs, poissons",oeufs,"0,06",0.06,exact
22001,"Oeuf, blanc (blanc d'oeuf), cru","viandes, oeufs, poissons",oeufs,"0,73",0.73,exact
22002,"Oeuf, jaune (jaune d'oeuf), cru","viandes, oeufs, poissons",oeufs,"1,09",1.09,exact
22050,"Oeuf de caille, cru","viandes, oeufs, poissons",oeufs,"0,41",0.41,exact
22060,"Oeuf de cane, cru","viandes, oeufs, poissons",oeufs,"1,45",1.45,exact
22070,"Oeuf d'oie, cru","viandes, oeufs, poissons",oeufs,"1,35",1.35,exact
22080,"Oeuf de dinde, cru","viandes, oeufs, poissons",oeufs,"1,13",1.13,exact
22003,"Oeuf, jaune (jaune d'oeuf), en poudre","viandes, oeufs, poissons",oeufs,"2,11",2.11,exact
22004,"Oeuf, blanc (blanc d'oeuf), en poudre","viandes, oeufs, poissons",oeufs,"7,8",7.8,exact
22013,"Oeuf, en poudre","viandes, oeufs, poissons",oeufs,"1,52",1.52,exact
22500,"Omelette nature, faite maison","viandes, oeufs, poissons",oeufs,"0,9",0.9,exact
22506,"Omelette au fromage, faite maison","viandes, oeufs, poissons",oeufs,"2,56",2.56,exact
22507,"Omelette aux lardons, faite maison","viandes, oeufs, poissons",oeufs,"1,46",1.46,exact
22508,"Omelette aux champignons, faite maison","viandes, oeufs, poissons",oeufs,"2,28",2.28,exact
22509,"Omelette à la ciboulette, faite maison","viandes, oeufs, poissons",oeufs,"1,98",1.98,exact
22510,"Tortilla espagnole aux oignons (omelette aux pommes de terre et oignons), préemballée","viandes, oeufs, poissons",oeufs,"11,7",11.7,exact
22511,"Omelette, garnitures diverses : légumes, fromages, viandes... (aliment moyen)","viandes, oeufs, poissons",oeufs,"4,83",4.83,exact
19000,"Lait de grand mélange, en vrac",produits laitiers,laits,"4,65",4.65,exact
19010,"Lait entier, cru",produits laitiers,laits,-,,missing
19016,Lait entier (aliment moyen),produits laitiers,laits,"4,78",4.78,exact
19023,"Lait entier, UHT",produits laitiers,laits,"4,77",4.77,exact
19024,"Lait entier, pasteurisé",produits laitiers,laits,"4,8",4.8,exact
19033,Lait demi-écrémé (aliment moyen),produits laitiers,laits,"4,97",4.97,exact
19037,"Lait demi-écrémé, UHT, enrichi en vitamine D",produits laitiers,laits,"4,8",4.8,exact
19038,"Lait à 1,2% MG, UHT, enrichi en vitamines",produits laitiers,laits,"4,79",4.79,exact
19039,"Lait, sans précision sur la teneur en matière grasse, UHT (aliment moyen)",produits laitiers,laits,"4,97",4.97,exact
19041,"Lait demi-écrémé, UHT",produits laitiers,laits,5,5,exact
19042,"Lait demi-écrémé, pasteurisé",produits laitiers,laits,"4,9",4.9,exact
19050,"Lait écrémé, UHT",produits laitiers,laits,"5,01",5.01,exact
19051,"Lait écrémé, pasteurisé",produits laitiers,laits,"4,7",4.7,exact
19060,"Lait demi-écrémé (ou à teneur en matière grasse légèrement inférieure), UHT,  à teneur réduite en lactose",produits laitiers,laits,"4,69",4.69,exact
19200,"Lait de chèvre, entier, UHT",produits laitiers,laits,"4,2",4.2,exact
19201,"Lait de chèvre, demi-écrémé, UHT",produits laitiers,laits,"4,13",4.13,exact
19202,"Lait de chèvre, entier, cru",produits laitiers,laits,"4,01",4.01,exact
19225,"Lait de jument, entier",produits laitiers,laits,"6,22",6.22,exact
19250,"Lait de brebis, entier",produits laitiers,laits,"4,5",4.5,exact
19270,"Lait de bufflesse, entier",produits laitiers,laits,"5,1",5.1,exact
19021,"Lait en poudre, entier",produits laitiers,laits,42,42,exact
19026,"Lait concentré sans sucres ajoutés, entier",produits laitiers,laits,"9,91",9.91,exact
19027,"Lait concentré sucré, entier",produits laitiers,laits,"56,5",56.5,exact
19044,"Lait en poudre, demi-écrémé",produits laitiers,laits,"43,4",43.4,exact
19054,"Lait en poudre, écrémé",produits laitiers,laits,54,54,exact
19500,"Lait fermenté à boire, aromatisé, avec édulcorants, allégé en sucres, 0% MG, au L Casei",produits laitiers,produits laitiers frais et alternatives végétales,"3,64",3.64,exact
19508,"Lait fermenté ou yaourt à boire, aromatisé, sucré",produits laitiers,produits laitiers frais et alternatives végétales,"10,7",10.7,exact
19516,"Lait fermenté à boire, aromatisé, sucré, au L Casei",produits laitiers,produits laitiers frais et alternatives végétales,"10,8",10.8,exact
19534,"Lait fermenté ou yaourt à boire, aromatisé, sucré, enrichi en vitamine D",produits laitiers,produits laitiers frais et alternatives végétales,"12,3",12.3,exact
19535,"Lait fermenté ou yaourt à boire, aux fruits, sucré",produits laitiers,produits laitiers frais et alternatives végétales,"11,9",11.9,exact
19536,"Lait fermenté ou yaourt à boire, aux fruits, sucré, enrichi en vitamine D",produits laitiers,produits laitiers frais et alternatives végétales,"12,4",12.4,exact
19538,"Lait fermenté à boire, nature, sucré, au L Casei",produits laitiers,produits laitiers frais et alternatives végétales,"10,8",10.8,exact
19539,"Lait fermenté type yaourt au bifidus, aromatisé, sucré",produits laitiers,produits laitiers frais et alternatives végétales,"10,8",10.8,exact
19541,"Lait fermenté type yaourt au bifidus, aux fruits, 0% MG, avec édulcorants",produits laitiers,produits laitiers frais et alternatives végétales,"6,71",6.71,exact
19542,"Lait fermenté type yaourt au bifidus, aux fruits, sucré",produits laitiers,produits laitiers frais et alternatives végétales,"10,8",10.8,exact
19543,"Lait fermenté type yaourt aux esters de stérol, aux fruits, 0% MG, avec édulcorants",produits laitiers,produits laitiers frais et alternatives végétales,"6,6",6.6,exact
19544,"Lait fermenté type yaourt au bifidus, nature, 0% MG",produits laitiers,produits laitiers frais et alternatives végétales,"5,75",5.75,exact
19546,"Lait fermenté type yaourt au bifidus, nature",produits laitiers,produits laitiers frais et alternatives végétales,"10,8",10.8,exact
19550,"Yaourt à la grecque nature, au lait de brebis",produits laitiers,produits laitiers frais et alternatives végétales,"4,28",4.28,exact
19551,"Lait fermenté à boire, aromatisé, sucré,  enrichi en vitamine D, au L Casei",produits laitiers,produits laitiers frais et alternatives végétales,"12,1",12.1,exact
19552,"Yaourt à la grecque sur lit de fruits, sucré",produits laitiers,produits laitiers frais et alternatives végétales,"14,4",14.4,exact
19553,"Yaourt au lait de brebis, aromatisé, sucré",produits laitiers,produits laitiers frais et alternatives végétales,"9,16",9.16,exact
19554,"Yaourt au lait de brebis, nature, 3% MG environ",produits laitiers,produits laitiers frais et alternatives végétales,"3,48",3.48,exact
19555,"Yaourt au lait de brebis, sur lit de fruits, sucré",produits laitiers,produits laitiers frais et alternatives végétales,"15,2",15.2,exact
19556,"Yaourt au lait de chèvre, nature",produits laitiers,produits laitiers frais et alternatives végétales,"2,53",2.53,exact
19557,"Yaourt ou lait fermenté, sur lit de fruits, sucré",produits laitiers,produits laitiers frais et alternatives végétales,14,14,exact
19559,"Yaourt ou lait fermenté, aromatisé, 0% MG, avec édulcorants",produits laitiers,produits laitiers frais et alternatives végétales,"7,73",7.73,exact
19574,"Yaourt ou lait fermenté, aromatisé, 0% MG, avec édulcorants, enrichi en vitamine D",produits laitiers,produits laitiers frais et alternatives végétales,"7,75",7.75,exact
19575,"Yaourt ou lait fermenté, aromatisé, sucré",produits laitiers,produits laitiers frais et alternatives végétales,"12,7",12.7,exact
19577,"Yaourt ou lait fermenté, aromatisé, à la crème, sucré",produits laitiers,produits laitiers frais et alternatives végétales,13,13,exact
19578,"Yaourt ou lait fermenté, aromatisé, sucré, enrichi en vitamine D",produits laitiers,produits laitiers frais et alternatives végétales,"11,7",11.7,exact
19579,"Yaourt ou lait fermenté, aux céréales",produits laitiers,produits laitiers frais et alternatives végétales,16,16,exact
19580,"Yaourt ou lait fermenté, aux copeaux de chocolat, à la crème, sucré",produits laitiers,produits laitiers frais et alternatives végétales,"14,9",14.9,exact
19581,"Yaourt ou lait fermenté, aux fruits, 0% MG, avec édulcorants",produits laitiers,produits laitiers frais et alternatives végétales,"5,66",5.66,exact
19582,"Yaourt ou lait fermenté, aux fruits, 0% MG, avec édulcorants, enrichi en vitamine D",produits laitiers,produits laitiers frais et alternatives végétales,6,6,exact
19587,"Yaourt ou lait fermenté, aux fruits, sucré",produits laitiers,produits laitiers frais et alternatives végétales,"12,6",12.6,exact
19589,"Yaourt ou lait fermenté, aux fruits, à la crème, sucré",produits laitiers,produits laitiers frais et alternatives végétales,"13,4",13.4,exact
19592,"Yaourt ou lait fermenté, aux fruits, sucré, enrichi en vitamine D",produits laitiers,produits laitiers frais et alternatives végétales,"12,3",12.3,exact
19593,"Yaourt ou lait fermenté, nature",produits laitiers,produits laitiers frais et alternatives végétales,"4,26",4.26,exact
19594,"Yaourt ou lait fermenté, nature, 0% MG",produits laitiers,produits laitiers frais et alternatives végétales,"4,89",4.89,exact
19596,"Yaourt ou lait fermenté, nature, 0% MG, enrichi en vitamine D",produits laitiers,produits laitiers frais et alternatives végétales,"4,86",4.86,exact
19598,"Yaourt ou lait fermenté, nature, à la crème",produits laitiers,produits laitiers frais et alternatives végétales,"3,8",3.8,exact
19599,"Yaourt ou lait fermenté, nature, sucré",produits laitiers,produits laitiers frais et alternatives végétales,"10,7",10.7,exact
19600,"Yaourt ou lait fermenté, nature, sans précision sur teneur en matière grasse et sucre (aliment moyen)",produits laitiers,produits laitiers frais et alternatives végétales,"5,85",5.85,exact
19624,"Yaourt ou lait fermenté, nature ou aux fruits (aliment moyen)",produits laitiers,produits laitiers frais et alternatives végétales,"7,98",7.98,exact
19628,"Yaourt ou lait fermenté, aux fruits (aliment moyen)",produits laitiers,produits laitiers frais et alternatives végétales,"11,7",11.7,exact
19669,"Spécialité laitière riche en protéines, sur lit de fruits, sucrée",produits laitiers,produits laitiers frais et alternatives végétales,"11,5",11.5,exact
19671,"Yaourt ou lait fermenté, aromatisé ou aux fruits, 0% MG (aliment moyen)",produits laitiers,produits laitiers frais et alternatives végétales,"6,14",6.14,exact
19672,"Yaourt ou lait fermenté, aromatisé ou aux fruits, non allégé en matière grasse (aliment moyen)",produits laitiers,produits laitiers frais et alternatives végétales,"12,5",12.5,exact
19675,"Yaourt ou lait fermenté, aromatisé ou aux fruits, avec édulcorants (aliment moyen)",produits laitiers,produits laitiers frais et alternatives végétales,"6,14",6.14,exact
19676,"Yaourt ou lait fermenté, aromatisé ou aux fruits, sucré (aliment moyen)",produits laitiers,produits laitiers frais et alternatives végétales,"12,6",12.6,exact
19677,"Yaourt ou lait fermenté, aromatisé ou aux fruits, non allégé en matière grasse, sucré (aliment moyen)",produits laitiers,produits laitiers frais et alternatives végétales,"12,6",12.6,exact
19682,"Yaourt ou lait fermenté, aromatisé ou aux fruits (aliment moyen)",produits laitiers,produits laitiers frais et alternatives végétales,"11,9",11.9,exact
19723,"Yaourt ou lait fermenté, nature, enrichi en vitamine D",produits laitiers,produits laitiers frais et alternatives végétales,"4,4",4.4,exact
19724,"Spécialité laitière riche en protéines, nature",produits laitiers,produits laitiers frais et alternatives végétales,"3,45",3.45,exact
19726,"Yaourt ou lait fermenté, nature, sucré, enrichi en vitamine D",produits laitiers,produits laitiers frais et alternatives végétales,"10,9",10.9,exact
19727,"Yaourt au lait de chèvre, aux fruits, sucré",produits laitiers,produits laitiers frais et alternatives végétales,"11,6",11.6,exact
19728,"Yaourt au lait de chèvre, sur lit de fruits, sucré",produits laitiers,produits laitiers frais et alternatives végétales,"13,2",13.2,exact
19733,"Yaourt ou lait fermenté, sur lit de fruits, à la crème, sucré",produits laitiers,produits laitiers frais et alternatives végétales,"14,2",14.2,exact
19801,"Lait fermenté à boire ou lait ribot, nature, maigre",produits laitiers,produits laitiers frais et alternatives végétales,"3,87",3.87,exact
19805,"Lait fermenté à boire ou lait ribot, nature, au lait entier",produits laitiers,produits laitiers frais et alternatives végétales,"1,99",1.99,exact
19860,Yaourt à la grecque nature,produits laitiers,produits laitiers frais et alternatives végétales,"3,73",3.73,exact
19862,"Yaourt à la grecque aromatisé, sucré",produits laitiers,produits laitiers frais et alternatives végétales,"14,2",14.2,exact
19865,Kéfir de lait,produits laitiers,produits laitiers frais et alternatives végétales,"4,5",4.5,exact
19882,"Yaourt au lait de brebis, nature, 6% MG environ",produits laitiers,produits laitiers frais et alternatives végétales,"3,98",3.98,exact
19501,"Fromage blanc, nature ou aux fruits (aliment moyen)",produits laitiers,produits laitiers frais et alternatives végétales,"6,34",6.34,exact
19572,"Fromage frais type petit suisse, aromatisé chocolat, sucré",produits laitiers,produits laitiers frais et alternatives végétales,"22,5",22.5,exact
19638,Faisselle au coulis de fruits,produits laitiers,produits laitiers frais et alternatives végétales,"8,5",8.5,exact
19639,"Faisselle, 0% MG",produits laitiers,produits laitiers frais et alternatives végétales,"4,65",4.65,exact
19641,"Faisselle, 6% MG environ",produits laitiers,produits laitiers frais et alternatives végétales,"3,36",3.36,exact
19643,"Fromage blanc et crème fouettée, sur lit de fruits, sucré",produits laitiers,produits laitiers frais et alternatives végétales,16,16,exact
19644,"Fromage blanc, nature, 0% MG",produits laitiers,produits laitiers frais et alternatives végétales,"4,22",4.22,exact
19645,"Fromage blanc, nature, 0% MG, enrichi en vitamine D",produits laitiers,produits laitiers frais et alternatives végétales,"4,76",4.76,exact
19646,"Fromage blanc, nature, 2-3% MG",produits laitiers,produits laitiers frais et alternatives végétales,"3,86",3.86,exact
19648,"Fromage blanc, nature, 2-3% MG, enrichi en vitamine D",produits laitiers,produits laitiers frais et alternatives végétales,"4,87",4.87,exact
19650,"Fromage blanc et crème fouettée, nature",produits laitiers,produits laitiers frais et alternatives végétales,"3,8",3.8,exact
19654,"Fromage blanc ou spécialité laitière, aux copeaux de chocolat, 7-8% MG, sucré",produits laitiers,produits laitiers frais et alternatives végétales,"16,3",16.3,exact
19656,"Fromage blanc ou spécialité laitière, aux fruits, 0% MG, sucré",produits laitiers,produits laitiers frais et alternatives végétales,"12,8",12.8,exact
19657,"Fromage blanc ou spécialité laitière, aux fruits, 2-3% MG, sucré",produits laitiers,produits laitiers frais et alternatives végétales,12,12,exact
19659,"Fromage blanc ou spécialité laitière, aux fruits, 6-7% MG, sucré",produits laitiers,produits laitiers frais et alternatives végétales,"14,4",14.4,exact
19660,"Fromage blanc ou spécialité laitière, sur lit de fruits, 7-8% MG, sucré",produits laitiers,produits laitiers frais et alternatives végétales,"12,8",12.8,exact
19663,"Fromage frais type petit suisse, nature, 0% MG",produits laitiers,produits laitiers frais et alternatives végétales,"4,2",4.2,exact
19664,"Fromage frais type petit suisse, nature, 4% MG environ",produits laitiers,produits laitiers frais et alternatives végétales,"3,11",3.11,exact
19665,"Mousse de fromage blanc sur lit de fruits, 0% MG, avec édulcorants, enrichie en calcium et vitamine D",produits laitiers,produits laitiers frais et alternatives végétales,6,6,exact
19666,"Fromage frais type petit suisse, nature, 10% MG environ",produits laitiers,produits laitiers frais et alternatives végétales,"2,61",2.61,exact
19691,"Fromage blanc ou spécialité laitière, aux fruits, 0% MG, avec édulcorants, sucré, enrichi en vitamine D",produits laitiers,produits laitiers frais et alternatives végétales,"6,45",6.45,exact
19697,"Fromage blanc ou spécialité laitière, aromatisé, 0% MG, avec édulcorants, sucré, enrichi en vitamine D",produits laitiers,produits laitiers frais et alternatives végétales,"6,7",6.7,exact
19705,"Fromage blanc ou spécialité laitière, aromatisé, 0% MG, avec édulcorants, sucré",produits laitiers,produits laitiers frais et alternatives végétales,6,6,exact
19707,"Fromage blanc ou spécialité laitière, sur lit de fruits, 0% MG, avec édulcorants, sucré, enrichi en vitamine D",produits laitiers,produits laitiers frais et alternatives végétales,6,6,exact
19708,"Fromage blanc ou spécialité laitière, sur lit de fruits, 0% MG, avec édulcorants, sans sucres ajoutés, enrichi en vitamine D",produits laitiers,produits laitiers frais et alternatives végétales,"5,63",5.63,exact
19709,"Fromage blanc ou spécialité laitière, aromatisé, 0% MG, avec édulcorants, sans sucres ajoutés",produits laitiers,produits laitiers frais et alternatives végétales,"3,9",3.9,exact
19711,"Fromage blanc, nature, 7-8% MG",produits laitiers,produits laitiers frais et alternatives végétales,"5,87",5.87,exact
19712,"Fromage blanc, nature, au lait de brebis, 5% MG environ",produits laitiers,produits laitiers frais et alternatives végétales,"4,29",4.29,exact
19713,"Fromage blanc, nature, au lait de chèvre, 7% MG environ",produits laitiers,produits laitiers frais et alternatives végétales,"3,04",3.04,exact
19714,"Fromage blanc ou spécialité laitière, aromatisé, 0% MG, sucré",produits laitiers,produits laitiers frais et alternatives végétales,"12,3",12.3,exact
19715,"Fromage blanc ou spécialité laitière, aromatisé, 2-3% MG, sucré",produits laitiers,produits laitiers frais et alternatives végétales,"12,8",12.8,exact
19716,"Fromage blanc, nature, 2-3% MG, sucré",produits laitiers,produits laitiers frais et alternatives végétales,"10,9",10.9,exact
19718,"Fromage blanc ou spécialité laitière, aromatisé, 7-8% MG, sucré",produits laitiers,produits laitiers frais et alternatives végétales,"12,8",12.8,exact
19719,"Fromage frais type petit suisse, aux fruits, 2-3% MG, sucré",produits laitiers,produits laitiers frais et alternatives végétales,"12,9",12.9,exact
19720,"Fromage frais type petit suisse, aux fruits, 2-3% MG, sucré, enrichi en vitamine D",produits laitiers,produits laitiers frais et alternatives végétales,"4,68",4.68,exact
19721,"Fromage frais type petit suisse, aromatisé, 2-3% MG, sucré",produits laitiers,produits laitiers frais et alternatives végétales,"12,3",12.3,exact
19722,"Fromage frais type petit suisse, aromatisé, 2-3% MG, sucré, enrichi en vitamine D",produits laitiers,produits laitiers frais et alternatives végétales,"12,2",12.2,exact
19725,"Fromage blanc ou spécialité laitière, sur lit de fruits, 0% MG, sucré",produits laitiers,produits laitiers frais et alternatives végétales,"11,5",11.5,exact
19673,"Crème dessert, allégée en matière grasse, rayon frais",produits laitiers,produits laitiers frais et alternatives végétales,"12,6",12.6,exact
19674,"Flan aux oeufs, rayon frais",produits laitiers,produits laitiers frais et alternatives végétales,"17,7",17.7,exact
19678,"Lait emprésuré aromatisé, rayon frais",produits laitiers,produits laitiers frais et alternatives végétales,16,16,exact
19679,"Lait gélifié aromatisé, nappé caramel, rayon frais",produits laitiers,produits laitiers frais et alternatives végétales,"16,8",16.8,exact
19680,"Lait gélifié aromatisé, rayon frais",produits laitiers,produits laitiers frais et alternatives végétales,"19,5",19.5,exact
19681,"Liégeois ou viennois (chocolat, café, caramel ou vanille), rayon frais",produits laitiers,produits laitiers frais et alternatives végétales,"16,1",16.1,exact
19684,"Oeufs au lait, rayon frais",produits laitiers,produits laitiers frais et alternatives végétales,"14,7",14.7,exact
19685,"Panna cotta, avec préparations de fruits ou caramel, rayon frais",produits laitiers,produits laitiers frais et alternatives végétales,"15,9",15.9,exact
19686,"Spécialité laitière ou dessert lacté, aromatisé, à faible teneur en matière grasse, sucré, avec édulcorants, rayon frais",produits laitiers,produits laitiers frais et alternatives végétales,"11,9",11.9,exact
23534,"Gâteau de semoule aux raisins et caramel, rayon frais",produits laitiers,produits laitiers frais et alternatives végétales,"24,5",24.5,exact
23536,"Gâteau de riz au caramel, rayon frais",produits laitiers,produits laitiers frais et alternatives végétales,"25,4",25.4,exact
39001,"Milkshake, de restauration rapide",produits laitiers,produits laitiers frais et alternatives végétales,"17,4",17.4,exact
39200,"Crème dessert au chocolat, rayon frais",produits laitiers,produits laitiers frais et alternatives végétales,"17,9",17.9,exact
39206,"Mousse au chocolat (base laitière), rayon frais",produits laitiers,produits laitiers frais et alternatives végétales,"20,3",20.3,exact
39209,"Crème caramel, rayon frais",produits laitiers,produits laitiers frais et alternatives végétales,21,21,exact
39211,"Crème aux oeufs (petit pot de crème chocolat, vanille, etc.), rayon frais",produits laitiers,produits laitiers frais et alternatives végétales,"17,5",17.5,exact
39212,"Riz au lait vanille, cannelle ou nature, rayon frais",produits laitiers,produits laitiers frais et alternatives végétales,"18,9",18.9,exact
39213,"Crème brûlée, rayon frais",produits laitiers,produits laitiers frais et alternatives végétales,"17,5",17.5,exact
39214,"Crème dessert à la vanille, appertisée",produits laitiers,produits laitiers frais et alternatives végétales,"21,1",21.1,exact
39215,"Ile flottante, rayon frais",produits laitiers,produits laitiers frais et alternatives végétales,"21,4",21.4,exact
39218,"Semoule au lait, rayon frais",produits laitiers,produits laitiers frais et alternatives végétales,"18,9",18.9,exact
39229,"Crème dessert à la vanille, rayon frais",produits laitiers,produits laitiers frais et alternatives végétales,"16,2",16.2,exact
39230,"Crème dessert, rayon frais (aliment moyen)",produits laitiers,produits laitiers frais et alternatives végétales,"17,4",17.4,exact
39235,"Mousse liégeoise (chocolat, café, caramel ou vanille), rayon frais",produits laitiers,produits laitiers frais et alternatives végétales,"19,2",19.2,exact
39246,"Crème dessert au café, rayon frais",produits laitiers,produits laitiers frais et alternatives végétales,"17,3",17.3,exact
39247,"Crème dessert au caramel, rayon frais",produits laitiers,produits laitiers frais et alternatives végétales,"18,1",18.1,exact
39249,"Mousse aux fruits, au fromage frais, 0% MG, sucrée, avec édulcorants, enrichie en calcium, rayon frais",produits laitiers,produits laitiers frais et alternatives végétales,"5,51",5.51,exact
39250,"Mousse aux fruits, au fromage frais, sucrée, rayon frais",produits laitiers,produits laitiers frais et alternatives végétales,"14,4",14.4,exact
39251,"Riz au lait, au caramel, rayon frais",produits laitiers,produits laitiers frais et alternatives végétales,"24,5",24.5,exact
39252,"Riz au lait, rhum raisins, rayon frais",produits laitiers,produits laitiers frais et alternatives végétales,"22,3",22.3,exact
39253,"Mousse au chocolat ou café, sur ganache, rayon frais",produits laitiers,produits laitiers frais et alternatives végétales,"17,5",17.5,exact
39254,"Crème dessert au chocolat et billes de céréales chocolatées, rayon frais",produits laitiers,produits laitiers frais et alternatives végétales,"22,5",22.5,exact
39505,"Crème dessert, appertisée (aliment moyen)",produits laitiers,produits laitiers frais et alternatives végétales,"21,5",21.5,exact
39506,"Crème dessert au chocolat, appertisée",produits laitiers,produits laitiers frais et alternatives végétales,"21,8",21.8,exact
39511,"Crème dessert, rayon frais ou appertisée (aliment moyen)",produits laitiers,produits laitiers frais et alternatives végétales,"17,6",17.6,exact
19698,"Tiramisu au café, rayon frais",produits laitiers,produits laitiers frais et alternatives végétales,"30,2",30.2,exact
19699,"Tiramisu aux fruits, rayon frais",produits laitiers,produits laitiers frais et alternatives végétales,"32,1",32.1,exact
19852,"Mousse à la crème de marrons, rayon frais",produits laitiers,produits laitiers frais et alternatives végétales,"34,4",34.4,exact
23474,"Profiteroles (crème pâtissière et sauce chocolat), rayon frais",produits laitiers,produits laitiers frais et alternatives végétales,"31,1",31.1,exact
39210,"Mousse au chocolat traditionnelle, rayon frais",produits laitiers,produits laitiers frais et alternatives végétales,"23,8",23.8,exact
39216,"Clafoutis aux fruits, rayon frais",produits laitiers,produits laitiers frais et alternatives végétales,"29,4",29.4,exact
39220,"Liégeois aux fruits, rayon frais",produits laitiers,produits laitiers frais et alternatives végétales,"17,7",17.7,exact
39233,"Fondant au chocolat noir et crème anglaise, rayon frais",produits laitiers,produits laitiers frais et alternatives végétales,19,19,exact
39234,"Gâteau au chocolat, coeur fondant, rayon frais",produits laitiers,produits laitiers frais et alternatives végétales,"41,2",41.2,exact
39236,Pain perdu,produits laitiers,produits laitiers frais et alternatives végétales,"30,8",30.8,exact
39400,"Lait de poule, sans alcool",produits laitiers,produits laitiers frais et alternatives végétales,"8,05",8.05,exact
39710,"Crème pâtissière instantanée, reconstituée",produits laitiers,produits laitiers frais et alternatives végétales,18,18,exact
19692,"Dessert au soja, aux fruits, sucré, enrichi en calcium, fermenté, rayon frais",produits laitiers,produits laitiers frais et alternatives végétales,"12,9",12.9,exact
19693,"Dessert au soja, nature, sans sucres ajoutés, non enrichi, fermenté, rayon frais",produits laitiers,produits laitiers frais et alternatives végétales,"2,05",2.05,exact
19694,"Dessert au soja, nature, sans sucres ajoutés, enrichi en calcium, fermenté, rayon frais",produits laitiers,produits laitiers frais et alternatives végétales,"1,1",1.1,exact
19695,"Dessert au soja, aux fruits, sucré, non enrichi, fermenté, rayon frais",produits laitiers,produits laitiers frais et alternatives végétales,11,11,exact
19696,"Dessert au soja, aux amandes, sucré, enrichi en vitamines et minéraux, fermenté, rayon frais",produits laitiers,produits laitiers frais et alternatives végétales,"2,85",2.85,exact
20911,"Dessert au soja, aromatisé, sucré, enrichi en calcium, rayon frais",produits laitiers,produits laitiers frais et alternatives végétales,"15,3",15.3,exact
20921,"Dessert au soja, aromatisé, sucré, non enrichi, rayon frais",produits laitiers,produits laitiers frais et alternatives végétales,16,16,exact
20922,"Dessert végétal sans soja (amande, avoine, chanvre, coco, riz), aromatisé, sucré, non enrichi, rayon frais",produits laitiers,produits laitiers frais et alternatives végétales,"15,8",15.8,exact
20923,"Dessert végétal sans soja (coco, riz), aux fruits, sucré, enrichi en calcium, fermenté, rayon frais",produits laitiers,produits laitiers frais et alternatives végétales,16,16,exact
20925,"Dessert au soja, aromatisé, sucré, enrichi en calcium et vitamine D, rayon frais",produits laitiers,produits laitiers frais et alternatives végétales,"15,3",15.3,exact
20926,"Dessert au soja, aux fruits, sucré, enrichi en calcium et vitamine D, fermenté, rayon frais",produits laitiers,produits laitiers frais et alternatives végétales,"13,8",13.8,exact
20927,"Dessert végétal sans soja (amande, avoine, chanvre, coco, riz), nature, sans sucres ajoutés, non enrichi, rayon frais",produits laitiers,produits laitiers frais et alternatives végétales,"6,7",6.7,exact
20928,"Dessert végétal sans soja, rayon frais (aliment moyen)",produits laitiers,produits laitiers frais et alternatives végétales,"15,8",15.8,exact
20929,"Dessert au soja, rayon frais (aliment moyen)",produits laitiers,produits laitiers frais et alternatives végétales,"8,19",8.19,exact
39248,"Mousse au chocolat végétale, rayon frais",produits laitiers,produits laitiers frais et alternatives végétales,"24,3",24.3,exact
12775,"Mélange de fromages râpés (ex : spécial gratins, spécial pâtes, spécial pizzas…)",produits laitiers,fromages et alternatives végétales,"0,15",0.15,exact
12999,Fromage (aliment moyen),produits laitiers,fromages et alternatives végétales,"0,71",0.71,exact
12001,"Camembert, sans précision sur le type de lait (pasteurisé ou cru)",produits laitiers,fromages et alternatives végétales,traces,0,traces
12003,"Fromage à pâte molle et croûte fleurie, non allégé en matière grasse (type camembert)",produits laitiers,fromages et alternatives végétales,traces,0,traces
12004,"Fromage à pâte molle et croûte fleurie, allégé en matière grasse (type camembert)",produits laitiers,fromages et alternatives végétales,"1,07",1.07,exact
12006,Camembert au lait cru ou thermisé,produits laitiers,fromages et alternatives végétales,traces,0,traces
12007,Camembert au lait pasteurisé,produits laitiers,fromages et alternatives végétales,"1,29",1.29,exact
12008,"Fromage à pâte molle et croûte fleurie, double crème environ 30% MG",produits laitiers,fromages et alternatives végétales,"0,64",0.64,exact
12010,Coulommiers,produits laitiers,fromages et alternatives végétales,traces,0,traces
12015,"Fromage à pâte molle type carré ou brique, à croûte fleurie, non allégé en matière grasse",produits laitiers,fromages et alternatives végétales,traces,0,traces
12020,"Brie, sans précision",produits laitiers,fromages et alternatives végétales,"0,68",0.68,exact
12021,Brie de Meaux,produits laitiers,fromages et alternatives végétales,"1,17",1.17,exact
12022,Brie de Melun,produits laitiers,fromages et alternatives végétales,traces,0,traces
12025,Carré de l'Est,produits laitiers,fromages et alternatives végétales,"0,83",0.83,exact
12028,Chaource,produits laitiers,fromages et alternatives végétales,"0,58",0.58,exact
12029,"Maroilles, laitier",produits laitiers,fromages et alternatives végétales,traces,0,traces
12030,"Maroilles, fermier",produits laitiers,fromages et alternatives végétales,0,0,exact
12031,Neufchâtel,produits laitiers,fromages et alternatives végétales,traces,0,traces
12033,"Fromage à pâte molle, triple crème, environ 38% MG",produits laitiers,fromages et alternatives végétales,"1,05",1.05,exact
12034,Fromage à pâte molle et croûte lavée (aliment moyen),produits laitiers,fromages et alternatives végétales,"0,42",0.42,exact
12035,"Fromage à pâte molle et croûte lavée, allégé en matière grasse",produits laitiers,fromages et alternatives végétales,1,1,exact
12036,"Maroilles, sans précision",produits laitiers,fromages et alternatives végétales,traces,0,traces
12037,Livarot,produits laitiers,fromages et alternatives végétales,traces,0,traces
12038,Époisses,produits laitiers,fromages et alternatives végétales,traces,0,traces
12039,Munster,produits laitiers,fromages et alternatives végétales,"0,7",0.7,exact
12040,Langres,produits laitiers,fromages et alternatives végétales,"1,13",1.13,exact
12041,"Fromage à pâte molle et croûte lavée, non allégé en matière grasse",produits laitiers,fromages et alternatives végétales,traces,0,traces
12042,Pont l'Évêque,produits laitiers,fromages et alternatives végétales,traces,0,traces
12045,Reblochon,produits laitiers,fromages et alternatives végétales,traces,0,traces
12049,Saint-Marcellin,produits laitiers,fromages et alternatives végétales,traces,0,traces
12050,Fromage à pâte molle et croûte mixte (lavée et fleurie) colorée,produits laitiers,fromages et alternatives végétales,1,1,exact
12051,Mont d'or ou vacherin du Haut-Doubs (produit en France) ou vacherin-Mont d'Or (produit en Suisse),produits laitiers,fromages et alternatives végétales,"0,54",0.54,exact
12052,Saint-Félicien,produits laitiers,fromages et alternatives végétales,traces,0,traces
12053,Fromage pour tartiflette (pâte molle et croûte mixte),produits laitiers,fromages et alternatives végétales,"0,72",0.72,exact
12064,Boulette d'Avesne,produits laitiers,fromages et alternatives végétales,traces,0,traces
12762,Fromage de brebis corse à pâte molle,produits laitiers,fromages et alternatives végétales,0,0,exact
12803,"Fromage de chèvre lactique affiné, type palet, crottin ou bûchette",produits laitiers,fromages et alternatives végétales,"1,24",1.24,exact
12807,Sainte-Maure de Touraine (fromage de chèvre),produits laitiers,fromages et alternatives végétales,"1,12",1.12,exact
12810,Fromage de chèvre demi-sec,produits laitiers,fromages et alternatives végétales,traces,0,traces
12812,Fromage de chèvre bûche,produits laitiers,fromages et alternatives végétales,traces,0,traces
12813,"Fromage de chèvre bûche, allégé en matière grasse",produits laitiers,fromages et alternatives végétales,1,1,exact
12814,Fromage de chèvre à pâte molle non pressée non cuite et croûte naturelle,produits laitiers,fromages et alternatives végétales,"0,72",0.72,exact
12815,Fromage de chèvre sec,produits laitiers,fromages et alternatives végétales,traces,0,traces
12820,"Fromage de chèvre à pâte molle et croûte fleurie (type camembert, cabécou)",produits laitiers,fromages et alternatives végétales,traces,0,traces
12824,Fromage de brebis à pâte molle et croûte fleurie,produits laitiers,fromages et alternatives végétales,traces,0,traces
12830,Chabichou (fromage de chèvre),produits laitiers,fromages et alternatives végétales,"1,5",1.5,exact
12831,Pélardon (fromage de chèvre),produits laitiers,fromages et alternatives végétales,0,0,exact
12832,"Crottin de chèvre, au lait cru",produits laitiers,fromages et alternatives végétales,traces,0,traces
12833,"Crottin de chèvre, sans précision sur le type de lait - pasteurisé ou cru -",produits laitiers,fromages et alternatives végétales,1,1,exact
12834,Crottin de Chavignol (fromage de chèvre),produits laitiers,fromages et alternatives végétales,"1,28",1.28,exact
12836,Picodon (fromage de chèvre),produits laitiers,fromages et alternatives végétales,1,1,exact
12839,Pouligny Saint-Pierre (fromage de chèvre),produits laitiers,fromages et alternatives végétales,"1,38",1.38,exact
12842,Sainte-Maure (fromage de chèvre),produits laitiers,fromages et alternatives végétales,"0,91",0.91,exact
12845,Selles-sur-Cher (fromage de chèvre),produits laitiers,fromages et alternatives végétales,"1,17",1.17,exact
12846,Chevrot (fromage de chèvre),produits laitiers,fromages et alternatives végétales,"1,42",1.42,exact
12847,Rocamadour (fromage de chèvre),produits laitiers,fromages et alternatives végétales,"0,93",0.93,exact
12848,Valençay (fromage de chèvre),produits laitiers,fromages et alternatives végétales,"0,64",0.64,exact
12500,Roquefort (fromage de brebis),produits laitiers,fromages et alternatives végétales,traces,0,traces
12519,Fourme de Montbrison,produits laitiers,fromages et alternatives végétales,0,0,exact
12520,"Fromage bleu au lait de vache, non allégé en matière grasse",produits laitiers,fromages et alternatives végétales,"0,68",0.68,exact
12521,Fromage bleu d'Auvergne,produits laitiers,fromages et alternatives végétales,traces,0,traces
12522,Fourme d'Ambert,produits laitiers,fromages et alternatives végétales,traces,0,traces
12523,Fromage bleu des Causses,produits laitiers,fromages et alternatives végétales,traces,0,traces
12524,Gorgonzola,produits laitiers,fromages et alternatives végétales,traces,0,traces
12526,Bleu de Gex ou fromage bleu du Haut-Jura ou bleu de Septmoncel,produits laitiers,fromages et alternatives végétales,traces,0,traces
12528,"Fromage bleu au lait de vache, allegé en matière grasse",produits laitiers,fromages et alternatives végétales,1,1,exact
12099,Emmental de Savoie ou emmenthal de Savoie,produits laitiers,fromages et alternatives végétales,traces,0,traces
12100,Fromage à pâte pressée cuite (aliment moyen),produits laitiers,fromages et alternatives végétales,"0,28",0.28,exact
12105,Beaufort,produits laitiers,fromages et alternatives végétales,"0,72",0.72,exact
12109,Cantal jeune,produits laitiers,fromages et alternatives végétales,traces,0,traces
12110,Comté,produits laitiers,fromages et alternatives végétales,traces,0,traces
12112,Abondance,produits laitiers,fromages et alternatives végétales,traces,0,traces
12113,Gruyère IGP France,produits laitiers,fromages et alternatives végétales,"0,7",0.7,exact
12114,"Gruyère, sans précision (origine France ou Suisse)",produits laitiers,fromages et alternatives végétales,"0,78",0.78,exact
12115,Emmental ou emmenthal,produits laitiers,fromages et alternatives végétales,traces,0,traces
12116,"Fromage à pâte pressée cuite type emmental ou emmenthal, allégé en matière grasse",produits laitiers,fromages et alternatives végétales,"1,18",1.18,exact
12118,"Emmental ou emmenthal, râpé",produits laitiers,fromages et alternatives végétales,"0,58",0.58,exact
12119,Ossau-Iraty (fromage de brebis),produits laitiers,fromages et alternatives végétales,1,1,exact
12120,Parmesan,produits laitiers,fromages et alternatives végétales,"1,14",1.14,exact
12121,Fontina,produits laitiers,fromages et alternatives végétales,"0,8",0.8,exact
12122,Pecorino (fromage de brebis),produits laitiers,fromages et alternatives végétales,1,1,exact
12123,Grana Padano,produits laitiers,fromages et alternatives végétales,"1,17",1.17,exact
12705,"Fromage à pâte pressée non cuite type maasdam, allégé en matière grasse",produits laitiers,fromages et alternatives végétales,"0,8",0.8,exact
12716,Provolone,produits laitiers,fromages et alternatives végétales,0,0,exact
12720,"Fromage à pâte pressée non cuite, enrobé de cire, non allégé en matière grasse",produits laitiers,fromages et alternatives végétales,traces,0,traces
12721,"Fromage à pâte pressée non cuite, enrobé de cire, allégé en matière grasse",produits laitiers,fromages et alternatives végétales,traces,0,traces
12722,Cantal entre-deux,produits laitiers,fromages et alternatives végétales,traces,0,traces
12724,Cantal,produits laitiers,fromages et alternatives végétales,traces,0,traces
12725,Salers,produits laitiers,fromages et alternatives végétales,0,0,exact
12726,Cheddar,produits laitiers,fromages et alternatives végétales,"1,2",1.2,exact
12729,Edam,produits laitiers,fromages et alternatives végétales,traces,0,traces
12735,Mimolette jeune (moins de 6 mois d'affinage),produits laitiers,fromages et alternatives végétales,traces,0,traces
12736,Gouda,produits laitiers,fromages et alternatives végétales,traces,0,traces
12737,Mimolette demi-vieille (6 mois d'affinage minimum),produits laitiers,fromages et alternatives végétales,"0,75",0.75,exact
12738,Mimolette vieille (12 mois d'affinage minimum),produits laitiers,fromages et alternatives végétales,traces,0,traces
12740,"Mimolette, sans précision",produits laitiers,fromages et alternatives végétales,traces,0,traces
12741,"Fromage à pâte pressée non cuite type maasdam, non allégé en matière grasse",produits laitiers,fromages et alternatives végétales,traces,0,traces
12742,Mimolette extra-vieille (18 mois d'affinage minimum),produits laitiers,fromages et alternatives végétales,1,1,exact
12743,Morbier,produits laitiers,fromages et alternatives végétales,traces,0,traces
12747,"Fromage de brebis à pâte pressée non cuite des Pyrénées, type tomme ou tome",produits laitiers,fromages et alternatives végétales,"0,72",0.72,exact
12748,"Saint-Nectaire, laitier",produits laitiers,fromages et alternatives végétales,"0,9",0.9,exact
12749,Raclette (fromage),produits laitiers,fromages et alternatives végétales,traces,0,traces
12751,"Saint-Nectaire, fermier",produits laitiers,fromages et alternatives végétales,"1,2",1.2,exact
12752,"Saint-Nectaire, sans précision",produits laitiers,fromages et alternatives végétales,"0,5",0.5,exact
12755,Saint-Paulin (fromage à pâte pressée non cuite demi-ferme),produits laitiers,fromages et alternatives végétales,traces,0,traces
12758,Tomme ou tome de vache,produits laitiers,fromages et alternatives végétales,"3,37",3.37,exact
12760,"Tomme ou tome, allégée en matière grasse",produits laitiers,fromages et alternatives végétales,traces,0,traces
12761,Asiago,produits laitiers,fromages et alternatives végétales,0,0,exact
12763,Tome des Bauges,produits laitiers,fromages et alternatives végétales,0,0,exact
12764,Tête de moine,produits laitiers,fromages et alternatives végétales,"0,5",0.5,exact
12765,Raclette (fromage) fumée,produits laitiers,fromages et alternatives végétales,"0,5",0.5,exact
12766,"Raclette (fromage), au poivre",produits laitiers,fromages et alternatives végétales,"0,5",0.5,exact
12767,Gouda au cumin,produits laitiers,fromages et alternatives végétales,"0,6",0.6,exact
12771,Tomme ou tome de Savoie,produits laitiers,fromages et alternatives végétales,"0,97",0.97,exact
12773,Tomme ou tome des Pyrénées,produits laitiers,fromages et alternatives végétales,"0,7",0.7,exact
12776,Raclette de Savoie (fromage),produits laitiers,fromages et alternatives végétales,traces,0,traces
12816,Fromage à pâte pressée demi-cuite,produits laitiers,fromages et alternatives végétales,traces,0,traces
12850,"Fromage de chèvre à pâte pressée non cuite, type tomme ou tome ou gouda de chèvre",produits laitiers,fromages et alternatives végétales,"0,9",0.9,exact
12300,Fromage fondu en tranchettes,produits laitiers,fromages et alternatives végétales,"5,34",5.34,exact
12302,Spécialité fromagère fondue aromatisée en cubes pour l’apéritif (cubes de fromage fondu au lait de vache),produits laitiers,fromages et alternatives végétales,"5,57",5.57,exact
12303,"Fromage fondu en portion (triangle), non enrichi",produits laitiers,fromages et alternatives végétales,"8,52",8.52,exact
12304,"Fromage fondu en portion (triangle), enrichi en vitamines",produits laitiers,fromages et alternatives végétales,"8,49",8.49,exact
12305,"Fromage fondu, allégé en matière grasse",produits laitiers,fromages et alternatives végétales,"4,6",4.6,exact
12306,"Fromage blanc fondu en portion (carré), non enrichi en vitamines",produits laitiers,fromages et alternatives végétales,"2,98",2.98,exact
12307,"Fromage blanc fondu en portion (carré ou bâtonnet), enrichi en vitamines",produits laitiers,fromages et alternatives végétales,"3,39",3.39,exact
12311,Crème de camembert,produits laitiers,fromages et alternatives végétales,4,4,exact
12325,Cancoillotte (spécialité fromagère fondue),produits laitiers,fromages et alternatives végétales,"0,48",0.48,exact
12355,Spécialité fromagère fondante au fromage blanc et aux noix,produits laitiers,fromages et alternatives végétales,"2,5",2.5,exact
12356,Snack pour enfants à base de fromage fondu et de gressins,produits laitiers,fromages et alternatives végétales,24,24,exact
12054,"Spécialité fromagère non affinée en coque, enrichie en vitamines",produits laitiers,fromages et alternatives végétales,"3,5",3.5,exact
12059,"Brocciu ou brucciu corse, fromage à base de lactosérum de brebis et/ou de chèvre non affiné",produits laitiers,fromages et alternatives végétales,4,4,exact
12060,"Fromage type feta, au lait de vache 100%",produits laitiers,fromages et alternatives végétales,"1,22",1.22,exact
12061,"Fromage type feta, au lait de brebis 100%",produits laitiers,fromages et alternatives végétales,"0,83",0.83,exact
12063,"Fromage type feta, au lait de vache 100%, à l'huile et aux aromates",produits laitiers,fromages et alternatives végétales,"0,16",0.16,exact
12065,"Bouchée apéritive de fromage au lait de vache non affiné, fourrée ou enrobée",produits laitiers,fromages et alternatives végétales,"2,92",2.92,exact
12066,"Feta, au lait de brebis 70% minimum et lait de chèvre 30% maximum",produits laitiers,fromages et alternatives végétales,"0,45",0.45,exact
12067,"Fromage type feta, au lait de vache 100%, à l'huile et aux aromates, égoutté",produits laitiers,fromages et alternatives végétales,"0,5",0.5,exact
12068,"Fromage frais ou spécialité fromagère non affinée, nature, à tartiner, en barquette, non allégée en matière grasse",produits laitiers,fromages et alternatives végétales,"3,31",3.31,exact
12069,"Fromage frais ou spécialité fromagère non affinée, nature, à tartiner, en barquette, allégée en matière grasse",produits laitiers,fromages et alternatives végétales,"5,12",5.12,exact
12070,"Fromage frais ou spécialité fromagère non affinée, ail et fines herbes, à tartiner, non allégée en matière grasse",produits laitiers,fromages et alternatives végétales,"2,7",2.7,exact
12071,Brousse (fromage de brebis frais au lactosérum),produits laitiers,fromages et alternatives végétales,"4,81",4.81,exact
12072,Burrata,produits laitiers,fromages et alternatives végétales,"0,93",0.93,exact
12073,"Fromage frais ou spécialité fromagère non affinée, olives, figues et noix, etc (autre que ail et fines herbes), à tartiner, non allégée en matière grasse",produits laitiers,fromages et alternatives végétales,"4,12",4.12,exact
12111,Fromage à effilocher ou à dérouler,produits laitiers,fromages et alternatives végétales,"2,68",2.68,exact
12342,"Fromage frais ou spécialité fromagère non affinée, ail et fines herbes, à tartiner, allégée en matière grasse",produits laitiers,fromages et alternatives végétales,"4,5",4.5,exact
12768,"Fromage type feta, au lait de brebis 100%, à l'huile et aux aromates, égoutté",produits laitiers,fromages et alternatives végétales,"0,1",0.1,exact
12805,"Fromage de chèvre frais, type palet, crottin ou bûchette",produits laitiers,fromages et alternatives végétales,"2,5",2.5,exact
12819,"Fromage de chèvre à tartiner, nature",produits laitiers,fromages et alternatives végétales,"2,41",2.41,exact
12828,Fromage de lactosérum de brebis,produits laitiers,fromages et alternatives végétales,"4,3",4.3,exact
19584,Mascarpone,produits laitiers,fromages et alternatives végétales,"3,1",3.1,exact
19585,Ricotta,produits laitiers,fromages et alternatives végétales,"4,09",4.09,exact
19590,Mozzarella au lait de vache,produits laitiers,fromages et alternatives végétales,"0,7",0.7,exact
19591,"Mozzarella au lait de bufflonne ou buflesse (""di bufala"")",produits laitiers,fromages et alternatives végétales,"0,18",0.18,exact
1027,"Spécialité végétale type fromage à tartiner, au soja, préemballée",produits laitiers,fromages et alternatives végétales,"1,05",1.05,exact
1028,"Spécialité végétale type fromage, à la noix de cajou, préemballée",produits laitiers,fromages et alternatives végétales,"15,2",15.2,exact
1029,"Spécialité végétale type fromage en tranche ou râpé, sans soja, préemballée",produits laitiers,fromages et alternatives végétales,"21,2",21.2,exact
19402,"Crème ou spécialité à base de crème légère, sans précision sur la teneur en matière grasse (aliment moyen)",produits laitiers,crèmes et spécialités à base de crème,"2,86",2.86,exact
19403,"Crème ou spécialité à base de crème légère, sans précision sur la teneur en matière grasse, fluide (aliment moyen)",produits laitiers,crèmes et spécialités à base de crème,"3,97",3.97,exact
19404,"Crème ou spécialité à base de crème légère, sans précision sur la teneur en matière grasse, épaisse ou semi-épaisse (aliment moyen)",produits laitiers,crèmes et spécialités à base de crème,"4,53",4.53,exact
19410,"Crème 30% MG, épaisse, rayon frais",produits laitiers,crèmes et spécialités à base de crème,"1,38",1.38,exact
19411,"Crème d'Isigny, >= 35% MG",produits laitiers,crèmes et spécialités à base de crème,3,3,exact
19415,"Crème 30% MG, semi-épaisse, UHT",produits laitiers,crèmes et spécialités à base de crème,"1,94",1.94,exact
19417,"Crème 30% MG, fluide, UHT",produits laitiers,crèmes et spécialités à base de crème,"3,69",3.69,exact
19420,"Crème chantilly, sous pression, UHT",produits laitiers,crèmes et spécialités à base de crème,"10,6",10.6,exact
19430,"Crème 12 à 25% MG, légère, semi-épaisse, UHT",produits laitiers,crèmes et spécialités à base de crème,"4,34",4.34,exact
19431,"Crème 12 à 25% MG, légère, épaisse, rayon frais",produits laitiers,crèmes et spécialités à base de crème,"4,55",4.55,exact
19432,"Spécialité à base de crème légère 4-5% MG, fluide ou épaisse",produits laitiers,crèmes et spécialités à base de crème,"4,5",4.5,exact
19433,"Spécialité à base de crème légère 4% MG environ, fluide ou épaisse",produits laitiers,crèmes et spécialités à base de crème,"5,28",5.28,exact
19434,"Spécialité culinaire à base de crème et d'aromates 19% MG, à cuisiner",produits laitiers,crèmes et spécialités à base de crème,3,3,exact
19435,"Spécialité culinaire à base de crème légère et d'aromates 12% MG, à cuisiner",produits laitiers,crèmes et spécialités à base de crème,2,2,exact
19436,"Crème 12 à 20% MG, légère, fluide, rayon frais",produits laitiers,crèmes et spécialités à base de crème,"4,3",4.3,exact
18009,"Eau minérale, embouteillée, faiblement minéralisée (aliment moyen)",eaux et autres boissons,eaux,"0,00091",0.00091,exact
18044,Eau minérale (aliment moyen),eaux et autres boissons,eaux,"0,0061",0.0061,exact
18045,"Eau minérale, embouteilée, plate (aliment moyen)",eaux et autres boissons,eaux,"0,0062",0.0062,exact
18046,"Eau minérale, embouteilée, gazeuse (aliment moyen)",eaux et autres boissons,eaux,"0,0046",0.0046,exact
18066,Eau du robinet,eaux et autres boissons,eaux,0,0,exact
18430,Eau de source gazeuse ou plate,eaux et autres boissons,eaux,0,0,exact
76000,"Eau minérale Abatilles, embouteillée, plate, faiblement minéralisée (Arcachon, 33)",eaux et autres boissons,eaux,0,0,exact
76001,"Eau minérale Aix-les-Bains, embouteillée, plate, faiblement minéralisée (Aix-les-Bains, 73)",eaux et autres boissons,eaux,0,0,exact
76002,"Eau minérale Aizac, embouteillée, gazeuse, faiblement minéralisée (Aizac, 07)",eaux et autres boissons,eaux,0,0,exact
76004,"Eau minérale Amanda, embouteillée, plate, riche en sels minéraux (St-Amand, 59)",eaux et autres boissons,eaux,0,0,exact
76006,"Eau minérale Arcens, embouteillée, gazeuse, moyennement minéralisée (Arcens, 07)",eaux et autres boissons,eaux,0,0,exact
76007,"Eau minérale Ardesy, embouteillée, gazeuse, riche en sels minéraux (Ardes, 63)",eaux et autres boissons,eaux,0,0,exact
76010,"Eau minérale Celtic, embouteillée, gazeuse ou plate, très faiblement minéralisée (Niederbronn, 67)",eaux et autres boissons,eaux,"0,001",0.001,exact
76011,"Eau minérale Chambon, embouteillée, plate, faiblement minéralisée (Chambon, 45)",eaux et autres boissons,eaux,"0,0029",0.0029,exact
76012,"Eau minérale Chantemerle, embouteillée, plate, faiblement minéralisée (Le Pestrin, 07)",eaux et autres boissons,eaux,0,0,exact
76013,"Eau minérale Chateauneuf, embouteillée, gazeuse, riche en sels minéraux (Chateauneuf, 63)",eaux et autres boissons,eaux,0,0,exact
76014,"Eau minérale Chateldon, embouteillée, gazeuse, riche en sels minéraux (Chateldon, 63)",eaux et autres boissons,eaux,0,0,exact
76015,"Eau minérale Clos de l'Abbaye, embouteillée, plate, moyennement minéralisée (St-Amand, 59)",eaux et autres boissons,eaux,"0,016",0.016,exact
76016,"Eau minérale Contrex, embouteillée, plate, riche en sels minéraux (Contrexéville, 88)",eaux et autres boissons,eaux,"0,0078",0.0078,exact
76017,"Eau minérale Dax, embouteillée, plate, moyennement minéralisée (Dax, 40)",eaux et autres boissons,eaux,"0,069",0.069,exact
76018,"Eau minérale Didier, embouteillée, gazeuse, riche en sels minéraux (Martinique)",eaux et autres boissons,eaux,0,0,exact
76019,"Eau minérale Didier, embouteillée, plate, riche en sels minéraux (Martinique)",eaux et autres boissons,eaux,0,0,exact
76020,"Eau minérale Evian, embouteillée, plate, faiblement minéralisée (Evian, 74)",eaux et autres boissons,eaux,0,0,exact
76022,"Eau minérale Hépar, embouteillée, plate, riche en sels minéraux (Vittel, 88)",eaux et autres boissons,eaux,0,0,exact
76023,"Eau minérale Hydroxydase, embouteillée, gazeuse, riche en sels minéraux (Le Breuil sur Couze, 63)",eaux et autres boissons,eaux,0,0,exact
76024,"Eau minérale Vernière, embouteillée, gazeuse, moyennement minéralisée (Les Aires, 34)",eaux et autres boissons,eaux,0,0,exact
76025,"Eau minérale Luchon, embouteillée, plate, faiblement minéralisée (Luchon, 31)",eaux et autres boissons,eaux,0,0,exact
76027,"Eau minérale Mont-Roucous, embouteillée, plate, très faiblement minéralisée (Lacaune, 81)",eaux et autres boissons,eaux,0,0,exact
76029,"Eau minérale Orée du bois, embouteillée, plate, moyennement minéralisée (St-Amand, 59)",eaux et autres boissons,eaux,0,0,exact
76030,"Eau minérale Orezza, embouteillée, gazeuse, moyennement minéralisée (Rapaggio, 20B)",eaux et autres boissons,eaux,0,0,exact
76031,"Eau minérale Parot, embouteillée, gazeuse, moyennement minéralisée (St-Romain-le-Puy, 42)",eaux et autres boissons,eaux,0,0,exact
76032,"Eau minérale Plancoet, embouteillée, gazeuse ou plate, faiblement minéralisée (Plancoet, 22)",eaux et autres boissons,eaux,0,0,exact
76033,"Eau minérale Propiac, embouteillée, plate, riche en sels minéraux (Propiac, 26)",eaux et autres boissons,eaux,0,0,exact
76034,"Eau minérale Puits St-Georges, embouteillée, gazeuse, moyennement minéralisée (St-Romain-le-Puy, 42)",eaux et autres boissons,eaux,0,0,exact
76035,"Eau minérale Quézac, embouteillée, gazeuse, moyennement minéralisée (Quézac, 48)",eaux et autres boissons,eaux,0,0,exact
76036,"Eau minérale Reine des basaltes, embouteillée, gazeuse, moyennement minéralisée (Asperjoc, 07)",eaux et autres boissons,eaux,0,0,exact
76037,"Eau minérale Rozana, embouteillée, gazeuse, riche en sels minéraux (Beauregard, 63)",eaux et autres boissons,eaux,0,0,exact
76038,"Eau minérale Sail-les-Bains, embouteillée, plate, faiblement minéralisée (Sail-les-Bains, 42)",eaux et autres boissons,eaux,0,0,exact
76039,"Eau minérale Salvetat, embouteillée, gazeuse, moyennement minéralisée (La Salvetat, 34)",eaux et autres boissons,eaux,"0,03",0.03,exact
76043,"Eau minérale St-Amand, embouteillée, gazeuse ou plate, moyennement minéralisée (St-Amand, 59)",eaux et autres boissons,eaux,0,0,exact
76044,"Eau minérale St-Antonin, embouteillée, plate, riche en sels minéraux (St-Antonin-Noble-Val, 82)",eaux et autres boissons,eaux,"0,022",0.022,exact
76046,"Eau minérale St-Diéry, embouteillée, gazeuse, riche en sels minéraux (St-Diéry, 63)",eaux et autres boissons,eaux,"0,005",0.005,exact
76047,"Eau minérale Ste-Marguerite, embouteillée, gazeuse, moyennement minéralisée (St-Maurice, 63)",eaux et autres boissons,eaux,0,0,exact
76049,"Eau minérale St-Yorre, embouteillée, gazeuse, riche en sels minéraux (Saint-Yorre, 03)",eaux et autres boissons,eaux,"0,0094",0.0094,exact
76050,"Eau minérale Thonon, embouteillée, plate, faiblement minéralisée (Thonon, 74)",eaux et autres boissons,eaux,"0,0072",0.0072,exact
76052,"Eau minérale Vals-Vivaraise, embouteillée, gazeuse, moyennement minéralisée (Vals, 07)",eaux et autres boissons,eaux,0,0,exact
76053,"Eau minérale Ventadour, embouteillée, gazeuse, faiblement minéralisée (Le Pestrin, 07)",eaux et autres boissons,eaux,"0,03",0.03,exact
76054,"Eau minérale Vernet, embouteillée, gazeuse, faiblement minéralisée (Prades, 07)",eaux et autres boissons,eaux,0,0,exact
76055,"Eau minérale Vichy Célestins, embouteillée, gazeuse, riche en sels minéraux (Saint-Yorre, 03)",eaux et autres boissons,eaux,"0,013",0.013,exact
76056,"Eau minérale Vittel, embouteillée, plate, moyennement minéralisée (Vittel, 88)",eaux et autres boissons,eaux,"0,02",0.02,exact
76057,"Eau minérale Volvic, embouteillée, plate, faiblement minéralisée (Volvic, 63)",eaux et autres boissons,eaux,"0,0023",0.0023,exact
76058,"Eau minérale Volvic active, embouteillée, gazeuse, faiblement minéralisée (Volvic, 63)",eaux et autres boissons,eaux,0,0,exact
76059,"Eau minérale Wattwiller, embouteillée, gazeuse ou plate, faiblement minéraliséee (Wattwiller, 68)",eaux et autres boissons,eaux,0,0,exact
76060,"Eau minérale Perrier, embouteillée, gazeuse, faiblement minéralisée (Vergèse, 30)",eaux et autres boissons,eaux,traces,0,traces
76061,"Eau minérale Badoit, embouteillée, gazeuse, moyennement minéralisée (St-Galmier, 42)",eaux et autres boissons,eaux,0,0,exact
76062,"Eau minérale Avra, embouteillée, plate, faiblement minéralisée (Grèce)",eaux et autres boissons,eaux,0,0,exact
76063,"Eau minérale Beckerich, embouteillée, plate, faiblement minéralisée (Luxembourg)",eaux et autres boissons,eaux,0,0,exact
76065,"Eau minérale Chaudfontaine, embouteillée, plate, faiblement minéralisée (Belgique)",eaux et autres boissons,eaux,0,0,exact
76066,"Eau minérale Christinen Brunnen, embouteillée, plate, moyennement minéralisée (Allemagne)",eaux et autres boissons,eaux,0,0,exact
76067,"Eau minérale Courmayeur, embouteillée, plate, riche en sels minéraux (Italie)",eaux et autres boissons,eaux,0,0,exact
76069,"Eau minérale Levissima, embouteillée, plate, faiblement minéralisée (Italie)",eaux et autres boissons,eaux,0,0,exact
76070,"Eau minérale Luso, embouteillée, plate, très faiblement minéralisée (Portugal)",eaux et autres boissons,eaux,0,0,exact
76071,"Eau minérale Néro, embouteillée, plate, faiblement minéralisée (Grèce)",eaux et autres boissons,eaux,0,0,exact
76072,"Eau minérale Penacova, embouteillée, plate, très faiblement minéralisée (Portugal)",eaux et autres boissons,eaux,0,0,exact
76074,"Eau minérale San Bernardo, embouteillée, gazeuse ou plate, très faiblement minéralisée (Italie)",eaux et autres boissons,eaux,0,0,exact
76075,"Eau minérale San Pellegrino, embouteillée, gazeuse, moyennement minéralisée (Italie)",eaux et autres boissons,eaux,0,0,exact
76076,"Eau minérale Spa-Reine, embouteillée, gazeuse ou plate, moyennement minéralisée (Belgique)",eaux et autres boissons,eaux,0,0,exact
76078,"Eau minérale Valvert, embouteillée, plate, faiblement minéralisée (Belgique)",eaux et autres boissons,eaux,0,0,exact
76079,"Eau minérale Appollinaris, embouteillée, plate, riche en sels minéraux (Allemagne)",eaux et autres boissons,eaux,traces,0,traces
76081,"Eau minérale Biovive, embouteillée, plate, faiblement minéralisée (Dax, 40)",eaux et autres boissons,eaux,"0,011",0.011,exact
76082,"Eau minérale La Cairolle, embouteillée, plate, riche en sels minéraux (Les Aires, 34)",eaux et autres boissons,eaux,"0,11",0.11,exact
76083,"Eau minérale Cilaos, embouteillée, gazeuse, riche en sels minéraux (Cilaos, 974)",eaux et autres boissons,eaux,0,0,exact
76085,"Eau minérale La Française, embouteillée, plate, riche en sels minéraux (Propiac, 26)",eaux et autres boissons,eaux,0,0,exact
76086,"Eau minérale Montcalm, embouteillée, plate, très faiblement minéralisée (Auzat, 09)",eaux et autres boissons,eaux,"0,0025",0.0025,exact
76087,"Eau minérale Montclar, embouteillée, plate, faiblement minéralisée (Montclar, 04)",eaux et autres boissons,eaux,"0,009",0.009,exact
76088,"Eau minérale Nessel, embouteillée, gazeuse, moyennement minéralisée (Soultzmatt, 68)",eaux et autres boissons,eaux,"0,082",0.082,exact
76089,"Eau minérale Ogeu, embouteillée, gazeuse, faiblement minéralisée (Ogeu-les-Bains, 64)",eaux et autres boissons,eaux,"0,012",0.012,exact
76090,"Eau minérale Ogeu, embouteillée, plate, faiblement minéralisée (Ogeu-les-Bains, 64)",eaux et autres boissons,eaux,"0,018",0.018,exact
76091,"Eau minérale Prince Noir, embouteillée, plate, riche en sels minéraux (St-Antonin-Noble-Val, 82)",eaux et autres boissons,eaux,0,0,exact
76092,"Eau minérale St-Alban, embouteillée, gazeuse, moyennement minéralisée (St-Alban, 42)",eaux et autres boissons,eaux,0,0,exact
76093,"Eau minérale St-Géron, embouteillée, gazeuse, moyennement minéralisée (St-Géron, 43)",eaux et autres boissons,eaux,"0,071",0.071,exact
76094,"Eau minérale St-Michel-de-Mourcairol, embouteillée, gazeuse, moyennement minéralisée (Les Aires, 34)",eaux et autres boissons,eaux,"0,082",0.082,exact
76095,"Eau minérale Treignac, embouteillée, plate, très faiblement minéralisée (Treignac, 19)",eaux et autres boissons,eaux,"0,0013",0.0013,exact
76096,"Eau minérale Vals, embouteillée, gazeuse, moyennement minéralisée (Vals-les-Bains, 07)",eaux et autres boissons,eaux,"0,02",0.02,exact
76097,"Eau minérale Vauban, embouteillée, plate, moyennement minéralisée (St-Amand-les-Eaux, 59)",eaux et autres boissons,eaux,"0,088",0.088,exact
76101,"Eau minérale Mont-Blanc, embouteillée, plate, faiblement minéralisée (Italie)",eaux et autres boissons,eaux,0,0,exact
76102,"Eau minérale Eden (La Goa), embouteillée, plate, faiblement minéralisée (Suisse)",eaux et autres boissons,eaux,0,0,exact
76103,"Eau minérale Velleminfroy, embouteillée, gazeuse ou plate, riche en sels minéraux (Chatenois, 70)",eaux et autres boissons,eaux,0,0,exact
2000,"Jus d'ananas, à base de concentré",eaux et autres boissons,boissons sans alcool,"11,9",11.9,exact
2002,"Jus multifruit, pur jus, multivitaminé",eaux et autres boissons,boissons sans alcool,"11,3",11.3,exact
2004,Jus de fruits (aliment moyen),eaux et autres boissons,boissons sans alcool,"10,2",10.2,exact
2006,"Jus de carotte, pur jus",eaux et autres boissons,boissons sans alcool,"6,55",6.55,exact
2007,"Jus de citron, fait maison",eaux et autres boissons,boissons sans alcool,"2,52",2.52,exact
2011,"Jus multifruit, base orange, multivitaminé",eaux et autres boissons,boissons sans alcool,"11,3",11.3,exact
2012,"Jus d'orange, à base de concentré",eaux et autres boissons,boissons sans alcool,"9,59",9.59,exact
2013,"Jus d'orange, frais",eaux et autres boissons,boissons sans alcool,"9,19",9.19,exact
2014,"Jus de pomme, à base de concentré",eaux et autres boissons,boissons sans alcool,"11,3",11.3,exact
2015,"Jus de pamplemousse (pomélo), à base de concentré",eaux et autres boissons,boissons sans alcool,"8,41",8.41,exact
2016,"Jus de raisin, pur jus",eaux et autres boissons,boissons sans alcool,"16,3",16.3,exact
2017,"Jus de grenade, pur jus",eaux et autres boissons,boissons sans alcool,"12,7",12.7,exact
2018,Jus de pruneau,eaux et autres boissons,boissons sans alcool,"18,7",18.7,exact
2019,"Jus de raisin, à base de concentré",eaux et autres boissons,boissons sans alcool,16,16,exact
2023,"Jus de mangue, frais",eaux et autres boissons,boissons sans alcool,"9,5",9.5,exact
2024,"Jus de fruit de la passion ou maracudja, frais",eaux et autres boissons,boissons sans alcool,"14,3",14.3,exact
2025,"Jus de pamplemousse (pomélo), frais",eaux et autres boissons,boissons sans alcool,"9,1",9.1,exact
2026,"Jus de tomate, pur jus, salé à 3 g/L",eaux et autres boissons,boissons sans alcool,"4,13",4.13,exact
2027,"Jus de pamplemousse (pomelo), pur jus",eaux et autres boissons,boissons sans alcool,"8,89",8.89,exact
2028,"Jus de citron, pur jus",eaux et autres boissons,boissons sans alcool,"6,1",6.1,exact
2030,"Jus de citron vert, frais",eaux et autres boissons,boissons sans alcool,"1,69",1.69,exact
2031,"Jus de citron vert, pur jus",eaux et autres boissons,boissons sans alcool,"1,69",1.69,exact
2032,"Jus de tomate, pur jus, salé à 6 g/L",eaux et autres boissons,boissons sans alcool,"3,32",3.32,exact
2033,"Jus multifruit, à base de jus et purée de fruits",eaux et autres boissons,boissons sans alcool,"11,5",11.5,exact
2034,"Jus de clémentine ou mandarine, pur jus",eaux et autres boissons,boissons sans alcool,"10,4",10.4,exact
2035,"Jus multifruit, pur jus, standard",eaux et autres boissons,boissons sans alcool,"11,2",11.2,exact
2036,"Jus multifruit, base raisin, standard",eaux et autres boissons,boissons sans alcool,13,13,exact
2038,"Jus multifruit, base orange, standard",eaux et autres boissons,boissons sans alcool,"10,4",10.4,exact
2039,"Jus de grenade, frais",eaux et autres boissons,boissons sans alcool,"11,6",11.6,exact
2040,"Jus de cerise des Antilles ou d'acérola, frais",eaux et autres boissons,boissons sans alcool,"4,5",4.5,exact
2048,"Jus multifruit, base pomme, standard",eaux et autres boissons,boissons sans alcool,"12,2",12.2,exact
2050,"Jus multifruit, base pomme, multivitaminé",eaux et autres boissons,boissons sans alcool,"10,1",10.1,exact
2052,"Jus de fruit(s) et de légume(s), pur jus",eaux et autres boissons,boissons sans alcool,"9,5",9.5,exact
2053,"Jus de tomate, pur jus (aliment moyen)",eaux et autres boissons,boissons sans alcool,"3,73",3.73,exact
2069,"Jus multifruit, à base de concentré, standard",eaux et autres boissons,boissons sans alcool,"11,2",11.2,exact
2070,"Jus d'orange, pur jus",eaux et autres boissons,boissons sans alcool,"9,61",9.61,exact
2071,"Jus multifruit, à base de concentré, multivitaminé",eaux et autres boissons,boissons sans alcool,"10,8",10.8,exact
2072,"Jus de fruits, pur jus (aliment moyen)",eaux et autres boissons,boissons sans alcool,"10,2",10.2,exact
2073,"Jus d'ananas, pur jus",eaux et autres boissons,boissons sans alcool,"12,1",12.1,exact
2074,"Jus de pomme, pur jus",eaux et autres boissons,boissons sans alcool,"11,4",11.4,exact
2075,"Jus de légumes, pur jus (aliment moyen)",eaux et autres boissons,boissons sans alcool,"4,69",4.69,exact
2077,"Jus de fruits, à base de concentré (aliment moyen)",eaux et autres boissons,boissons sans alcool,"10,4",10.4,exact
2377,"Jus d'orange sanguine, pur jus",eaux et autres boissons,boissons sans alcool,"10,2",10.2,exact
2381,Jus de canneberge ou cranberry,eaux et autres boissons,boissons sans alcool,"12,1",12.1,exact
2500,"Smoothie, sans précision sur la teneur en fruits et les ingrédients autres que fruits",eaux et autres boissons,boissons sans alcool,"12,9",12.9,exact
2009,"Nectar multifruit, base pomme, standard",eaux et autres boissons,boissons sans alcool,10,10,exact
2010,"Nectar multifruit, base pomme, multivitaminé",eaux et autres boissons,boissons sans alcool,"9,1",9.1,exact
2022,Nectar de fraise,eaux et autres boissons,boissons sans alcool,"11,3",11.3,exact
2043,Nectar d'abricot,eaux et autres boissons,boissons sans alcool,"13,7",13.7,exact
2045,Nectar de papaye,eaux et autres boissons,boissons sans alcool,"13,9",13.9,exact
2054,Nectar de poire,eaux et autres boissons,boissons sans alcool,"14,8",14.8,exact
2060,"Nectar multifruit, multivitaminé",eaux et autres boissons,boissons sans alcool,"11,3",11.3,exact
2061,"Nectar multifruit, standard",eaux et autres boissons,boissons sans alcool,"11,5",11.5,exact
2062,"Nectar multifruit, base orange, multivitaminé",eaux et autres boissons,boissons sans alcool,"10,3",10.3,exact
2063,"Nectar multifruit, base orange, standard",eaux et autres boissons,boissons sans alcool,"11,9",11.9,exact
2064,"Nectar, avec édulcorants, allégé en sucres",eaux et autres boissons,boissons sans alcool,"5,49",5.49,exact
2076,Nectar de pomme,eaux et autres boissons,boissons sans alcool,"10,9",10.9,exact
2365,Nectar de fruit de la passion ou maracuja,eaux et autres boissons,boissons sans alcool,"15,2",15.2,exact
2366,Nectar de banane,eaux et autres boissons,boissons sans alcool,"12,8",12.8,exact
2367,Nectar de goyave,eaux et autres boissons,boissons sans alcool,"10,9",10.9,exact
2370,Nectar de mangue,eaux et autres boissons,boissons sans alcool,"11,3",11.3,exact
2371,Nectar de pêche,eaux et autres boissons,boissons sans alcool,"12,1",12.1,exact
2374,Nectar d'ananas,eaux et autres boissons,boissons sans alcool,13,13,exact
2375,Nectar d'orange,eaux et autres boissons,boissons sans alcool,"9,19",9.19,exact
18001,"Boisson gazeuse aromatisée, sans fruit, sans sucres ajoutés, avec édulcorants",eaux et autres boissons,boissons sans alcool,"0,063",0.063,exact
18007,Cocktail ou boisson apéritive sans alcool à base de jus de fruits sans sirop,eaux et autres boissons,boissons sans alcool,"10,7",10.7,exact
18010,"Limonade, sucrée",eaux et autres boissons,boissons sans alcool,"8,24",8.24,exact
18012,"Boisson à l'eau minérale ou de source, aromatisée, sucrée",eaux et autres boissons,boissons sans alcool,"4,05",4.05,exact
18013,"Tonic ou bitter, sans sucres ajoutés, avec édulcorants",eaux et autres boissons,boissons sans alcool,"0,058",0.058,exact
18014,"Tonic ou bitter, sucré, avec édulcorants",eaux et autres boissons,boissons sans alcool,"5,54",5.54,exact
18015,"Boisson au thé, aromatisée, sucrée, avec édulcorants",eaux et autres boissons,boissons sans alcool,"4,25",4.25,exact
18016,"Limonade, sucrée, avec édulcorants",eaux et autres boissons,boissons sans alcool,2,2,exact
18018,"Cola, sucré",eaux et autres boissons,boissons sans alcool,10,10,exact
18019,"Boisson gazeuse aux fruits (teneur en fruits >= 10% et < 50%), sucrée",eaux et autres boissons,boissons sans alcool,"11,3",11.3,exact
18021,"Boisson plate aux fruits (teneur en fruits < 10%), sans sucres ajoutés, avec édulcorants",eaux et autres boissons,boissons sans alcool,"0,96",0.96,exact
18023,"Boisson plate aux fruits (teneur en fruits < 10%), sucrée",eaux et autres boissons,boissons sans alcool,"6,39",6.39,exact
18024,"Boisson plate aux fruits (teneur en fruits >= 10% et < 50%), sucrée, avec édulcorants",eaux et autres boissons,boissons sans alcool,"5,83",5.83,exact
18025,"Kombucha, préemballé",eaux et autres boissons,boissons sans alcool,"1,45",1.45,exact
18026,"Boisson gazeuse aromatisée, sans fruit, sucrée",eaux et autres boissons,boissons sans alcool,"8,28",8.28,exact
18028,"Boisson à l'eau minérale ou de source, aromatisée, sans sucres ajoutés, sans édulcorants",eaux et autres boissons,boissons sans alcool,"0,026",0.026,exact
18029,Boisson rafraîchissante sans alcool (aliment moyen),eaux et autres boissons,boissons sans alcool,"6,86",6.86,exact
18030,"Boisson à l'eau minérale ou de source, aromatisée, sans sucres ajoutés, avec édulcorants",eaux et autres boissons,boissons sans alcool,"0,0001",0.0001,exact
18033,"Boisson gazeuse aux fruits (teneur en fruits < 10%), sucrée, avec édulcorants",eaux et autres boissons,boissons sans alcool,"6,79",6.79,exact
18034,"Boisson gazeuse aux fruits (teneur en fruits >= 10% et < 50%), sucrée, avec édulcorants",eaux et autres boissons,boissons sans alcool,"6,92",6.92,exact
18035,"Limonade, sans sucres ajoutés, avec édulcorants",eaux et autres boissons,boissons sans alcool,"0,12",0.12,exact
18037,"Cola, sucré, avec édulcorants",eaux et autres boissons,boissons sans alcool,"6,07",6.07,exact
18039,"Diabolo (limonade et sirop), sucré",eaux et autres boissons,boissons sans alcool,"8,43",8.43,exact
18048,"Boisson gazeuse aux fruits (teneur en jus non spécifiée), sucrée (aliment moyen)",eaux et autres boissons,boissons sans alcool,"10,9",10.9,exact
18049,"Boisson gazeuse aux fruits (teneur en fruits < 10%), sucrée",eaux et autres boissons,boissons sans alcool,"8,36",8.36,exact
18050,"Boisson gazeuse aux fruits (teneur en fruits < 10%), à teneur réduite en sucres",eaux et autres boissons,boissons sans alcool,"7,15",7.15,exact
18051,"Boisson gazeuse aux fruits (teneur en fruits >= 10% et < 50%), sans sucres ajoutés, avec édulcorants",eaux et autres boissons,boissons sans alcool,"0,91",0.91,exact
18057,"Boisson préparée à partir de boisson concentrée à diluer type menthe, fraise, etc, sans sucres ajoutés, avec édulcorants, type ""sirop 0%"", diluée dans l'eau",eaux et autres boissons,boissons sans alcool,"1,5",1.5,exact
18058,"Boisson préparée à partir de sirop à diluer type menthe, fraise, etc, sucré, dilué dans l'eau",eaux et autres boissons,boissons sans alcool,"7,7",7.7,exact
18060,"Cola, sans sucres ajoutés, avec édulcorants",eaux et autres boissons,boissons sans alcool,"0,25",0.25,exact
18062,"Boisson au thé, aromatisée, sans précision sur la teneur en sucres et édulcorants (aliment moyen)",eaux et autres boissons,boissons sans alcool,"5,26",5.26,exact
18063,"Cola, sans précision sur la teneur en sucres et édulcorants (aliment moyen)",eaux et autres boissons,boissons sans alcool,"6,88",6.88,exact
18064,"Boisson au thé, aromatisée, à teneur réduite en sucres",eaux et autres boissons,boissons sans alcool,"3,75",3.75,exact
18065,"Boisson au thé, aromatisée, sans sucres ajoutés, avec édulcorants",eaux et autres boissons,boissons sans alcool,"0,22",0.22,exact
18067,"Cola, sucré, sans caféine",eaux et autres boissons,boissons sans alcool,"10,2",10.2,exact
18068,"Cola, sans sucres ajoutés, avec édulcorants, sans caféine",eaux et autres boissons,boissons sans alcool,"0,13",0.13,exact
18075,"Boisson au thé, aromatisée, sucrée",eaux et autres boissons,boissons sans alcool,"5,78",5.78,exact
18078,"Boisson gazeuse aromatisée, sans fruit, sucrée, avec édulcorants",eaux et autres boissons,boissons sans alcool,"5,58",5.58,exact
18294,"Boisson plate aux fruits  (teneur en fruits < 10%), sucrée, rayon frais, enrichie en vitamine(s)",eaux et autres boissons,boissons sans alcool,"8,42",8.42,exact
18295,"Boisson plate aux fruits  (teneur en fruits >= 10% et < 50%), sucrée, enrichie en vitamine(s)",eaux et autres boissons,boissons sans alcool,"9,49",9.49,exact
18296,"Boisson aux fruits avec de la purée de fruits type smoothie (teneur en fruits >=50%), enrichie en vitamine(s)",eaux et autres boissons,boissons sans alcool,"11,5",11.5,exact
18297,"Boisson plate aux fruits (teneur en fruits >= 50%), rayon ambiant, enrichie en vitamine(s)",eaux et autres boissons,boissons sans alcool,"10,9",10.9,exact
18298,"Boisson plate aux fruits (teneur en fruits >= 50%), rayon ambiant",eaux et autres boissons,boissons sans alcool,10,10,exact
18299,"Citronnade, boisson plate au citron (teneur en fruits >= 10% et < 50%), sucrée",eaux et autres boissons,boissons sans alcool,"5,77",5.77,exact
18300,"Boisson aux fruits avec de la purée de fruits type smoothie (teneur en fruits >= 50%), sans sucres ajoutés, rayon frais",eaux et autres boissons,boissons sans alcool,"12,1",12.1,exact
18304,"Boisson plate aux fruits (teneur en fruits >= 10% et < 50%), à teneur réduite en sucres",eaux et autres boissons,boissons sans alcool,"4,71",4.71,exact
18305,"Boisson plate aux fruits (teneur en fruits >= 10% et < 50%), sans sucres ajoutés",eaux et autres boissons,boissons sans alcool,"3,18",3.18,exact
18306,"Boisson à l'aloe vera, sucrée",eaux et autres boissons,boissons sans alcool,"8,11",8.11,exact
18309,"Boisson plate aux fruits (teneur en fruits non spécifiée), sucrée",eaux et autres boissons,boissons sans alcool,"11,2",11.2,exact
18315,Boisson plate au(x) fruits et au(x) légume(s),eaux et autres boissons,boissons sans alcool,10,10,exact
18316,"Kéfir d'eau et de fruits, préemballé",eaux et autres boissons,boissons sans alcool,"0,9",0.9,exact
18324,"Boisson énergisante, sans précision sur la teneur en sucres et édulcorants (aliment moyen)",eaux et autres boissons,boissons sans alcool,"8,77",8.77,exact
18325,"Boisson plate aux fruits (teneur en fruits non spécifiée), sans précision sur la teneur en sucres et édulcorants ni sur l'enrichissement (aliment moyen)",eaux et autres boissons,boissons sans alcool,"9,38",9.38,exact
18326,"Boisson à l'eau minérale ou de source, aromatisée, sans précision sur la teneur en sucres et édulcorants (aliment moyen)",eaux et autres boissons,boissons sans alcool,"0,47",0.47,exact
18327,"Limonade, sans précision sur la teneur en sucres et édulcorants (aliment moyen)",eaux et autres boissons,boissons sans alcool,"7,09",7.09,exact
18328,"Boisson préparée à partir de sirop ou de boisson concentrée à diluer type menthe, fraise, etc, diluée dans l'eau, sans précision sur la teneur en sucres et édulcorants (aliment moyen)",eaux et autres boissons,boissons sans alcool,"7,21",7.21,exact
18329,"Boisson gazeuse aromatisée, sans fruit, sans précision sur la teneur en sucres et édulcorants (aliment moyen)",eaux et autres boissons,boissons sans alcool,"6,87",6.87,exact
18339,"Boisson plate aux fruits (teneur en fruits >= 10% et < 50%), sucrée",eaux et autres boissons,boissons sans alcool,"9,92",9.92,exact
18340,"Boisson gazeuse aux fruits (teneur en fruits < 10%), sans sucres ajoutés, avec édulcorants",eaux et autres boissons,boissons sans alcool,"0,45",0.45,exact
18341,"Boisson gazeuse à la pomme (teneur en fruits >= 50%), sans sucres ajoutés",eaux et autres boissons,boissons sans alcool,"7,5",7.5,exact
18344,"Tonic ou bitter, sucré",eaux et autres boissons,boissons sans alcool,"8,27",8.27,exact
18345,"Boisson gazeuse aux fruits (teneur en fruits < 10%), sans sucres ajoutés, sans édulcorants",eaux et autres boissons,boissons sans alcool,"4,17",4.17,exact
18347,Boisson à la sève de bouleau,eaux et autres boissons,boissons sans alcool,"0,7",0.7,exact
18348,"Boisson pour le sport, sucrée",eaux et autres boissons,boissons sans alcool,"5,41",5.41,exact
18349,"Boisson pour le sport, sucrée, avec édulcorants",eaux et autres boissons,boissons sans alcool,"4,82",4.82,exact
18352,"Boisson énergisante, sucrée",eaux et autres boissons,boissons sans alcool,"10,2",10.2,exact
18353,"Boisson énergisante, sans sucres ajoutés, avec édulcorants, enrichie en vitamines",eaux et autres boissons,boissons sans alcool,"2,06",2.06,exact
18354,"Boisson énergisante, sucrée, avec édulcorants",eaux et autres boissons,boissons sans alcool,"6,86",6.86,exact
18356,"Tonic ou bitter, sans précision sur la teneur en sucres et édulcorants (aliment moyen)",eaux et autres boissons,boissons sans alcool,"7,21",7.21,exact
18343,Boisson au(x) fruit(s) et au lait,eaux et autres boissons,boissons sans alcool,"10,7",10.7,exact
19114,"Boisson lactée aromatisée à la vanille, sucrée, au lait partiellement écrémé, enrichie en vitamine D",eaux et autres boissons,boissons sans alcool,11,11,exact
19116,"Boisson lactée aromatisée au café, sucrée, au lait partiellement écrémé, enrichie en vitamine(s) et/ou minéraux",eaux et autres boissons,boissons sans alcool,"8,9",8.9,exact
19117,"Boisson lactée aromatisée au café, sucrée, au lait partiellement écrémé, non enrichie",eaux et autres boissons,boissons sans alcool,"8,84",8.84,exact
19118,"Boisson lactée aromatisée au chocolat, sucrée, au lait partiellement écrémé, non enrichie",eaux et autres boissons,boissons sans alcool,11,11,exact
19119,"Boisson lactée aromatisée au chocolat, sucrée, au lait partiellement écrémé, enrichie en vitamine(s) et/ou minéraux",eaux et autres boissons,boissons sans alcool,"10,8",10.8,exact
19120,"Boisson lactée aromatisée (sans précision sur l'arôme), sucrée, au lait partiellement écrémé, enrichie et/ou restaurée en vitamine(s) et/ou minéraux (aliment moyen)",eaux et autres boissons,boissons sans alcool,"10,7",10.7,exact
19127,"Boisson lactée aromatisée à la fraise, sucrée, au lait partiellement écrémé, enrichie en vitamine D",eaux et autres boissons,boissons sans alcool,"10,7",10.7,exact
18011,Eau de coco,eaux et autres boissons,boissons sans alcool,"3,33",3.33,exact
18107,"Boisson à l'amande, nature, sans sucres ajoutés, non enrichie, préemballée",eaux et autres boissons,boissons sans alcool,"0,68",0.68,exact
18110,"Boisson à l'amande, sucrée, enrichie en calcium, préemballée",eaux et autres boissons,boissons sans alcool,"3,96",3.96,exact
18111,"Boisson à l'amande, préemballée (aliment moyen)",eaux et autres boissons,boissons sans alcool,"0,68",0.68,exact
18112,"Boisson végétale, préemballée (aliment moyen)",eaux et autres boissons,boissons sans alcool,"2,38",2.38,exact
18113,"Boisson au soja, préemballée (aliment moyen)",eaux et autres boissons,boissons sans alcool,"2,93",2.93,exact
18899,"Boisson à l'avoine, nature, sans sucres ajoutés, non enrichie, préemballée",eaux et autres boissons,boissons sans alcool,"7,78",7.78,exact
18900,"Boisson au soja, nature, non enrichie, préemballée",eaux et autres boissons,boissons sans alcool,"1,87",1.87,exact
18901,"Boisson au soja, nature, enrichie en calcium, préemballée",eaux et autres boissons,boissons sans alcool,"2,18",2.18,exact
18902,"Boisson au soja, aromatisée, sucrée, non enrichie, préemballée",eaux et autres boissons,boissons sans alcool,"7,54",7.54,exact
18903,"Boisson au soja, aromatisée, sucrée, enrichie en calcium, préemballée",eaux et autres boissons,boissons sans alcool,"2,89",2.89,exact
18904,"Boisson au riz, nature, préemballée",eaux et autres boissons,boissons sans alcool,"10,8",10.8,exact
18906,"Boisson à la châtaigne, nature, préemballée",eaux et autres boissons,boissons sans alcool,"13,5",13.5,exact
18907,"Boisson à la noix de coco, nature, préemballée",eaux et autres boissons,boissons sans alcool,"2,75",2.75,exact
29209,"Boisson au soja et jus de fruits concentrés, préemballée",eaux et autres boissons,boissons sans alcool,"9,5",9.5,exact
18004,"Café, non instantané, sans sucres ajoutés, prêt à boire",eaux et autres boissons,boissons sans alcool,"1,35",1.35,exact
18020,"Thé infusé, sans sucres ajoutés",eaux et autres boissons,boissons sans alcool,0,0,exact
18022,"Tisane infusée ou infusion, sans sucres ajoutés",eaux et autres boissons,boissons sans alcool,"0,2",0.2,exact
18070,"Café décaféiné, non instantané, sans sucres ajoutés, prêt à boire",eaux et autres boissons,boissons sans alcool,"0,6",0.6,exact
18071,"Café expresso, non instantané, sans sucres ajoutés, prêt à boire",eaux et autres boissons,boissons sans alcool,"1,16",1.16,exact
18072,"Café décaféiné, instantané, sans sucres ajoutés, prêt à boire",eaux et autres boissons,boissons sans alcool,"0,4",0.4,exact
18073,"Café, instantané, sans sucres ajoutés, prêt à boire",eaux et autres boissons,boissons sans alcool,"0,3",0.3,exact
18104,"Chocolat chaud, boisson instantanée, sucrée, prête à boire (reconstituée avec du lait demi-écrémé)",eaux et autres boissons,boissons sans alcool,"9,5",9.5,exact
18106,"Chocolat chaud, boisson instantanée, sucrée, enrichie en vitamines, prête à boire (reconstituée avec du lait demi-écrémé)",eaux et autres boissons,boissons sans alcool,"9,91",9.91,exact
18151,"Café au lait, café crème ou cappuccino, instantané ou non, sans sucres ajoutés, prêt à boire",eaux et autres boissons,boissons sans alcool,"2,31",2.31,exact
18153,"Chicorée et café, instantané, sans sucres ajoutés, prête à boire (reconstituée avec du lait demi-écrémé)",eaux et autres boissons,boissons sans alcool,"5,9",5.9,exact
18154,"Thé noir, infusé, sans sucres ajoutés",eaux et autres boissons,boissons sans alcool,"0,3",0.3,exact
18155,"Thé vert, infusé, sans sucres ajoutés",eaux et autres boissons,boissons sans alcool,"1,09",1.09,exact
18161,"Chicorée, instantanée, sans sucres ajoutés, prête à boire (reconstituée avec du lait demi-écrémé)",eaux et autres boissons,boissons sans alcool,"7,1",7.1,exact
18162,"Chicorée et café, instantané, sans sucres ajoutés, prête à boire (reconstituée avec de l'eau)",eaux et autres boissons,boissons sans alcool,"6,06",6.06,exact
18003,"Café, moulu",eaux et autres boissons,boissons sans alcool,"20,3",20.3,exact
18005,"Café, poudre soluble",eaux et autres boissons,boissons sans alcool,"41,9",41.9,exact
18017,"Sirop à diluer, sucré",eaux et autres boissons,boissons sans alcool,"62,5",62.5,exact
18059,"Boisson concentrée à diluer, sans sucres ajoutés, avec édulcorants, type ""sirop 0%""",eaux et autres boissons,boissons sans alcool,"3,79",3.79,exact
18069,"Café, décaféiné, poudre soluble",eaux et autres boissons,boissons sans alcool,76,76,exact
18076,"Thé, feuille",eaux et autres boissons,boissons sans alcool,"6,3",6.3,exact
18100,"Cacao, sans sucres ajoutés, poudre soluble",eaux et autres boissons,boissons sans alcool,"11,6",11.6,exact
18101,"Poudre cacaotée ou au chocolat pour boisson, sucrée",eaux et autres boissons,boissons sans alcool,"75,6",75.6,exact
18102,"Poudre maltée, cacaotée ou au chocolat pour boisson, sucrée, enrichie en vitamines et minéraux",eaux et autres boissons,boissons sans alcool,"79,4",79.4,exact
18150,"Chicorée et café, poudre soluble",eaux et autres boissons,boissons sans alcool,"66,9",66.9,exact
18152,"Chicorée, poudre soluble",eaux et autres boissons,boissons sans alcool,"57,2",57.2,exact
18160,"Café au lait ou cappuccino, poudre soluble",eaux et autres boissons,boissons sans alcool,"70,1",70.1,exact
18163,"Café au lait ou cappuccino au chocolat, poudre soluble",eaux et autres boissons,boissons sans alcool,63,63,exact
18167,"Poudre cacaotée ou au chocolat pour boisson, sucrée, enrichie en vitamines et minéraux",eaux et autres boissons,boissons sans alcool,"79,3",79.3,exact
18168,"Poudre cacaotée ou au chocolat pour boisson, sucrée, enrichie en vitamines",eaux et autres boissons,boissons sans alcool,85,85,exact
18220,"Spécialité à diluer au citron pour boissons ou usages culinaires, sans sucres ajoutés",eaux et autres boissons,boissons sans alcool,"1,01",1.01,exact
1006,Vin doux,eaux et autres boissons,boisson alcoolisées,"9,96",9.96,exact
5100,Pétillant de fruits,eaux et autres boissons,boisson alcoolisées,"6,95",6.95,exact
5201,Vin blanc mousseux,eaux et autres boissons,boisson alcoolisées,"1,78",1.78,exact
5207,Champagne,eaux et autres boissons,boisson alcoolisées,"1,4",1.4,exact
5209,Vin blanc mousseux aromatisé,eaux et autres boissons,boisson alcoolisées,"5,1",5.1,exact
5210,Vin (aliment moyen),eaux et autres boissons,boisson alcoolisées,"0,96",0.96,exact
5214,Vin rouge,eaux et autres boissons,boisson alcoolisées,0,0,exact
5215,Vin blanc sec,eaux et autres boissons,boisson alcoolisées,"0,17",0.17,exact
5216,Vin rosé,eaux et autres boissons,boisson alcoolisées,"1,4",1.4,exact
5000,Bière brune,eaux et autres boissons,boisson alcoolisées,"4,1",4.1,exact
5001,"Bière ""coeur de marché"" (4-5° alcool)",eaux et autres boissons,boisson alcoolisées,"3,12",3.12,exact
5002,Bière forte (>8° alcool),eaux et autres boissons,boisson alcoolisées,"4,6",4.6,exact
5003,Cidre (aliment moyen),eaux et autres boissons,boisson alcoolisées,"3,67",3.67,exact
5006,Cidre brut,eaux et autres boissons,boisson alcoolisées,"2,62",2.62,exact
5007,Cidre doux,eaux et autres boissons,boisson alcoolisées,"6,4",6.4,exact
5008,Bière faiblement alcoolisée (3° alcool),eaux et autres boissons,boisson alcoolisées,"4,62",4.62,exact
5009,Bière blanche,eaux et autres boissons,boisson alcoolisées,"7,55",7.55,exact
5010,"Bière ""spéciale"" (5-6° alcool)",eaux et autres boissons,boisson alcoolisées,"4,55",4.55,exact
5011,"Bière ""de spécialités"" ou d'abbaye, régionales ou d'une brasserie (degré d'alcool variable)",eaux et autres boissons,boisson alcoolisées,"3,2",3.2,exact
5020,Cidre traditionnel,eaux et autres boissons,boisson alcoolisées,"1,87",1.87,exact
5021,Cidre bouché demi-sec,eaux et autres boissons,boisson alcoolisées,"4,4",4.4,exact
5022,Cidre aromatisé aux fruits,eaux et autres boissons,boisson alcoolisées,"7,07",7.07,exact
5029,"Bière sans alcool, sucrée, aromatisée ou au jus de fruits",eaux et autres boissons,boisson alcoolisées,"7,36",7.36,exact
5030,"Bière sans alcool (<1,2° alcool) et sans sucres ajoutés, aromatisée ou non",eaux et autres boissons,boisson alcoolisées,"6,08",6.08,exact
1000,Pastis,eaux et autres boissons,boisson alcoolisées,"2,86",2.86,exact
1001,Eau de vie de fruits,eaux et autres boissons,boisson alcoolisées,"0,63",0.63,exact
1002,Gin,eaux et autres boissons,boisson alcoolisées,0,0,exact
1003,Liqueur,eaux et autres boissons,boisson alcoolisées,"25,4",25.4,exact
1004,Rhum,eaux et autres boissons,boisson alcoolisées,0,0,exact
1005,Whisky,eaux et autres boissons,boisson alcoolisées,"0,096",0.096,exact
1007,Apéritif à base de vin ou vermouth,eaux et autres boissons,boisson alcoolisées,"11,3",11.3,exact
1008,Vodka,eaux et autres boissons,boisson alcoolisées,0,0,exact
1010,"Pastis, prêt à boire (1+ 5)",eaux et autres boissons,boisson alcoolisées,"0,5",0.5,exact
1011,"Apéritif anisé sans alcool, à diluer",eaux et autres boissons,boisson alcoolisées,1,1,exact
1014,Alcool pur,eaux et autres boissons,boisson alcoolisées,0,0,exact
1015,Marsala,eaux et autres boissons,boisson alcoolisées,"27,9",27.9,exact
1016,Marsala aux oeufs,eaux et autres boissons,boisson alcoolisées,"12,4",12.4,exact
1021,Crème de cassis,eaux et autres boissons,boisson alcoolisées,41,41,exact
1023,Eau de vie de vin type armagnac ou cognac,eaux et autres boissons,boisson alcoolisées,"0,76",0.76,exact
1024,Eau de vie type calvados,eaux et autres boissons,boisson alcoolisées,0,0,exact
1026,Saké ou alcool de riz,eaux et autres boissons,boisson alcoolisées,0,0,exact
1012,Cocktail à base de rhum,eaux et autres boissons,boisson alcoolisées,"7,74",7.74,exact
1013,Cocktail à base de whisky,eaux et autres boissons,boisson alcoolisées,"15,8",15.8,exact
1017,"Sangria, faite maison",eaux et autres boissons,boisson alcoolisées,11,11,exact
1018,"Kir (vin blanc, crème de cassis)",eaux et autres boissons,boisson alcoolisées,"3,3",3.3,exact
1019,"Kir royal (champagne, crème de cassis)",eaux et autres boissons,boisson alcoolisées,"5,66",5.66,exact
1022,"Cocktail type punch, 16% alcool, préemballé",eaux et autres boissons,boisson alcoolisées,"17,8",17.8,exact
2008,Cocktail ou boisson apéritive sans alcool à base de jus de fruits et de sirop,eaux et autres boissons,boisson alcoolisées,"10,9",10.9,exact
5004,Panaché (limonade et bière),eaux et autres boissons,boisson alcoolisées,"6,33",6.33,exact
5005,"Panaché préemballé (<1° alc.), aromatisé ou non",eaux et autres boissons,boisson alcoolisées,"7,11",7.11,exact
11506,"Édulcorant à l'aspartame, en pastilles",produits sucrés,"sucres, miels et assimilés",-,,missing
11509,"Édulcorant à l'aspartame, en poudre",produits sucrés,"sucres, miels et assimilés","3,7",3.7,exact
11510,Vermicelles multicolores,produits sucrés,"sucres, miels et assimilés","95,6",95.6,exact
31008,Miel,produits sucrés,"sucres, miels et assimilés","82,1",82.1,exact
31016,Sucre blanc,produits sucrés,"sucres, miels et assimilés","99,7",99.7,exact
31017,Sucre roux,produits sucrés,"sucres, miels et assimilés","98,1",98.1,exact
31034,Sirop d'érable,produits sucrés,"sucres, miels et assimilés","67,2",67.2,exact
31044,Sucre vanillé,produits sucrés,"sucres, miels et assimilés","98,6",98.6,exact
31046,Caramel liquide ou nappage caramel,produits sucrés,"sucres, miels et assimilés",81,81,exact
31064,Édulcorant à la saccharine,produits sucrés,"sucres, miels et assimilés",0,0,exact
31067,Mélasse de canne,produits sucrés,"sucres, miels et assimilés","74,7",74.7,exact
31076,Edulcorant à base de sucre et aspartame (petits morceaux),produits sucrés,"sucres, miels et assimilés","98,7",98.7,exact
31077,Fructose,produits sucrés,"sucres, miels et assimilés","99,8",99.8,exact
31087,Édulcorant à base d'extrait de stévia,produits sucrés,"sucres, miels et assimilés","0,3",0.3,exact
31089,Sirop d'agave,produits sucrés,"sucres, miels et assimilés",78,78,exact
31000,Barre chocolatée biscuitée,produits sucrés,chocolats et produits à base de chocolat,"61,4",61.4,exact
31001,Barre chocolatée non biscuitée enrobée,produits sucrés,chocolats et produits à base de chocolat,"66,4",66.4,exact
31002,"Barre à la noix de coco, enrobée de chocolat",produits sucrés,chocolats et produits à base de chocolat,"60,2",60.2,exact
31004,"Chocolat au lait, tablette",produits sucrés,chocolats et produits à base de chocolat,"58,9",58.9,exact
31005,"Chocolat noir 50 % de cacao environ, tablette",produits sucrés,chocolats et produits à base de chocolat,53,53,exact
31009,"Chocolat au lait aux céréales croustillantes, tablette",produits sucrés,chocolats et produits à base de chocolat,"60,6",60.6,exact
31010,"Chocolat blanc, tablette",produits sucrés,chocolats et produits à base de chocolat,"57,1",57.1,exact
31012,Barre ou confiserie chocolatée au lait,produits sucrés,chocolats et produits à base de chocolat,"50,9",50.9,exact
31018,"Chocolat au lait aux fruits secs (noisettes, amandes, raisins, praline), tablette",produits sucrés,chocolats et produits à base de chocolat,"48,7",48.7,exact
31020,"Chocolat au lait sans sucres ajoutés, avec édulcorants, tablette",produits sucrés,chocolats et produits à base de chocolat,"54,2",54.2,exact
31026,"Chocolat blanc aux fruits secs (noisettes, amandes, raisins, praliné) , tablette",produits sucrés,chocolats et produits à base de chocolat,48,48,exact
31030,"Chocolat noir sans sucres ajoutés, avec édulcorants, en tablette",produits sucrés,chocolats et produits à base de chocolat,"34,1",34.1,exact
31032,Pâte à tartiner chocolat et noisette,produits sucrés,chocolats et produits à base de chocolat,"57,9",57.9,exact
31041,Confiserie au chocolat dragéifiée,produits sucrés,chocolats et produits à base de chocolat,"64,9",64.9,exact
31042,Cacahuète enrobée de chocolat dragéifiée,produits sucrés,chocolats et produits à base de chocolat,"55,9",55.9,exact
31063,Bouchée chocolat fourrage fruits à coques et/ou praliné,produits sucrés,chocolats et produits à base de chocolat,"51,5",51.5,exact
31066,Rocher chocolat fourré praliné,produits sucrés,chocolats et produits à base de chocolat,"51,4",51.4,exact
31069,"Chocolat noir aux fruits (orange, framboise, poire), tablette",produits sucrés,chocolats et produits à base de chocolat,"45,3",45.3,exact
31070,"Chocolat noir aux fruits secs (noisettes, amandes, raisins, praline), tablette",produits sucrés,chocolats et produits à base de chocolat,"40,7",40.7,exact
31071,Barre chocolatée aux fruits secs,produits sucrés,chocolats et produits à base de chocolat,"57,6",57.6,exact
31072,Chocolat noir fourrage confiseur à la menthe,produits sucrés,chocolats et produits à base de chocolat,"70,2",70.2,exact
31073,"Gâteau moelleux fourré au chocolat et au lait, enrobé de chocolat, préemballé, rayon frais",produits sucrés,chocolats et produits à base de chocolat,"42,4",42.4,exact
31074,"Chocolat noir 70 % de cacao environ, de dégustation, tablette",produits sucrés,chocolats et produits à base de chocolat,"26,9",26.9,exact
31080,"Chocolat noir fourré praliné, tablette",produits sucrés,chocolats et produits à base de chocolat,"52,4",52.4,exact
31084,"Chocolat au lait fourré au praliné, tablette",produits sucrés,chocolats et produits à base de chocolat,"52,9",52.9,exact
31085,"Chocolat noir 40% de cacao et plus, à pâtisser, tablette",produits sucrés,chocolats et produits à base de chocolat,"51,4",51.4,exact
31091,Bouchée/bonbon au chocolat fourrage gaufrettes ou biscuit,produits sucrés,chocolats et produits à base de chocolat,"55,1",55.1,exact
31098,Barre chocolat au lait avec nougat,produits sucrés,chocolats et produits à base de chocolat,"60,5",60.5,exact
31120,"Chocolat, tablette (aliment moyen)",produits sucrés,chocolats et produits à base de chocolat,"50,4",50.4,exact
15058,Cacahuète caramélisée ou chouchou,produits sucrés,confiseries non chocolatées,"51,4",51.4,exact
15201,"Pâte d'amande, préemballée",produits sucrés,confiseries non chocolatées,"70,3",70.3,exact
31007,"Chewing-gum, sucré",produits sucrés,confiseries non chocolatées,"86,4",86.4,exact
31014,Pâte de fruits,produits sucrés,confiseries non chocolatées,"76,6",76.6,exact
31021,Ecorce d'orange confite,produits sucrés,confiseries non chocolatées,"75,6",75.6,exact
31023,Marron glacé,produits sucrés,confiseries non chocolatées,"77,5",77.5,exact
31027,Fruit confit,produits sucrés,confiseries non chocolatées,"72,4",72.4,exact
31028,Bonbon dragéifié,produits sucrés,confiseries non chocolatées,"89,9",89.9,exact
31036,Dragée amande,produits sucrés,confiseries non chocolatées,"75,7",75.7,exact
31050,Guimauve ou marshmallow,produits sucrés,confiseries non chocolatées,"80,7",80.7,exact
31052,Praline,produits sucrés,confiseries non chocolatées,"67,7",67.7,exact
31054,"Chewing-gum, sans sucres",produits sucrés,confiseries non chocolatées,76,76,exact
31059,Bonbon dur et sucette,produits sucrés,confiseries non chocolatées,"95,3",95.3,exact
31060,Bonbon gélifié,produits sucrés,confiseries non chocolatées,"76,9",76.9,exact
31081,"Bonbon tendre, au caramel",produits sucrés,confiseries non chocolatées,"79,1",79.1,exact
31092,Calisson d'Aix en Provence,produits sucrés,confiseries non chocolatées,"59,8",59.8,exact
31093,"Guimauve ou marshmallow, enrobé de chocolat",produits sucrés,confiseries non chocolatées,"67,5",67.5,exact
31094,"Bonbon dur, au caramel",produits sucrés,confiseries non chocolatées,"86,6",86.6,exact
31097,Bonbon tendre,produits sucrés,confiseries non chocolatées,"84,3",84.3,exact
31112,"Bonbon gélifié à la réglisse, type rouleau ou batonnet",produits sucrés,confiseries non chocolatées,"75,6",75.6,exact
31121,"Chewing-gum, sans précision sur la teneur en sucres (aliment moyen)",produits sucrés,confiseries non chocolatées,"79,9",79.9,exact
31122,"Bonbon tendre, au caramel enrobé de chocolat",produits sucrés,confiseries non chocolatées,"69,6",69.6,exact
31124,"Bonbon dur type collier, sifflet, sucette, pastille, au dextrose",produits sucrés,confiseries non chocolatées,"91,1",91.1,exact
31125,"Pastille rafraîchissante, sans sucres",produits sucrés,confiseries non chocolatées,"96,3",96.3,exact
31126,"Pastille rafraîchissante, sucrée",produits sucrés,confiseries non chocolatées,"96,7",96.7,exact
31127,Nougat tendre,produits sucrés,confiseries non chocolatées,"69,3",69.3,exact
31128,"Bonbon dur et sucette, sans sucres",produits sucrés,confiseries non chocolatées,96,96,exact
11299,"Crème de pruneaux, préemballée",produits sucrés,confitures et assimilés,55,55,exact
15013,"Crème de marron ou confiture de châtaigne, préemballée",produits sucrés,confitures et assimilés,"65,9",65.9,exact
30886,"Gelée, autres fruits ou mélange de fruits (extra ou classique)",produits sucrés,confitures et assimilés,"61,9",61.9,exact
30887,"Confiture, autres fruits ou mélange de fruits, allégée en sucres (extra ou classique)",produits sucrés,confitures et assimilés,38,38,exact
30888,Marmelade ou confiture d'autres agrumes ou mélange d'agrumes (extra ou classique),produits sucrés,confitures et assimilés,"59,5",59.5,exact
30889,"Marmelade ou confiture d'orange, allégée en sucres",produits sucrés,confitures et assimilés,"40,6",40.6,exact
30990,Confiture de mûre (extra ou classique),produits sucrés,confitures et assimilés,"58,3",58.3,exact
30991,Gelée de mûre (extra ou classique),produits sucrés,confitures et assimilés,60,60,exact
30992,Confiture de rhubarbe (extra ou classique),produits sucrés,confitures et assimilés,"58,6",58.6,exact
30993,Confiture de pêche (extra ou classique),produits sucrés,confitures et assimilés,"59,5",59.5,exact
30994,Confiture de figue (extra ou classique),produits sucrés,confitures et assimilés,"59,1",59.1,exact
30995,"Confiture de fraise, allégée en sucres",produits sucrés,confitures et assimilés,"40,3",40.3,exact
30996,"Confiture d'abricot, allégée en sucres",produits sucrés,confitures et assimilés,"40,5",40.5,exact
30997,"Confiture de framboise, allégée en sucres",produits sucrés,confitures et assimilés,"39,2",39.2,exact
30998,Gelée de framboise (extra ou classique),produits sucrés,confitures et assimilés,61,61,exact
30999,"Confiture ou marmelade, tout type de fruits, sans précision sur la teneur en sucres (aliment moyen)",produits sucrés,confitures et assimilés,"57,1",57.1,exact
31006,"Confiture ou marmelade ou gelée, tout type de fruits, non allégée en sucres (aliment moyen)",produits sucrés,confitures et assimilés,"59,3",59.3,exact
31024,Confiture de fraise (extra ou classique),produits sucrés,confitures et assimilés,"60,5",60.5,exact
31037,Confiture d'abricot (extra ou classique),produits sucrés,confitures et assimilés,"59,7",59.7,exact
31038,Confiture de cerise (extra ou classique),produits sucrés,confitures et assimilés,"58,1",58.1,exact
31039,Marmelade d'orange ou confiture d'orange (extra ou classique),produits sucrés,confitures et assimilés,"59,3",59.3,exact
31040,Confiture de lait,produits sucrés,confitures et assimilés,"61,7",61.7,exact
31053,"Confiture de prune, par ex. mirabelle, quetsche, reine-claude (extra ou classique)",produits sucrés,confitures et assimilés,"58,9",58.9,exact
31062,Confiture de framboise (extra ou classique),produits sucrés,confitures et assimilés,"55,2",55.2,exact
31068,Confiture de myrtille (extra ou classique),produits sucrés,confitures et assimilés,"58,9",58.9,exact
31082,Préparation de fruits divers (en taux de sucres : confitures allégées en sucres < préparations de fruits < confitures),produits sucrés,confitures et assimilés,"47,3",47.3,exact
31083,"Confiture, autres fruits ou mélange de fruits (extra ou classique)",produits sucrés,confitures et assimilés,"59,8",59.8,exact
31095,Gelée de groseille (extra ou classique),produits sucrés,confitures et assimilés,"59,7",59.7,exact
31129,"Préparation aux fruits divers (35% de fruits min, sucres et autre(s) ingrédient(s))",produits sucrés,confitures et assimilés,"47,4",47.4,exact
7225,"Pain brioché ou viennois, artisanal",produits sucrés,viennoiseries,"48,6",48.6,exact
7600,Viennoiserie (aliment moyen),produits sucrés,viennoiseries,49,49,exact
7603,"Croissant, sans précision (aliment moyen)",produits sucrés,viennoiseries,"46,2",46.2,exact
7615,"Croissant ordinaire, artisanal",produits sucrés,viennoiseries,"47,6",47.6,exact
7616,"Croissant ordinaire, préemballé",produits sucrés,viennoiseries,"46,7",46.7,exact
7619,"Croissant pur beurre, sans précision (aliment moyen)",produits sucrés,viennoiseries,"45,7",45.7,exact
7620,"Croissant pur beurre, artisanal",produits sucrés,viennoiseries,"45,7",45.7,exact
7621,"Croissant pur beurre, préemballé",produits sucrés,viennoiseries,"45,7",45.7,exact
7650,"Croissant aux amandes, artisanal",produits sucrés,viennoiseries,"36,5",36.5,exact
7710,"Pain au lait, artisanal",produits sucrés,viennoiseries,49,49,exact
7711,"Pain au lait, préemballé",produits sucrés,viennoiseries,"50,5",50.5,exact
7712,"Pain au lait aux pépites de chocolat, préemballé",produits sucrés,viennoiseries,"49,6",49.6,exact
7719,"Panettone (brioche italienne aux raisins secs et écorces d'orange confite), préemballée",produits sucrés,viennoiseries,"50,6",50.6,exact
7720,"Pain aux raisins (viennoiserie), artisanal",produits sucrés,viennoiseries,"53,4",53.4,exact
7730,"Pain au chocolat, artisanal",produits sucrés,viennoiseries,"45,4",45.4,exact
7733,"Pain au chocolat, préemballé",produits sucrés,viennoiseries,"48,6",48.6,exact
7735,"Brioche (ou briochettes) aux pépites de chocolat ou fourrée au chocolat, préemballée",produits sucrés,viennoiseries,"51,1",51.1,exact
7738,"Brioche fourrée aux fruits, préemballée",produits sucrés,viennoiseries,"52,4",52.4,exact
7739,"Brioche fourrée crème pâtissière (type ""chinois""), préemballée",produits sucrés,viennoiseries,"45,7",45.7,exact
7740,"Brioche nature, préemballée",produits sucrés,viennoiseries,"52,7",52.7,exact
7742,"Brioche nature, artisanale",produits sucrés,viennoiseries,"50,7",50.7,exact
7744,"Couronne des rois (brioche) aux fruits confits, préemballée",produits sucrés,viennoiseries,"52,8",52.8,exact
7745,"Brioche pur beurre (ex : gâche vendéenne) nature, préemballée",produits sucrés,viennoiseries,"51,1",51.1,exact
7746,"Brioche, sans précision (aliment moyen)",produits sucrés,viennoiseries,"52,1",52.1,exact
23467,Chouquette,produits sucrés,viennoiseries,"40,6",40.6,exact
23480,Chausson aux pommes,produits sucrés,viennoiseries,"42,2",42.2,exact
7355,"Galette de riz soufflé, nappée de chocolat",produits sucrés,biscuits sucrés,"60,7",60.7,exact
7356,"Galette de maïs soufflé, nappée de chocolat",produits sucrés,biscuits sucrés,"63,2",63.2,exact
7412,"Tartine craquante, extrudée et grillée, fourrée au chocolat",produits sucrés,biscuits sucrés,"65,4",65.4,exact
7413,"Tartine craquante, extrudée et grillée, fourrée aux fruits",produits sucrés,biscuits sucrés,"74,9",74.9,exact
23027,Macaron sec,produits sucrés,biscuits sucrés,"77,7",77.7,exact
24000,"Biscuit sec, sans précision",produits sucrés,biscuits sucrés,"67,8",67.8,exact
24001,Biscuit sec nature,produits sucrés,biscuits sucrés,"74,9",74.9,exact
24002,Biscuit sec à teneur garantie en vitamines,produits sucrés,biscuits sucrés,"72,3",72.3,exact
24003,Biscuit sec à teneur garantie en vitamines et minéraux,produits sucrés,biscuits sucrés,"61,1",61.1,exact
24004,"Biscuit sec aux fruits, hyposodé ou à teneur réduite en sel",produits sucrés,biscuits sucrés,64,64,exact
24006,"Biscuit sec au soja, enrichi en vitamines et minéraux",produits sucrés,biscuits sucrés,"60,3",60.3,exact
24008,"Biscuit sec fourré aux fruits, allégé en matière grasse",produits sucrés,biscuits sucrés,"75,3",75.3,exact
24009,Spéculoos,produits sucrés,biscuits sucrés,"71,2",71.2,exact
24010,"Biscuit sec, avec matière grasse végétale",produits sucrés,biscuits sucrés,74,74,exact
24011,"Biscuit sec, assortiment",produits sucrés,biscuits sucrés,"61,4",61.4,exact
24012,"Biscuit sec au chocolat, sans sucres ajoutés, avec édulcorants, enrichi en vitamines",produits sucrés,biscuits sucrés,"64,6",64.6,exact
24013,"Biscuit sec, sans sucres ajoutés, avec édulcorant",produits sucrés,biscuits sucrés,"72,1",72.1,exact
24014,Biscuit sec avec tablette de chocolat et fourrage au lait,produits sucrés,biscuits sucrés,"62,3",62.3,exact
24015,Biscuit sec petit beurre,produits sucrés,biscuits sucrés,"73,4",73.4,exact
24016,Biscuit sec avec tablette de chocolat,produits sucrés,biscuits sucrés,"68,8",68.8,exact
24017,Biscuit sec petit beurre au chocolat (tablette ou pépites),produits sucrés,biscuits sucrés,"63,8",63.8,exact
24018,"Biscuit sec sans gluten, petit beurre",produits sucrés,biscuits sucrés,"79,3",79.3,exact
24019,"Biscuit sec sans gluten, au chocolat",produits sucrés,biscuits sucrés,64,64,exact
24020,Biscuit sec aux céréales complètes,produits sucrés,biscuits sucrés,63,63,exact
24021,Biscuit sec petit beurre au blé complet,produits sucrés,biscuits sucrés,"66,6",66.6,exact
24028,"Biscuit sec au sésame, non enrichi",produits sucrés,biscuits sucrés,60,60,exact
24029,"Biscuit sec au sésame, enrichi en vitamines et minéraux",produits sucrés,biscuits sucrés,60,60,exact
24031,"Biscuit sec sans chocolat, allégé en matière grasse",produits sucrés,biscuits sucrés,71,71,exact
24034,"Biscuit sec pour petit déjeuner, sans chocolat, non enrichi",produits sucrés,biscuits sucrés,"65,8",65.8,exact
24035,"Biscuit sec pour petit déjeuner, allégé en sucres",produits sucrés,biscuits sucrés,"66,2",66.2,exact
24036,"Biscuit sec au chocolat, non enrichi",produits sucrés,biscuits sucrés,"59,5",59.5,exact
24037,Biscuit sec fourré à la pâte ou purée de fruits (ex : figue),produits sucrés,biscuits sucrés,"71,6",71.6,exact
24038,"Biscuit sec, sablé, nappé de chocolat",produits sucrés,biscuits sucrés,"63,5",63.5,exact
24040,"Biscuit sec pour petit déjeuner, au chocolat, non enrichi",produits sucrés,biscuits sucrés,"62,9",62.9,exact
24041,"Biscuit sec pour petit déjeuner, tous parfums, enrichi en vitamines et minéraux",produits sucrés,biscuits sucrés,"67,3",67.3,exact
24042,"Biscuit sec au chocolat, enrichi en vitamines et minéraux",produits sucrés,biscuits sucrés,"61,9",61.9,exact
24048,"Biscuit sec, sablé, galette ou palet, autre que pur beurre",produits sucrés,biscuits sucrés,"64,5",64.5,exact
24049,"Biscuit sec, sablé, galette ou palet, au beurre",produits sucrés,biscuits sucrés,"66,8",66.8,exact
24050,"Biscuit sec, sablé, galette ou palet, au beurre, au chocolat",produits sucrés,biscuits sucrés,"63,5",63.5,exact
24051,"Biscuit (génoise), nappé de chocolat, type barquette",produits sucrés,biscuits sucrés,"59,5",59.5,exact
24052,"Biscuit sec (tartelette), nappé au chocolat, préemballé",produits sucrés,biscuits sucrés,"59,7",59.7,exact
24054,"Biscuit sec, sablé, galette ou palet, aux fruits",produits sucrés,biscuits sucrés,"66,3",66.3,exact
24056,Florentin (biscuit sec au chocolat et aux amandes),produits sucrés,biscuits sucrés,"50,7",50.7,exact
24057,"Biscuit sec, sablé, fourré aux fruits type lunette de Romans",produits sucrés,biscuits sucrés,"69,2",69.2,exact
24061,"Biscuit meringué fourré (chocolat, noisette, noix de coco…), nappé ou sur base de chocolat",produits sucrés,biscuits sucrés,"54,5",54.5,exact
24070,Biscuit sec à la noix de coco,produits sucrés,biscuits sucrés,"65,4",65.4,exact
24071,"Sablé pâtissier, artisanal",produits sucrés,biscuits sucrés,"59,4",59.4,exact
24224,"Biscuit au chocolat fourré (""sandwiché"") parfum vanille, rond, noir et blanc",produits sucrés,biscuits sucrés,"69,2",69.2,exact
24225,"Goûter sec fourré (""sandwiché"") parfum lait ou vanille",produits sucrés,biscuits sucrés,70,70,exact
24230,"Goûter sec fourré (""sandwiché"") parfum chocolat, au blé complet",produits sucrés,biscuits sucrés,"69,3",69.3,exact
24231,"Goûter sec fourré (""sandwiché"") parfum chocolat",produits sucrés,biscuits sucrés,"67,5",67.5,exact
24240,"Goûter sec fourré (""sandwiché"") parfum fruits",produits sucrés,biscuits sucrés,"73,6",73.6,exact
24300,"Gaufrette (éventail, cigarette…), sans fourrage",produits sucrés,biscuits sucrés,80,80,exact
24311,Gaufrette fourrée et/ou enrobée de chocolat,produits sucrés,biscuits sucrés,"56,6",56.6,exact
24312,"Gaufrette fourrée, aux fruits à coque (noisette, amande, praliné, etc.), avec ou sans chocolat",produits sucrés,biscuits sucrés,49,49,exact
24313,"Gaufrette, fourrée vanille",produits sucrés,biscuits sucrés,"60,1",60.1,exact
24320,"Gaufrette fourrée, aux fruits",produits sucrés,biscuits sucrés,81,81,exact
24370,Crêpe dentelle nature,produits sucrés,biscuits sucrés,"73,1",73.1,exact
24371,"Crêpe dentelle, nappée de chocolat",produits sucrés,biscuits sucrés,"67,4",67.4,exact
24430,Biscuit sec aux oeufs à la cuillère (cuiller) ou boudoir,produits sucrés,biscuits sucrés,"74,5",74.5,exact
24441,"Biscuit sec, type langue de chat ou cigarette russe",produits sucrés,biscuits sucrés,"72,7",72.7,exact
24520,Meringue,produits sucrés,biscuits sucrés,"93,2",93.2,exact
24614,Biscuit sec croquant aux amandes (ex. canistrelli),produits sucrés,biscuits sucrés,"68,2",68.2,exact
24615,"Biscuit sec fin ou tuile, aux amandes",produits sucrés,biscuits sucrés,68,68,exact
24616,"Biscuit sec fin ou tuile, saveur citron ou orange",produits sucrés,biscuits sucrés,"69,7",69.7,exact
24654,"Biscuit sec ou galette à l'avoine, nappée de chocolat",produits sucrés,biscuits sucrés,"61,3",61.3,exact
24655,Biscuit sec ou galette à l'avoine,produits sucrés,biscuits sucrés,"63,9",63.9,exact
24656,"Cookie aux cranberries et au chocolat blanc, préemballé",produits sucrés,biscuits sucrés,"65,9",65.9,exact
24657,"Biscuit sec, type batonnet, stick, vrille ou torsade, nappé de chocolat",produits sucrés,biscuits sucrés,"63,1",63.1,exact
24658,"Biscuit sec feuilleté, type palmier ou autres, nappé de chocolat",produits sucrés,biscuits sucrés,"59,7",59.7,exact
24659,"Biscuit sec feuilleté, type palmier ou autres, préemballé",produits sucrés,biscuits sucrés,"56,8",56.8,exact
24660,"Biscuit sec feuilleté, type palmier ou autres, artisanal",produits sucrés,biscuits sucrés,"47,8",47.8,exact
24676,"Cookie au chocolat et aux fruits à coque (noisettes, amandes, noix de pécan…), préemballé",produits sucrés,biscuits sucrés,57,57,exact
24678,"Biscuit (génoise), nappé aux fruits, type barquette",produits sucrés,biscuits sucrés,"74,4",74.4,exact
24679,"Biscuit sec (tartelette), nappé aux fruits, préemballé",produits sucrés,biscuits sucrés,"71,3",71.3,exact
24680,Biscuit moelleux fourré à l'orange et enrobé de sucre glace,produits sucrés,biscuits sucrés,80,80,exact
24684,"Cookie au chocolat, préemballé",produits sucrés,biscuits sucrés,61,61,exact
24685,"Cône ou cornet classique, pour glace",produits sucrés,biscuits sucrés,"80,4",80.4,exact
24686,"Biscuit (génoise), fourré aux fruits (ex : orange, cerise…), nappé de chocolat",produits sucrés,biscuits sucrés,"66,6",66.6,exact
24687,"Cookie aux pépites de chocolat et à la noix de coco, préemballé",produits sucrés,biscuits sucrés,"54,5",54.5,exact
32000,"Grains de blé soufflés au miel ou caramel, enrichis en vitamines et minéraux",produits sucrés,céréales de petit-déjeuner,"82,8",82.8,exact
32001,"Céréales pour petit déjeuner chocolatées, non fourrées, enrichies en vitamines et minéraux",produits sucrés,céréales de petit-déjeuner,"74,7",74.7,exact
32003,Céréales pour petit déjeuner (aliment moyen),produits sucrés,céréales de petit-déjeuner,"73,2",73.2,exact
32004,Muesli (aliment moyen),produits sucrés,céréales de petit-déjeuner,"63,4",63.4,exact
32005,"Pétales de maïs nature, enrichis en vitamines et minéraux",produits sucrés,céréales de petit-déjeuner,80,80,exact
32006,"Riz soufflé nature, enrichi en vitamines et minéraux",produits sucrés,céréales de petit-déjeuner,"86,3",86.3,exact
32008,"Céréales pour petit déjeuner riches en fibres, au chocolat, enrichies en vitamines et minéraux",produits sucrés,céréales de petit-déjeuner,"71,9",71.9,exact
32012,"Riz soufflé chocolaté, non enrichi en vitamines et minéraux",produits sucrés,céréales de petit-déjeuner,"83,3",83.3,exact
32013,"Céréales pour petit déjeuner chocolatées, non fourrées, non enrichies en vitamines et minéraux",produits sucrés,céréales de petit-déjeuner,"77,7",77.7,exact
32014,"Pétales de maïs nature, non enrichis en vitamines et minéraux",produits sucrés,céréales de petit-déjeuner,"82,4",82.4,exact
32016,"Céréales pour petit déjeuner fourrées au chocolat ou chocolat-noisettes, enrichies en vitamines et minéraux",produits sucrés,céréales de petit-déjeuner,67,67,exact
32017,"Céréales pour petit déjeuner fourrées au chocolat ou chocolat-noisettes, non enrichies en vitamines et minéraux",produits sucrés,céréales de petit-déjeuner,"67,2",67.2,exact
32018,"Céréales pour petit déjeuner fourrées au lait ou à la vanille, enrichies en vitamines et minéraux",produits sucrés,céréales de petit-déjeuner,"63,9",63.9,exact
32022,"Pétales de céréales au chocolat, avec ou sans fruits à coque, enrichis en vitamines et minéraux",produits sucrés,céréales de petit-déjeuner,"74,5",74.5,exact
32023,"Pétales de céréales aux fruits, enrichis en vitamines et minéraux",produits sucrés,céréales de petit-déjeuner,"80,6",80.6,exact
32025,"Pétales de céréales aux fruits à coque, enrichis en vitamines et minéraux",produits sucrés,céréales de petit-déjeuner,"73,5",73.5,exact
32028,"Pétales de céréales au chocolat, avec ou sans fruits à coque, non enrichis en vitamines et minéraux",produits sucrés,céréales de petit-déjeuner,"73,6",73.6,exact
32029,"Pétales de céréales aux fruits, non enrichis en vitamines et minéraux",produits sucrés,céréales de petit-déjeuner,"79,7",79.7,exact
32030,"Pétales de céréales, nature, sucrées, enrichies en vitamines et minéraux",produits sucrés,céréales de petit-déjeuner,"77,7",77.7,exact
32031,"Céréales pour petit déjeuner, enrichies en vitamines et minéraux (aliment moyen)",produits sucrés,céréales de petit-déjeuner,"72,8",72.8,exact
32032,"Céréales pour petit déjeuner, non enrichies en vitamines et minéraux (aliment moyen)",produits sucrés,céréales de petit-déjeuner,"77,1",77.1,exact
32033,"Céréales pour petit déjeuner riches en fibres, aux fruits ou fruits à coque, enrichies en vitamines et minéraux",produits sucrés,céréales de petit-déjeuner,"64,5",64.5,exact
32034,"Céréales pour petit déjeuner riches en fibres, aux fruits ou fruits à coque, non enrichies en vitamines et minéraux",produits sucrés,céréales de petit-déjeuner,"71,1",71.1,exact
32035,"Céréales pour petit déjeuner riches en fibres, nature, enrichies en vitamines et minéraux",produits sucrés,céréales de petit-déjeuner,"67,7",67.7,exact
32036,"Céréales pour petit déjeuner riches en fibres, nature, non enrichies en vitamines et minéraux",produits sucrés,céréales de petit-déjeuner,"74,8",74.8,exact
32037,"Céréales pour petit déjeuner au chocolat et caramel, extrudées, enrichies en vitamines et minéraux",produits sucrés,céréales de petit-déjeuner,"74,7",74.7,exact
32038,"Céréales pour petit déjeuner au chocolat et caramel, extrudées, non enrichies en vitamines et minéraux",produits sucrés,céréales de petit-déjeuner,"76,2",76.2,exact
32039,"Céréales pour petit déjeuner fourrées au lait ou à la vanille, non enrichies en vitamines et minéraux",produits sucrés,céréales de petit-déjeuner,"67,5",67.5,exact
32040,"Grains de blé soufflés au miel ou caramel, non enrichis en vitamines et minéraux",produits sucrés,céréales de petit-déjeuner,"77,6",77.6,exact
32041,"Mélange de flocons de céréales, nature, non enrichi en vitamines et minéraux",produits sucrés,céréales de petit-déjeuner,"61,7",61.7,exact
32042,"Pétales de céréales, nature, sucrées, non enrichies en vitamines et minéraux",produits sucrés,céréales de petit-déjeuner,"80,1",80.1,exact
32043,"Pétales de céréales, nature, sans sucres ajoutés, non enrichies en vitamines et minéraux",produits sucrés,céréales de petit-déjeuner,"70,2",70.2,exact
32107,"Pétales de maïs glacés au sucre, non enrichis en vitamines et minéraux",produits sucrés,céréales de petit-déjeuner,"85,4",85.4,exact
32108,"Muesli croustillant aux fruits, avec ou sans fruits à coque et/ou graines, non enrichi en vitamines et minéraux",produits sucrés,céréales de petit-déjeuner,"62,7",62.7,exact
32109,"Muesli croustillant au chocolat, non enrichi en vitamines et minéraux",produits sucrés,céréales de petit-déjeuner,"64,7",64.7,exact
32110,"Muesli floconneux aux fruits, fruits à coque et/ou graines, enrichi en vitamines et minéraux",produits sucrés,céréales de petit-déjeuner,"68,9",68.9,exact
32111,"Muesli croustillant aux fruits, avec ou sans fruits à coque et/ou graines, enrichi en vitamines et minéraux",produits sucrés,céréales de petit-déjeuner,"60,4",60.4,exact
32112,"Muesli croustillant au chocolat, enrichi en vitamines et minéraux",produits sucrés,céréales de petit-déjeuner,"61,9",61.9,exact
32113,"Muesli floconneux aux fruits, fruits à coque et/ou graines, sans sucres ajoutés, non enrichi",produits sucrés,céréales de petit-déjeuner,"59,8",59.8,exact
32116,"Céréales pour petit déjeuner très riches en fibres, nature, enrichies en vitamines et minéraux",produits sucrés,céréales de petit-déjeuner,"43,3",43.3,exact
32121,"Pétales de maïs glacés au sucre, enrichis en vitamines et minéraux",produits sucrés,céréales de petit-déjeuner,"88,6",88.6,exact
32129,"Boules de maïs soufflées au miel, non enrichies en vitamines et minéraux",produits sucrés,céréales de petit-déjeuner,"87,3",87.3,exact
32130,Blé khorasan complet soufflé,produits sucrés,céréales de petit-déjeuner,"80,5",80.5,exact
32131,"Riz soufflé chocolaté, enrichi en vitamines et minéraux",produits sucrés,céréales de petit-déjeuner,"81,8",81.8,exact
32133,"Boules de maïs soufflées au miel, enrichies en vitamines et minéraux",produits sucrés,céréales de petit-déjeuner,"86,6",86.6,exact
32138,"Muesli floconneux aux fruits, fruits à coque et/ou graines, non enrichi en vitamines et minéraux",produits sucrés,céréales de petit-déjeuner,"60,9",60.9,exact
32139,Muesli enrichi en vitamines et minéraux (aliment moyen),produits sucrés,céréales de petit-déjeuner,"63,6",63.6,exact
32140,Flocons d'avoine,produits sucrés,céréales de petit-déjeuner,"57,7",57.7,exact
32141,Muesli non enrichi en vitamines et minéraux (aliment moyen),produits sucrés,céréales de petit-déjeuner,"61,8",61.8,exact
32142,"Céréales pour petit déjeuner au miel ou caramel, soufflées ou extrudées, enrichies en vitamines et minéraux",produits sucrés,céréales de petit-déjeuner,"75,4",75.4,exact
32143,"Céréales pour petit déjeuner au miel ou caramel, soufflées ou extrudées, non enrichies en vitamines et minéraux",produits sucrés,céréales de petit-déjeuner,"80,1",80.1,exact
32144,"Muesli croustillant aux fruits à coque et/ou graines uniquement, enrichi en vitamines et minéraux",produits sucrés,céréales de petit-déjeuner,"63,3",63.3,exact
32145,"Muesli croustillant aux fruits à coque et/ou graines uniquement, non enrichi en vitamines et minéraux",produits sucrés,céréales de petit-déjeuner,"61,2",61.2,exact
31100,"Barre céréalière pour petit déjeuner au lait, au chocolat ou non, enrichie en vitamines et minéraux",produits sucrés,barres céréalières,"79,5",79.5,exact
31101,"Barre céréalière ""équilibre"" aux fruits, enrichie en vitamines et minéraux",produits sucrés,barres céréalières,"73,3",73.3,exact
31102,"Barre céréalière ""équilibre"" au chocolat, enrichie en vitamines et minéraux",produits sucrés,barres céréalières,"70,3",70.3,exact
31104,Barre céréalière diététique hypocalorique,produits sucrés,barres céréalières,71,71,exact
31106,Barre céréalière au chocolat,produits sucrés,barres céréalières,73,73,exact
31113,Barre céréalière aux fruits,produits sucrés,barres céréalières,"74,1",74.1,exact
31114,Barre céréalière aux amandes ou noisettes,produits sucrés,barres céréalières,"60,6",60.6,exact
31115,Barre céréalière au chocolat et aux fruits,produits sucrés,barres céréalières,"70,4",70.4,exact
19688,"Baba au rhum, rayon frais",produits sucrés,gâteaux et pâtisseries,"28,3",28.3,exact
23000,Gâteau (aliment moyen),produits sucrés,gâteaux et pâtisseries,"51,8",51.8,exact
23001,"Cheesecake, préemballé",produits sucrés,gâteaux et pâtisseries,"34,1",34.1,exact
23005,Gâteau Paris-Brest (pâte à choux crème mousseline praliné),produits sucrés,gâteaux et pâtisseries,"29,1",29.1,exact
23006,"Forêt noire, pâtisserie type génoise au chocolat et crème multi-couches, avec ou sans cerises",produits sucrés,gâteaux et pâtisseries,"39,1",39.1,exact
23007,"Gâteau mousse de fruits sur génoise, type miroir, bavarois",produits sucrés,gâteaux et pâtisseries,"30,8",30.8,exact
23008,Entremets type Opéra,produits sucrés,gâteaux et pâtisseries,"37,6",37.6,exact
23009,Fraisier ou framboisier,produits sucrés,gâteaux et pâtisseries,25,25,exact
23021,"Baba au rhum, artisanal",produits sucrés,gâteaux et pâtisseries,"36,3",36.3,exact
23022,Canelé,produits sucrés,gâteaux et pâtisseries,61,61,exact
23023,"Kouign amann, préemballé",produits sucrés,gâteaux et pâtisseries,"53,2",53.2,exact
23024,Macaron moelleux fourré à la confiture ou à la crème,produits sucrés,gâteaux et pâtisseries,"56,5",56.5,exact
23030,Bûche de Noël pâtissière,produits sucrés,gâteaux et pâtisseries,"39,8",39.8,exact
23031,"Brownie au chocolat et aux fruits à coques, préemballé",produits sucrés,gâteaux et pâtisseries,"45,9",45.9,exact
23032,"Brownie au chocolat, préemballé",produits sucrés,gâteaux et pâtisseries,"50,6",50.6,exact
23033,"Rocher coco ou congolais (petit gâteau à la noix de coco), préemballé",produits sucrés,gâteaux et pâtisseries,"56,1",56.1,exact
23050,Biscuit de Savoie,produits sucrés,gâteaux et pâtisseries,"56,3",56.3,exact
23080,"Quatre-quarts (beurre, oeufs, sucre, farine), artisanal",produits sucrés,gâteaux et pâtisseries,46,46,exact
23081,"Quatre-quarts (beurre, oeufs, sucre, farine), préemballé",produits sucrés,gâteaux et pâtisseries,"48,2",48.2,exact
23082,"Barre pâtissière, préemballée",produits sucrés,gâteaux et pâtisseries,"54,7",54.7,exact
23103,"Gâteau moelleux au citron, préemballé",produits sucrés,gâteaux et pâtisseries,"49,6",49.6,exact
23120,"Gâteau breton fourré à la crème de pruneaux, préemballé",produits sucrés,gâteaux et pâtisseries,"59,3",59.3,exact
23121,Far breton aux pruneaux,produits sucrés,gâteaux et pâtisseries,32,32,exact
23122,"Kouign Amann, artisanal",produits sucrés,gâteaux et pâtisseries,"48,7",48.7,exact
23200,"Pain d'épices, préemballé",produits sucrés,gâteaux et pâtisseries,"71,8",71.8,exact
23220,"Pain d'épices fourré aux fruits ou nonnette, préemballé",produits sucrés,gâteaux et pâtisseries,75,75,exact
23300,Baklava ou baklawa (pâtisserie orientale aux amandes et sirop),produits sucrés,gâteaux et pâtisseries,"49,2",49.2,exact
23301,Corne de gazelle (pâtisserie orientale aux amandes en forme de croissant recouverte de sucre glace),produits sucrés,gâteaux et pâtisseries,"60,2",60.2,exact
23455,"Chou à la crème, sans précision (chantilly ou pâtissière)",produits sucrés,gâteaux et pâtisseries,"25,1",25.1,exact
23456,"Chou à la crème chantilly, Saint-honoré",produits sucrés,gâteaux et pâtisseries,"22,9",22.9,exact
23457,Chou à la crème pâtissière,produits sucrés,gâteaux et pâtisseries,"34,9",34.9,exact
23477,Éclair,produits sucrés,gâteaux et pâtisseries,"31,6",31.6,exact
23479,Tarte aux fruits et crème pâtissière,produits sucrés,gâteaux et pâtisseries,30,30,exact
23481,"Tarte normande aux pommes (garniture farine, oeufs, crème, sucre, calvados), artisanale",produits sucrés,gâteaux et pâtisseries,"38,7",38.7,exact
23485,Tarte au citron,produits sucrés,gâteaux et pâtisseries,"43,1",43.1,exact
23490,Tarte ou tartelette aux pommes,produits sucrés,gâteaux et pâtisseries,"32,7",32.7,exact
23491,"Tarte aux fraises, artisanale",produits sucrés,gâteaux et pâtisseries,31,31,exact
23493,"Crumble aux pommes, préemballé",produits sucrés,gâteaux et pâtisseries,"35,4",35.4,exact
23494,Tarte aux abricots,produits sucrés,gâteaux et pâtisseries,41,41,exact
23495,Tarte aux fruits rouges,produits sucrés,gâteaux et pâtisseries,"36,5",36.5,exact
23496,Tarte tatin aux pommes,produits sucrés,gâteaux et pâtisseries,"38,1",38.1,exact
23497,"Tarte au chocolat, fabrication artisanale",produits sucrés,gâteaux et pâtisseries,"40,9",40.9,exact
23498,Tarte ou tartelette aux fruits (aliment moyen),produits sucrés,gâteaux et pâtisseries,"34,1",34.1,exact
23525,Flan pâtissier aux oeufs ou à la parisienne,produits sucrés,gâteaux et pâtisseries,"33,2",33.2,exact
23531,Charlotte aux fruits,produits sucrés,gâteaux et pâtisseries,"28,2",28.2,exact
23540,Gâteau moka ou gâteau au café,produits sucrés,gâteaux et pâtisseries,23,23,exact
23585,"Gâteau au chocolat, préemballé",produits sucrés,gâteaux et pâtisseries,51,51,exact
23586,"Gâteau au chocolat type fondant ou mi-cuit, préemballé",produits sucrés,gâteaux et pâtisseries,43,43,exact
23588,"Gâteau ou cake au yaourt, préemballé",produits sucrés,gâteaux et pâtisseries,52,52,exact
23594,"Gâteau moelleux nature type génoise, préemballé",produits sucrés,gâteaux et pâtisseries,"57,6",57.6,exact
23680,"Galette des rois feuilletée, fourrée à la pomme",produits sucrés,gâteaux et pâtisseries,"29,1",29.1,exact
23684,"Galette des rois feuilletée, fourrée frangipane, et Pithiviers",produits sucrés,gâteaux et pâtisseries,"33,4",33.4,exact
23799,"Crêpe, nature, préemballée, rayon frais",produits sucrés,gâteaux et pâtisseries,"41,6",41.6,exact
23800,"Crêpe, nature, préemballée, rayon température ambiante",produits sucrés,gâteaux et pâtisseries,"59,9",59.9,exact
23801,"Galette de sarrasin, nature, souple (à garnir) préemballée",produits sucrés,gâteaux et pâtisseries,"30,5",30.5,exact
23802,Gâteau basque à la crème pâtissière,produits sucrés,gâteaux et pâtisseries,"51,5",51.5,exact
23803,Gâteau basque aux cerises,produits sucrés,gâteaux et pâtisseries,"63,3",63.3,exact
23804,"Crêpe fourrée au chocolat et aux billes de céréales croustillantes, préemballée",produits sucrés,gâteaux et pâtisseries,"58,3",58.3,exact
23815,"Crêpe fourrée au sucre, préemballée",produits sucrés,gâteaux et pâtisseries,"58,7",58.7,exact
23820,"Crêpe fourrée à la confiture, faite maison",produits sucrés,gâteaux et pâtisseries,54,54,exact
23821,"Crêpe fourrée au chocolat ou à la pâte à tartiner chocolat et noisettes, faite maison",produits sucrés,gâteaux et pâtisseries,"54,3",54.3,exact
23827,"Pancake (petite crêpe épaisse), sucrée, préemballée",produits sucrés,gâteaux et pâtisseries,"45,3",45.3,exact
23828,"Pancake (petite crêpe épaisse), fourrée à la pâte à tartiner chocolat noisette, préemballée",produits sucrés,gâteaux et pâtisseries,"50,1",50.1,exact
23829,"Crêpe fourrée au chocolat, préemballée",produits sucrés,gâteaux et pâtisseries,"58,6",58.6,exact
23830,"Crêpe fourrée fraise, préemballée",produits sucrés,gâteaux et pâtisseries,"64,3",64.3,exact
23849,"Gaufre fine fourrée au miel, au caramel ou à la vergeoise, préemballée",produits sucrés,gâteaux et pâtisseries,67,67,exact
23850,"Gaufre bruxelloise ou liégeoise nature, artisanale",produits sucrés,gâteaux et pâtisseries,"36,1",36.1,exact
23851,"Gaufre moelleuse (type bruxelloise ou liégeoise), nature ou sucrée, préemballée",produits sucrés,gâteaux et pâtisseries,"52,1",52.1,exact
23852,"Gaufre moelleuse (type bruxelloise ou liégeoise), au chocolat, préemballée",produits sucrés,gâteaux et pâtisseries,"54,4",54.4,exact
23853,"Gaufre croustillante (fine ou sèche), nature ou sucrée, préemballée",produits sucrés,gâteaux et pâtisseries,"67,6",67.6,exact
23880,"Beignet ou donut rond moelleux, sans fourrage, saupoudré de sucre",produits sucrés,gâteaux et pâtisseries,"39,4",39.4,exact
23881,"Beignet ou donut fourré aux fruits (fourrage type confiture), préemballé",produits sucrés,gâteaux et pâtisseries,"49,5",49.5,exact
23885,"Beignet ou donut fourré ou nappé goût chocolat ou chocolat noisette, préemballé",produits sucrés,gâteaux et pâtisseries,48,48,exact
23900,Pâtisserie (aliment moyen),produits sucrés,gâteaux et pâtisseries,"35,5",35.5,exact
23909,"Cake aux fruits (confits et/ou raisins secs), préemballé",produits sucrés,gâteaux et pâtisseries,"55,2",55.2,exact
23925,"Gâteau marbré au chocolat, préemballé",produits sucrés,gâteaux et pâtisseries,"50,5",50.5,exact
23935,"Gâteau moelleux nature, préemballé",produits sucrés,gâteaux et pâtisseries,"53,1",53.1,exact
23937,"Gâteau moelleux aux fruits, préemballé",produits sucrés,gâteaux et pâtisseries,69,69,exact
23938,"Gâteau moelleux aux fruits à coque, type gâteau creusois, préemballé",produits sucrés,gâteaux et pâtisseries,"48,8",48.8,exact
23939,"Gâteau moelleux fourré au chocolat, type mini-cake, mini-roulé, ourson…, préemballé",produits sucrés,gâteaux et pâtisseries,"55,4",55.4,exact
23941,"Gâteau moelleux fourré aux fruits type mini-roulé ou mini-cake fourré, préemballé",produits sucrés,gâteaux et pâtisseries,"57,7",57.7,exact
23943,"Gâteau moelleux aux pépites de chocolat, type mini-cake, préemballé",produits sucrés,gâteaux et pâtisseries,"50,2",50.2,exact
23944,"Gâteau moelleux fourré au chocolat et enrobé ou nappé de chocolat, préemballé",produits sucrés,gâteaux et pâtisseries,"53,8",53.8,exact
23945,"Gâteau moelleux fourré au chocolat et au lait, enrobé de chocolat, préemballé",produits sucrés,gâteaux et pâtisseries,"52,9",52.9,exact
23951,"Muffin, aux fruits (myrtilles et autres), préemballé",produits sucrés,gâteaux et pâtisseries,"49,1",49.1,exact
23952,"Muffin, au chocolat, préemballé",produits sucrés,gâteaux et pâtisseries,"52,5",52.5,exact
24630,"Madeleine, pur beurre, préemballée",produits sucrés,gâteaux et pâtisseries,"52,4",52.4,exact
24631,"Madeleine au chocolat (nappage, pépites ou fourrage…), préemballée",produits sucrés,gâteaux et pâtisseries,"53,7",53.7,exact
24632,"Madeleine ordinaire, préemballée",produits sucrés,gâteaux et pâtisseries,"55,3",55.3,exact
24663,Tarte aux poires amandine,produits sucrés,gâteaux et pâtisseries,"37,7",37.7,exact
24664,"Gâteau aux amandes type financier, préemballé",produits sucrés,gâteaux et pâtisseries,"44,3",44.3,exact
24666,Mille-feuille,produits sucrés,gâteaux et pâtisseries,"43,7",43.7,exact
24674,"Gâteau moelleux sans gluten (cake, madeleine…), préemballé",produits sucrés,gâteaux et pâtisseries,"50,7",50.7,exact
24675,"Gâteau moelleux sans gluten (cake, brownie…), au chocolat, préemballé",produits sucrés,gâteaux et pâtisseries,"49,6",49.6,exact
39500,"Glace à l'eau ou sorbet ou crème glacée, tout parfum (aliment moyen)",glaces et sorbets,-,32,32,exact
31035,Barre glacée chocolatée,glaces et sorbets,glaces,37,37,exact
39503,"Glace ou crème glacée, bâtonnet enrobage chocolat",glaces et sorbets,glaces,"33,3",33.3,exact
39509,"Glace ou crème glacée, cône (taille standard)",glaces et sorbets,glaces,"36,8",36.8,exact
39515,"Glace ou crème glacée, en bac",glaces et sorbets,glaces,"26,1",26.1,exact
39517,Glace au yaourt,glaces et sorbets,glaces,"22,7",22.7,exact
39520,"Glace ou crème glacée, gourmande, en bac",glaces et sorbets,glaces,"29,4",29.4,exact
39521,"Glace ou crème glacée, gourmande, en pot",glaces et sorbets,glaces,"29,2",29.2,exact
39522,"Glace ou crème glacée, mini cône",glaces et sorbets,glaces,"40,2",40.2,exact
39523,"Glace ou crème glacée, pot individuel",glaces et sorbets,glaces,"23,3",23.3,exact
39527,"Glace ou crème glacée, bac ou pot (aliment moyen)",glaces et sorbets,glaces,25,25,exact
39531,"Glace ou crème glacée, petit pot enfant",glaces et sorbets,glaces,"24,9",24.9,exact
39535,"Glace ou crème glacée, bâtonnet enrobage fruits",glaces et sorbets,glaces,"26,8",26.8,exact
31013,"Sorbet, bâtonnet",glaces et sorbets,sorbets,"24,8",24.8,exact
39524,"Sorbet, en bac",glaces et sorbets,sorbets,"28,7",28.7,exact
39525,"Sorbet, pot individuel",glaces et sorbets,sorbets,"28,4",28.4,exact
39526,Glace à l'eau,glaces et sorbets,sorbets,"20,5",20.5,exact
39528,"Sorbet, cône",glaces et sorbets,sorbets,"38,2",38.2,exact
23472,Profiterole avec glace vanille et sauce chocolat,glaces et sorbets,desserts glacés,"31,4",31.4,exact
39401,Pêche melba,glaces et sorbets,desserts glacés,"18,8",18.8,exact
39502,Dessert glacé type mystère ou vacherin,glaces et sorbets,desserts glacés,"32,9",32.9,exact
39512,Dessert glacé type sundae,glaces et sorbets,desserts glacés,"30,8",30.8,exact
39516,"Dessert glacé feuilleté, à partager",glaces et sorbets,desserts glacés,"27,3",27.3,exact
39518,Omelette norvégienne,glaces et sorbets,desserts glacés,"34,8",34.8,exact
39519,Poire belle Hélène,glaces et sorbets,desserts glacés,"23,5",23.5,exact
39529,Nougat glacé,glaces et sorbets,desserts glacés,"26,4",26.4,exact
39530,Citron givré ou orange givrée (sorbet),glaces et sorbets,desserts glacés,"29,1",29.1,exact
39532,Coupe glacée type café ou chocolat liégeois,glaces et sorbets,desserts glacés,"28,7",28.7,exact
39533,Bûche glacée,glaces et sorbets,desserts glacés,"29,8",29.8,exact
39534,Coupe glacée parfum pêche Melba ou poire Belle-Hélène,glaces et sorbets,desserts glacés,"28,9",28.9,exact
16400,"Beurre à 80% MG minimum, doux",matières grasses,beurres,"0,71",0.71,exact
16401,Huile de beurre ou beurre concentré,matières grasses,beurres,0,0,exact
16402,"Beurre à 80% MG, demi-sel",matières grasses,beurres,"0,5",0.5,exact
16403,"Beurre à 80% MG, salé",matières grasses,beurres,"0,68",0.68,exact
16404,"Beurre à 80% MG minimum, doux, tendre",matières grasses,beurres,"0,5",0.5,exact
16410,"Beurre à 60-62% MG, à teneur réduite en matière grasse, doux",matières grasses,beurres,"0,7",0.7,exact
16411,"Beurre à 60-62% MG, à teneur réduite en matière grasse, demi-sel",matières grasses,beurres,"0,5",0.5,exact
16412,"Beurre ou assimilé allégé (léger ou à teneur réduite en matière grasse), doux (aliment moyen)",matières grasses,beurres,"3,7",3.7,exact
16413,"Beurre sans précision sur la teneur en matière grasse (allégé ou non), demi-sel (aliment moyen)",matières grasses,beurres,"0,53",0.53,exact
16414,"Beurre ou assimilé sans précision sur la teneur en matière grasse, doux (aliment moyen)",matières grasses,beurres,"0,88",0.88,exact
16415,"Beurre à 39-41% MG, léger, doux",matières grasses,beurres,"3,6",3.6,exact
16416,"Beurre à 39-41% MG, léger, demi-sel",matières grasses,beurres,4,4,exact
16713,"Matière grasse laitière à 15-25% MG, légère, ""à tartiner"", doux, enrichie en vitamine(s)",matières grasses,beurres,"6,2",6.2,exact
16030,Huile ou beurre de cacao,matières grasses,huiles et graisses végétales,0,0,exact
16040,"Huile ou graisse de coco, sans précision",matières grasses,huiles et graisses végétales,"0,41",0.41,exact
16050,"Huile ou graisse de coco, vierge",matières grasses,huiles et graisses végétales,traces,0,traces
16060,"Huile ou graisse de coco (coprah), raffinée",matières grasses,huiles et graisses végétales,0,0,exact
16080,Matière grasse ou graisse végétale solide (type margarine) pour friture ou graisse à frire,matières grasses,huiles et graisses végétales,0,0,exact
16110,Huile ou beurre de karité,matières grasses,huiles et graisses végétales,0,0,exact
16128,"Huile pour friture, sans précision",matières grasses,huiles et graisses végétales,0,0,exact
16150,"Huile de palme, raffinée",matières grasses,huiles et graisses végétales,0,0,exact
16200,"Huile ou graisse de palmiste, sans précision",matières grasses,huiles et graisses végétales,0,0,exact
17001,Huile végétale (aliment moyen),matières grasses,huiles et graisses végétales,"0,032",0.032,exact
17020,Huile de noyaux d'abricot,matières grasses,huiles et graisses végétales,0,0,exact
17030,Huile d'amande,matières grasses,huiles et graisses végétales,0,0,exact
17040,Huile d'arachide,matières grasses,huiles et graisses végétales,0,0,exact
17100,Huile d'avocat,matières grasses,huiles et graisses végétales,0,0,exact
17110,Huile de germe de blé,matières grasses,huiles et graisses végétales,0,0,exact
17130,Huile de colza,matières grasses,huiles et graisses végétales,0,0,exact
17170,Huile de coton,matières grasses,huiles et graisses végétales,0,0,exact
17180,Huile de lin,matières grasses,huiles et graisses végétales,"0,018",0.018,exact
17190,Huile de maïs,matières grasses,huiles et graisses végétales,0,0,exact
17210,Huile de noisette,matières grasses,huiles et graisses végétales,0,0,exact
17220,Huile de noix,matières grasses,huiles et graisses végétales,0,0,exact
17270,Huile d'olive vierge extra,matières grasses,huiles et graisses végétales,traces,0,traces
17325,Huile de pavot,matières grasses,huiles et graisses végétales,0,0,exact
17350,Huile de pépins de raisin,matières grasses,huiles et graisses végétales,0,0,exact
17390,Huile de son de riz,matières grasses,huiles et graisses végétales,0,0,exact
17400,Huile de sésame,matières grasses,huiles et graisses végétales,0,0,exact
17420,Huile de soja,matières grasses,huiles et graisses végétales,0,0,exact
17440,Huile de tournesol,matières grasses,huiles et graisses végétales,traces,0,traces
17700,Huile combinée (mélange d'huiles),matières grasses,huiles et graisses végétales,"0,49",0.49,exact
17701,"Huile combinée, mélange d'huile d'olive et de graines",matières grasses,huiles et graisses végétales,0,0,exact
17800,Huile de cameline,matières grasses,huiles et graisses végétales,0,0,exact
17850,Huile de chanvre,matières grasses,huiles et graisses végétales,"< 0,5",0.5,less_than
17900,Huile d'argan ou d'argane,matières grasses,huiles et graisses végétales,0,0,exact
16588,"Matière grasse tartinable à teneur en MG <= 41%, doux, aux stérols végétaux",matières grasses,margarines,"1,3",1.3,exact
16589,"Matière grasse tartinable à teneur en MG > 62%, doux, riche en oméga 3",matières grasses,margarines,"0,00005",0.00005,exact
16590,"Matière grasse tartinable à teneur en MG > 62%, doux, standard",matières grasses,margarines,"0,089",0.089,exact
16591,"Matière grasse tartinable à teneur en MG > 41% et <= 62%, doux, standard",matières grasses,margarines,"0,14",0.14,exact
16592,"Matière grasse tartinable à teneur en MG <= 41%, doux, standard",matières grasses,margarines,"2,94",2.94,exact
16593,"Matière grasse tartinable à teneur en MG > 62%, demi-sel, standard",matières grasses,margarines,"< 0,5",0.5,less_than
16594,"Matière grasse tartinable à teneur en MG > 41% et <= 62%, demi-sel, standard",matières grasses,margarines,"0,34",0.34,exact
16595,"Matière grasse tartinable à teneur en MG > 41% et <= 62%, doux, aux stérols végétaux",matières grasses,margarines,0,0,exact
16596,"Matière grasse tartinable à teneur en MG > 41% et <= 62%, doux, riche en oméga 3",matières grasses,margarines,"0,12",0.12,exact
16597,"Matière grasse tartinable à teneur en MG > 41% et <= 62%, demi-sel, riche en oméga 3",matières grasses,margarines,"0,0001",0.0001,exact
16598,"Matière grasse tartinable à teneur en MG <= 41%, demi-sel, aux stérols végétaux",matières grasses,margarines,"1,4",1.4,exact
16599,"Matière grasse tartinable à teneur en MG <= 41%, doux, riche en oméga 3",matières grasses,margarines,"0,4",0.4,exact
16600,"Matière grasse tartinable à teneur en MG <= 41%, demi-sel, standard",matières grasses,margarines,"2,8",2.8,exact
16601,"Matière grasse tartinable, sans précision sur la teneur en matière grasse, doux, standard (aliment moyen)",matières grasses,margarines,"0,43",0.43,exact
16602,"Matière grasse tartinable, sans précision sur la teneur en matière grasse, demi-sel, standard (aliment moyen)",matières grasses,margarines,"0,66",0.66,exact
16603,"Matière grasse tartinable, sans précision sur la teneur en matière grasse, doux, riche en oméga 3 (aliment moyen)",matières grasses,margarines,"0,13",0.13,exact
17630,Huile de foie de morue,matières grasses,huiles de poissons,0,0,exact
17640,Huile de sardine,matières grasses,huiles de poissons,0,0,exact
17645,Huile de saumon,matières grasses,huiles de poissons,0,0,exact
17650,Huile de hareng,matières grasses,huiles de poissons,0,0,exact
16520,Saindoux,matières grasses,autres matières grasses,0,0,exact
16530,"Lard gras, cru",matières grasses,autres matières grasses,0,0,exact
16540,Graisse de poulet,matières grasses,autres matières grasses,0,0,exact
16550,Graisse de canard,matières grasses,autres matières grasses,0,0,exact
16560,Graisse d'oie,matières grasses,autres matières grasses,0,0,exact
16570,Graisse de dinde,matières grasses,autres matières grasses,0,0,exact
11184,Sauce (aliment moyen),aides culinaires et ingrédients divers,sauces,"6,74",6.74,exact
11008,"Ketchup, préemballé",aides culinaires et ingrédients divers,sauces,"23,7",23.7,exact
11051,"Sauce tartare, préemballée",aides culinaires et ingrédients divers,sauces,"5,11",5.11,exact
11054,"Mayonnaise (70% MG min.), préemballée",aides culinaires et ingrédients divers,sauces,"3,41",3.41,exact
11073,"Ketchup allégé en sucres, préemballé",aides culinaires et ingrédients divers,sauces,"13,8",13.8,exact
11079,"Mayonnaise à teneur réduite en matière grasse ou mayonnaise allégée, préemballée",aides culinaires et ingrédients divers,sauces,"8,82",8.82,exact
11100,"Sauce barbecue, préemballée",aides culinaires et ingrédients divers,sauces,"30,3",30.3,exact
11104,"Sauce soja, préemballée",aides culinaires et ingrédients divers,sauces,"1,72",1.72,exact
11108,"Sauce vinaigrette à l'huile d'olive (50 à 75% d'huile), préemballée",aides culinaires et ingrédients divers,sauces,"3,03",3.03,exact
11109,"Sauce vinaigrette allégée en matière grasse (25 à 50% d'huile), préemballée",aides culinaires et ingrédients divers,sauces,"2,39",2.39,exact
11110,"Sauce vinaigrette (50 à 75% d'huile), préemballée",aides culinaires et ingrédients divers,sauces,"2,91",2.91,exact
11112,"Harissa (sauce au piment), préemballée",aides culinaires et ingrédients divers,sauces,"7,3",7.3,exact
11120,"Sauce bourguignonne, préemballée",aides culinaires et ingrédients divers,sauces,"7,85",7.85,exact
11157,"Sauce moutarde, préemballée",aides culinaires et ingrédients divers,sauces,"4,7",4.7,exact
11166,"Sauce au yaourt, faite maison",aides culinaires et ingrédients divers,sauces,"5,04",5.04,exact
11167,"Sauce américaine, préemballée",aides culinaires et ingrédients divers,sauces,"9,99",9.99,exact
11168,"Sauce aïoli, préemballée",aides culinaires et ingrédients divers,sauces,"5,44",5.44,exact
11187,"Sauce crudités ou sauce salade, préemballée",aides culinaires et ingrédients divers,sauces,"6,17",6.17,exact
11194,"Sauce nuoc mâm ou sauce au poisson, préemballée",aides culinaires et ingrédients divers,sauces,"10,9",10.9,exact
11196,"Sauce burger, préemballée",aides culinaires et ingrédients divers,sauces,"13,2",13.2,exact
11198,"Sauce crudités ou sauce salade, allégée en matière grasse, préemballée",aides culinaires et ingrédients divers,sauces,"6,7",6.7,exact
11203,"Sauce kebab, préemballée",aides culinaires et ingrédients divers,sauces,"6,93",6.93,exact
11205,"Sauce rouille, préemballée",aides culinaires et ingrédients divers,sauces,"2,7",2.7,exact
11212,"Sauce au poivre, froide, préemballée",aides culinaires et ingrédients divers,sauces,"5,8",5.8,exact
11213,Sauce froide (aliment moyen),aides culinaires et ingrédients divers,sauces,"6,23",6.23,exact
11216,"Sauce soja sucrée, préemballée",aides culinaires et ingrédients divers,sauces,"39,5",39.5,exact
11217,"Sauce pour nems à base de nuoc-mam dilué, préemballée",aides culinaires et ingrédients divers,sauces,"31,2",31.2,exact
11219,"Sauce végétale type bolognaise, aux protéines de soja, préemballée",aides culinaires et ingrédients divers,sauces,"5,05",5.05,exact
11223,"Sauce d'huître, préemballée",aides culinaires et ingrédients divers,sauces,"10,6",10.6,exact
11240,"Sauce algérienne, préemballée",aides culinaires et ingrédients divers,sauces,14,14,exact
11243,"Sauce andalouse, préemballée",aides culinaires et ingrédients divers,sauces,"8,03",8.03,exact
11244,"Sauce cocktail, préemballée",aides culinaires et ingrédients divers,sauces,"9,2",9.2,exact
11245,"Sauce pommes frites, préemballée",aides culinaires et ingrédients divers,sauces,"10,3",10.3,exact
11246,"Sauce samouraï, préemballée",aides culinaires et ingrédients divers,sauces,"5,09",5.09,exact
11247,"Sauce au curry, froide, préemballée",aides culinaires et ingrédients divers,sauces,"8,49",8.49,exact
11248,"Sauce Caesar, préemballée",aides culinaires et ingrédients divers,sauces,"7,04",7.04,exact
11301,"Sauce teriyaki, préemballée",aides culinaires et ingrédients divers,sauces,16,16,exact
11101,"Sauce béchamel, préemballée",aides culinaires et ingrédients divers,sauces,"6,2",6.2,exact
11102,"Sauce béarnaise, préemballée",aides culinaires et ingrédients divers,sauces,"4,87",4.87,exact
11105,"Sauce hollandaise, préemballée",aides culinaires et ingrédients divers,sauces,"3,2",3.2,exact
11107,"Sauce tomate aux oignons, préemballée",aides culinaires et ingrédients divers,sauces,"7,69",7.69,exact
11111,"Sauce armoricaine, préemballée",aides culinaires et ingrédients divers,sauces,"3,95",3.95,exact
11114,"Sauce tomate à la viande ou sauce bolognaise, préemballée",aides culinaires et ingrédients divers,sauces,"7,27",7.27,exact
11115,"Sauce au poivre vert, préemballée",aides culinaires et ingrédients divers,sauces,"5,3",5.3,exact
11121,"Sauce madère, préemballée",aides culinaires et ingrédients divers,sauces,"3,6",3.6,exact
11122,"Sauce à l'échalote à la crème, préemballée",aides culinaires et ingrédients divers,sauces,"11,9",11.9,exact
11128,"Sauce carbonara, préemballée",aides culinaires et ingrédients divers,sauces,"4,7",4.7,exact
11129,"Sauce chasseur, préemballée",aides culinaires et ingrédients divers,sauces,"4,66",4.66,exact
11132,"Sauce au curry, chaude, préemballée",aides culinaires et ingrédients divers,sauces,"10,6",10.6,exact
11140,"Sauce au beurre blanc, préemballée",aides culinaires et ingrédients divers,sauces,"3,4",3.4,exact
11143,"Sauce béchamel au beurre, faite maison",aides culinaires et ingrédients divers,sauces,"8,97",8.97,exact
11158,"Sauce au beurre, préemballée",aides culinaires et ingrédients divers,sauces,"5,2",5.2,exact
11159,Sauce à la crème,aides culinaires et ingrédients divers,sauces,"5,9",5.9,exact
11160,"Sauce aux champignons, préemballée",aides culinaires et ingrédients divers,sauces,"6,3",6.3,exact
11161,Sauce à la crème aux épices,aides culinaires et ingrédients divers,sauces,"6,2",6.2,exact
11162,Sauce à la crème aux herbes,aides culinaires et ingrédients divers,sauces,"5,5",5.5,exact
11163,"Sauce aigre douce, préemballée",aides culinaires et ingrédients divers,sauces,37,37,exact
11164,"Sauce au vin rouge, faite maison",aides culinaires et ingrédients divers,sauces,7,7,exact
11170,"Sauce basquaise ou sauce aux poivrons, préemballée",aides culinaires et ingrédients divers,sauces,"7,41",7.41,exact
11177,"Sauce tomate aux champignons, préemballée",aides culinaires et ingrédients divers,sauces,"7,78",7.78,exact
11178,"Sauce tomate aux olives, préemballée",aides culinaires et ingrédients divers,sauces,"7,5",7.5,exact
11179,"Sauce pesto, préemballée",aides culinaires et ingrédients divers,sauces,"6,6",6.6,exact
11182,"Sauce au poivre, chaude, préemballée",aides culinaires et ingrédients divers,sauces,"4,8",4.8,exact
11189,"Sauce au fromage pour risotto ou pâtes, préemballée",aides culinaires et ingrédients divers,sauces,"4,24",4.24,exact
11191,"Sauce au roquefort, préemballée",aides culinaires et ingrédients divers,sauces,"4,4",4.4,exact
11192,"Sauce aux champignons et à la crème, préemballée",aides culinaires et ingrédients divers,sauces,"6,2",6.2,exact
11199,"Sauce grand veneur, préemballée",aides culinaires et ingrédients divers,sauces,"8,45",8.45,exact
11202,"Sauce indienne type tandoori ou tikka masala, préemballée",aides culinaires et ingrédients divers,sauces,"14,3",14.3,exact
11207,"Sauce tomate aux petits légumes, préemballée",aides culinaires et ingrédients divers,sauces,"7,57",7.57,exact
11208,"Sauce tomate au fromage, préemballée",aides culinaires et ingrédients divers,sauces,"8,09",8.09,exact
11210,"Sauce pesto rosso, préemballée",aides culinaires et ingrédients divers,sauces,"8,58",8.58,exact
11218,Sauce chaude (aliment moyen),aides culinaires et ingrédients divers,sauces,"7,65",7.65,exact
11302,"Sauce à l'oseille, préemballée",aides culinaires et ingrédients divers,sauces,"1,7",1.7,exact
51502,"Meloukhia, sauce, artisanale",aides culinaires et ingrédients divers,sauces,"1,45",1.45,exact
11300,"Sauce au chocolat, préemballée",aides culinaires et ingrédients divers,sauces,"62,3",62.3,exact
13998,"Coulis de fruits rouges (framboises, fraises, groseilles, cassis)",aides culinaires et ingrédients divers,sauces,"27,7",27.7,exact
39700,"Crème anglaise, préemballée",aides culinaires et ingrédients divers,sauces,"14,8",14.8,exact
11004,"Cornichon, au vinaigre",aides culinaires et ingrédients divers,condiments,"0,78",0.78,exact
11013,Moutarde,aides culinaires et ingrédients divers,condiments,"4,33",4.33,exact
11018,Vinaigre,aides culinaires et ingrédients divers,condiments,"0,95",0.95,exact
11021,Moutarde à l'ancienne,aides culinaires et ingrédients divers,condiments,"2,2",2.2,exact
11040,"Câpres, au vinaigre",aides culinaires et ingrédients divers,condiments,"3,5",3.5,exact
11055,Oignon au vinaigre,aides culinaires et ingrédients divers,condiments,"2,5",2.5,exact
11090,Vinaigre de cidre,aides culinaires et ingrédients divers,condiments,"0,93",0.93,exact
11091,Vinaigre balsamique,aides culinaires et ingrédients divers,condiments,18,18,exact
11097,"Cornichon, aigre-doux",aides culinaires et ingrédients divers,condiments,5,5,exact
11220,Vinaigre de vin rouge,aides culinaires et ingrédients divers,condiments,traces,0,traces
13032,"Olive noire, en saumure, égouttée",aides culinaires et ingrédients divers,condiments,"< 0,1",0.1,less_than
13033,"Olive verte, en saumure, égouttée",aides culinaires et ingrédients divers,condiments,"0,61",0.61,exact
13131,"Olive noire, à l'huile (à la grecque)",aides culinaires et ingrédients divers,condiments,"4,33",4.33,exact
13147,"Olives vertes, fourrées ou farcies (anchois, poivrons, etc.)",aides culinaires et ingrédients divers,condiments,"1,17",1.17,exact
13184,Olive (aliment moyen),aides culinaires et ingrédients divers,condiments,"0,65",0.65,exact
13186,Olive noire (aliment moyen),aides culinaires et ingrédients divers,condiments,"0,26",0.26,exact
20916,Miso,aides culinaires et ingrédients divers,condiments,"18,1",18.1,exact
5217,Vin cuisiné (alcool évaporé),aides culinaires et ingrédients divers,aides culinaires,"3,66",3.66,exact
5219,"Alcool fort (type rhum), cuisiné (alcool évaporé)",aides culinaires et ingrédients divers,aides culinaires,"0,00049",0.00049,exact
9621,Son de blé,aides culinaires et ingrédients divers,aides culinaires,"22,7",22.7,exact
9640,Son d'avoine,aides culinaires et ingrédients divers,aides culinaires,"50,6",50.6,exact
9641,Son de maïs,aides culinaires et ingrédients divers,aides culinaires,"6,65",6.65,exact
9643,Son de riz,aides culinaires et ingrédients divers,aides culinaires,28,28,exact
9660,Germe de blé,aides culinaires et ingrédients divers,aides culinaires,"35,1",35.1,exact
11001,"Bouillon de boeuf, déshydraté",aides culinaires et ingrédients divers,aides culinaires,18,18,exact
11007,"Gélatine, sèche",aides culinaires et ingrédients divers,aides culinaires,0,0,exact
11009,Levure de bière en paillettes,aides culinaires et ingrédients divers,aides culinaires,"21,8",21.8,exact
11010,Levure de boulanger fraîche,aides culinaires et ingrédients divers,aides culinaires,"11,9",11.9,exact
11041,"Bouillon de légumes, déshydraté",aides culinaires et ingrédients divers,aides culinaires,26,26,exact
11043,"Tapenade, préemballée",aides culinaires et ingrédients divers,aides culinaires,"3,29",3.29,exact
11045,Levure de boulanger déshydratée,aides culinaires et ingrédients divers,aides culinaires,"14,3",14.3,exact
11046,Levure chimique ou poudre à lever,aides culinaires et ingrédients divers,aides culinaires,"26,9",26.9,exact
11065,"Vanille, extrait alcoolique",aides culinaires et ingrédients divers,aides culinaires,"2,41",2.41,exact
11098,"Vanille, extrait aqueux",aides culinaires et ingrédients divers,aides culinaires,"14,4",14.4,exact
11169,"Fond de veau pour sauces et cuisson, déshydraté",aides culinaires et ingrédients divers,aides culinaires,"59,5",59.5,exact
11171,"Fond de volaille pour sauces et cuisson, déshydraté",aides culinaires et ingrédients divers,aides culinaires,63,63,exact
11172,"Court-bouillon pour poissons, déshydraté",aides culinaires et ingrédients divers,aides culinaires,7,7,exact
11174,"Bouillon de volaille, déshydraté",aides culinaires et ingrédients divers,aides culinaires,17,17,exact
11175,"Gelée au madère, déshydratée",aides culinaires et ingrédients divers,aides culinaires,18,18,exact
11176,Gelée au madère,aides culinaires et ingrédients divers,aides culinaires,"9,75",9.75,exact
11221,"Extrait de levure, à tartiner",aides culinaires et ingrédients divers,aides culinaires,"3,5",3.5,exact
11303,"Fumet de poisson, prêt à consommer, préemballé",aides culinaires et ingrédients divers,aides culinaires,"3,8",3.8,exact
11304,"Fond de veau, préemballé",aides culinaires et ingrédients divers,aides culinaires,"2,4",2.4,exact
11507,Bicarbonate de soude,aides culinaires et ingrédients divers,aides culinaires,0,0,exact
18041,Lait de coco,aides culinaires et ingrédients divers,aides culinaires,"4,29",4.29,exact
20918,Sirop pour fruits appertisés au sirop,aides culinaires et ingrédients divers,aides culinaires,"17,7",17.7,exact
20919,Sirop léger pour fruits appertisés au sirop,aides culinaires et ingrédients divers,aides culinaires,"14,3",14.3,exact
20924,Sirop léger pour poire appertisée,aides culinaires et ingrédients divers,aides culinaires,"14,6",14.6,exact
25525,Sauce tomate cuisinée pour pizza,aides culinaires et ingrédients divers,aides culinaires,"4,71",4.71,exact
25970,"Bouillon de viande et légumes type pot-au-feu, non dégraissé, déshydraté",aides culinaires et ingrédients divers,aides culinaires,"28,9",28.9,exact
25971,"Bouillon de viande et légumes type pot-au-feu, dégraissé, déshydraté",aides culinaires et ingrédients divers,aides culinaires,"30,9",30.9,exact
31047,Gélifiant pour confitures,aides culinaires et ingrédients divers,aides culinaires,62,62,exact
31108,Gelée royale,aides culinaires et ingrédients divers,aides culinaires,-,,missing
31109,"Pollen, partiellement séché",aides culinaires et ingrédients divers,aides culinaires,"52,5",52.5,exact
31111,"Pollen, frais",aides culinaires et ingrédients divers,aides culinaires,"42,3",42.3,exact
37000,"Base de pizza (pâte et sauce à la crème), crue",aides culinaires et ingrédients divers,aides culinaires,"51,1",51.1,exact
37002,"Base de pizza (pâte et sauce à la tomate), crue",aides culinaires et ingrédients divers,aides culinaires,"44,6",44.6,exact
42200,Lécithine de soja,aides culinaires et ingrédients divers,aides culinaires,8,8,exact
11017,"Sel blanc alimentaire, non iodé, non fluoré (marin, ignigène ou gemme)",aides culinaires et ingrédients divers,sels,0,0,exact
11044,Sel au céleri,aides culinaires et ingrédients divers,sels,"4,14",4.14,exact
11058,"Sel blanc alimentaire, iodé, non fluoré (marin, ignigène ou gemme)",aides culinaires et ingrédients divers,sels,0,0,exact
11082,"Fleur de sel, non iodée, non fluorée",aides culinaires et ingrédients divers,sels,0,0,exact
11083,"Sel marin gris, non iodé, non fluoré",aides culinaires et ingrédients divers,sels,0,0,exact
11096,"Sel blanc alimentaire, iodé, fluoré à 25 mg /100 g (marin, ignigène ou gemme)",aides culinaires et ingrédients divers,sels,0,0,exact
11005,"Curry, poudre",aides culinaires et ingrédients divers,épices,"2,63",2.63,exact
11006,"Gingembre, poudre",aides culinaires et ingrédients divers,épices,"58,3",58.3,exact
11015,"Poivre noir, poudre",aides culinaires et ingrédients divers,épices,"39,9",39.9,exact
11019,"Poivre blanc, poudre",aides culinaires et ingrédients divers,épices,"48,3",48.3,exact
11025,"Cannelle, poudre",aides culinaires et ingrédients divers,épices,"27,5",27.5,exact
11026,"Coriandre, graine",aides culinaires et ingrédients divers,épices,13,13,exact
11039,Safran,aides culinaires et ingrédients divers,épices,"61,5",61.5,exact
11042,"Cumin, graine",aides culinaires et ingrédients divers,épices,"33,7",33.7,exact
11048,Noix de muscade,aides culinaires et ingrédients divers,épices,"27,4",27.4,exact
11049,"Paprika, poudre",aides culinaires et ingrédients divers,épices,"18,8",18.8,exact
11052,Clou de girofle,aides culinaires et ingrédients divers,épices,"31,6",31.6,exact
11053,"Laurier, feuille",aides culinaires et ingrédients divers,épices,"48,6",48.6,exact
11056,"Quatre épices, poudre",aides culinaires et ingrédients divers,épices,"50,5",50.5,exact
11057,"Vanille, gousse",aides culinaires et ingrédients divers,épices,-,,missing
11061,"Pavot, graine",aides culinaires et ingrédients divers,épices,"13,7",13.7,exact
11064,"Carvi, graine",aides culinaires et ingrédients divers,épices,"11,9",11.9,exact
11066,"Fenouil, graine",aides culinaires et ingrédients divers,épices,"12,5",12.5,exact
11074,"Gingembre, racine fraîche",aides culinaires et ingrédients divers,épices,"3,4",3.4,exact
11075,"Cardamome, poudre",aides culinaires et ingrédients divers,épices,"40,5",40.5,exact
11077,"Fenugrec, graine",aides culinaires et ingrédients divers,épices,"33,8",33.8,exact
11081,Epice (aliment moyen),aides culinaires et ingrédients divers,épices,"37,8",37.8,exact
11088,"Poivre de Cayenne ou piment de Cayenne, poudre",aides culinaires et ingrédients divers,épices,"29,4",29.4,exact
11089,"Curcuma, poudre",aides culinaires et ingrédients divers,épices,"44,4",44.4,exact
11000,"Ail, cru",aides culinaires et ingrédients divers,herbes,"18,6",18.6,exact
11002,"Cerfeuil, frais",aides culinaires et ingrédients divers,herbes,"6,25",6.25,exact
11003,"Ciboule ou ciboulette, fraîche",aides culinaires et ingrédients divers,herbes,"2,85",2.85,exact
11014,"Persil, frais",aides culinaires et ingrédients divers,herbes,"4,1",4.1,exact
11016,"Raifort, frais",aides culinaires et ingrédients divers,herbes,"7,79",7.79,exact
11027,"Menthe, fraîche",aides culinaires et ingrédients divers,herbes,"5,3",5.3,exact
11033,"Basilic, frais",aides culinaires et ingrédients divers,herbes,"3,4",3.4,exact
11068,"Romarin, frais",aides culinaires et ingrédients divers,herbes,"6,6",6.6,exact
11069,"Sauge, fraîche",aides culinaires et ingrédients divers,herbes,"0,97",0.97,exact
11070,"Thym, frais",aides culinaires et ingrédients divers,herbes,"10,5",10.5,exact
11080,Herbes aromatiques fraîches (aliment moyen),aides culinaires et ingrédients divers,herbes,"4,69",4.69,exact
11092,"Estragon, frais",aides culinaires et ingrédients divers,herbes,"4,1",4.1,exact
11093,"Aneth, frais",aides culinaires et ingrédients divers,herbes,"3,9",3.9,exact
11094,"Coriandre, fraiche",aides culinaires et ingrédients divers,herbes,"0,87",0.87,exact
11306,"Ail, rôti/cuit au four",aides culinaires et ingrédients divers,herbes,"23,8",23.8,exact
11307,"Ail, grillé/poêlé, sans matière grasse",aides culinaires et ingrédients divers,herbes,22,22,exact
10999,"Cerfeuil, séché",aides culinaires et ingrédients divers,herbes,"37,8",37.8,exact
11023,"Ail séché, poudre",aides culinaires et ingrédients divers,herbes,"63,7",63.7,exact
11024,"Persil, séché",aides culinaires et ingrédients divers,herbes,"16,8",16.8,exact
11029,"Menthe, séchée",aides culinaires et ingrédients divers,herbes,"22,2",22.2,exact
11032,"Basilic, séché",aides culinaires et ingrédients divers,herbes,"10,1",10.1,exact
11034,"Marjolaine, séchée",aides culinaires et ingrédients divers,herbes,"20,3",20.3,exact
11035,"Origan, séché",aides culinaires et ingrédients divers,herbes,"26,4",26.4,exact
11036,"Romarin, séché",aides culinaires et ingrédients divers,herbes,"21,5",21.5,exact
11037,"Sauge, séchée",aides culinaires et ingrédients divers,herbes,"20,4",20.4,exact
11038,"Thym, séché",aides culinaires et ingrédients divers,herbes,"26,9",26.9,exact
11050,"Estragon, séché",aides culinaires et ingrédients divers,herbes,"42,8",42.8,exact
11060,"Herbes de Provence, séchées",aides culinaires et ingrédients divers,herbes,"23,1",23.1,exact
11062,"Sarriette, séchée",aides culinaires et ingrédients divers,herbes,23,23,exact
11063,"Aneth, séché",aides culinaires et ingrédients divers,herbes,"42,2",42.2,exact
11095,"Ciboulette, séchée",aides culinaires et ingrédients divers,herbes,"38,1",38.1,exact
51500,"Meloukhia, feuilles de corète séchées, en poudre",aides culinaires et ingrédients divers,herbes,"12,7",12.7,exact
11084,"Agar (algue), frais, cru",aides culinaires et ingrédients divers,algues,"6,25",6.25,exact
11085,"Agar (algue), séché",aides culinaires et ingrédients divers,algues,-,,missing
11086,"Spiruline (Spirulina sp.), séchée ou déshydratée",aides culinaires et ingrédients divers,algues,"17,7",17.7,exact
20982,"Spiruline (algue), fraîche, crue",aides culinaires et ingrédients divers,algues,"2,02",2.02,exact
20983,"Criste marine, fraîche, crue",aides culinaires et ingrédients divers,algues,"3,43",3.43,exact
20985,"Laitue de mer (Ulva sp.), séchée ou déshydratée",aides culinaires et ingrédients divers,algues,"13,8",13.8,exact
20986,"Kombu royal (Saccharina latissima), séché ou déshydraté",aides culinaires et ingrédients divers,algues,"23,1",23.1,exact
20987,"Nori (Porphyra sp., Pyropia), séchée ou déshydratée",aides culinaires et ingrédients divers,algues,"11,7",11.7,exact
20988,"Dulse (Palmaria palmata), séchée ou déshydratée",aides culinaires et ingrédients divers,algues,"20,8",20.8,exact
20989,"Maërl ou lithothamne (Lithothamnion), séché ou déshydraté",aides culinaires et ingrédients divers,algues,"3,52",3.52,exact
20990,"Kombu ou kombu japonais (Saccharina japonica), séché ou déshydraté",aides culinaires et ingrédients divers,algues,"24,9",24.9,exact
20991,"Kombu breton (Laminaria digitata), séché ou déshydraté",aides culinaires et ingrédients divers,algues,"22,9",22.9,exact
20992,"Haricot de mer (Himanthalia elongata), séchée ou déshydratée",aides culinaires et ingrédients divers,algues,"26,4",26.4,exact
20993,"Gracilaire ou ogonori (Gracilaria verrucosa), séchée ou déshydratée",aides culinaires et ingrédients divers,algues,"23,4",23.4,exact
20994,"Fucus vésiculeux (Fucus serratus ou Fucus vesiculosus), séché ou déshydraté",aides culinaires et ingrédients divers,algues,"12,4",12.4,exact
20995,"Ao-nori (Ulva sp., ex Enteromorpha sp.), séchée ou déshydratée",aides culinaires et ingrédients divers,algues,"19,5",19.5,exact
20996,"Lichen de mer ou pioca ou goémon rouge (Chondrus crispus), séché ou déshydraté",aides culinaires et ingrédients divers,algues,15,15,exact
20997,"Chlorelle (chlorella), séchée ou déshydratée",aides culinaires et ingrédients divers,algues,"30,9",30.9,exact
20998,"Ascophylle noueux ou goémon noir (Ascophyllum nodosum), séché ou déshydraté",aides culinaires et ingrédients divers,algues,"16,3",16.3,exact
20999,"Wakamé atlantique (Alaria esculenta), séché ou déshydraté",aides culinaires et ingrédients divers,algues,"13,3",13.3,exact
42000,"Substitut de repas hypocalorique, crème dessert",aides culinaires et ingrédients divers,denrées destinées à une alimentation particulière,"9,29",9.29,exact
42003,"Substitut de repas hypocalorique, prêt à boire",aides culinaires et ingrédients divers,denrées destinées à une alimentation particulière,"9,8",9.8,exact
42004,"Substitut de repas hypocalorique, poudre reconstituée avec lait écrémé",aides culinaires et ingrédients divers,denrées destinées à une alimentation particulière,"9,34",9.34,exact
42005,"Substitut de repas hypocalorique, poudre reconstituée avec lait écrémé, type milkshake",aides culinaires et ingrédients divers,denrées destinées à une alimentation particulière,"10,1",10.1,exact
11214,"Préparation culinaire à base de soja, type ""crème de soja""",aides culinaires et ingrédients divers,ingrédients pour végétariens,"2,03",2.03,exact
20591,"Protéine de soja texturée, réhydratée",aides culinaires et ingrédients divers,ingrédients pour végétariens,"7,03",7.03,exact
20903,Isolat de soja,aides culinaires et ingrédients divers,ingrédients pour végétariens,"1,76",1.76,exact
20904,"Tofu nature, préemballé",aides culinaires et ingrédients divers,ingrédients pour végétariens,"2,87",2.87,exact
20906,"Tofu soyeux, préemballé",aides culinaires et ingrédients divers,ingrédients pour végétariens,"1,53",1.53,exact
20912,"Tofu fumé, préemballé",aides culinaires et ingrédients divers,ingrédients pour végétariens,"2,91",2.91,exact
20917,Tempeh,aides culinaires et ingrédients divers,ingrédients pour végétariens,"7,89",7.89,exact
25598,"Seitan, préemballé",aides culinaires et ingrédients divers,ingrédients pour végétariens,"6,74",6.74,exact
11215,Caviar de tomates,aides culinaires et ingrédients divers,tartinables végétariens,"6,8",6.8,exact
11222,"Ktipiti, tartinade de fromage frais aux poivrons rouges, préemballé",aides culinaires et ingrédients divers,tartinables végétariens,"3,9",3.9,exact
19863,"Tzatziki à base de yaourt, préemballé",aides culinaires et ingrédients divers,tartinables végétariens,"3,8",3.8,exact
19864,"Tzatziki à base de fromage frais, préemballé",aides culinaires et ingrédients divers,tartinables végétariens,"2,98",2.98,exact
25620,"Guacamole, préemballé",aides culinaires et ingrédients divers,tartinables végétariens,"4,64",4.64,exact
25621,"Houmous, préemballé",aides culinaires et ingrédients divers,tartinables végétariens,9,9,exact
25624,"Caviar d'aubergine, préemballé",aides culinaires et ingrédients divers,tartinables végétariens,"4,4",4.4,exact
3000,"Lait 1er âge, poudre soluble (préparation pour nourrissons)",aliments infantiles,laits et boissons infantiles,55,55,exact
3002,"Lait 2e âge, poudre soluble (préparation de suite)",aliments infantiles,laits et boissons infantiles,"56,3",56.3,exact
13159,Boisson aux fruits pour bébé dès 4/6mois,aliments infantiles,laits et boissons infantiles,"8,57",8.57,exact
13160,Boisson à base de plantes pour bébé,aliments infantiles,laits et boissons infantiles,"5,8",5.8,exact
13161,Boisson infantile céréales lactées aux légumes pour dîner dès 4/6 mois,aliments infantiles,laits et boissons infantiles,"11,6",11.6,exact
13162,Boisson infantile céréales lactées aux fruits pour le goûter dès 4/6 mois,aliments infantiles,laits et boissons infantiles,"7,7",7.7,exact
13163,Boisson infantile céréales lactées pour le petit déjeuner dès 4/6 mois,aliments infantiles,laits et boissons infantiles,"12,1",12.1,exact
13169,Boisson infantile céréales lactées pour le petit déjeuner dès 8/9 mois,aliments infantiles,laits et boissons infantiles,"11,6",11.6,exact
13170,Boisson infantile céréales lactées pour le petit déjeuner dès 12 mois,aliments infantiles,laits et boissons infantiles,"12,6",12.6,exact
13171,Boisson infantile lactées aux fruits pour le goûter dès 4/6 mois (sans céréales),aliments infantiles,laits et boissons infantiles,"10,4",10.4,exact
13172,Boisson infantile céréales lactées aux légumes pour diner dès 12 mois,aliments infantiles,laits et boissons infantiles,"23,6",23.6,exact
13173,Boisson infantile céréales lactées pour le petit déjeuner,aliments infantiles,laits et boissons infantiles,"12,7",12.7,exact
13182,Boisson infantile céréales lactées (aliment moyen),aliments infantiles,laits et boissons infantiles,"12,6",12.6,exact
19012,"Lait de croissance infantile, liquide (aliment lacté destiné aux enfants en bas âge)",aliments infantiles,laits et boissons infantiles,"7,77",7.77,exact
19013,"Lait 1er âge, prêt à consommer (préparation pour nourrissons)",aliments infantiles,laits et boissons infantiles,"8,04",8.04,exact
19014,"Lait 2e âge, prêt à consommer (préparation de suite)",aliments infantiles,laits et boissons infantiles,"8,23",8.23,exact
19015,"Lait infantile pour prématurés, prêt à consommer",aliments infantiles,laits et boissons infantiles,"48,5",48.5,exact
20246,"Petit pot légumes, dès 4-6 mois",aliments infantiles,petits pots salés et plats infantiles,"3,8",3.8,exact
20247,"Petit pot légumes, avec féculent, dès 4/6 mois",aliments infantiles,petits pots salés et plats infantiles,"6,45",6.45,exact
20248,"Plat légumes, avec féculent, dès 6-8 mois",aliments infantiles,petits pots salés et plats infantiles,"6,9",6.9,exact
20249,"Plat légumes, avec féculent et lait/crème, dès 6/8 mois",aliments infantiles,petits pots salés et plats infantiles,"9,12",9.12,exact
20250,"Plat légumes, avec féculent et lait/crème, dès 8/12 mois",aliments infantiles,petits pots salés et plats infantiles,"8,1",8.1,exact
20251,"Plat légumes, avec féculent et lait/crème, dès 12 mois",aliments infantiles,petits pots salés et plats infantiles,"8,53",8.53,exact
20252,Soupe pour bébé légumes et pomme de terre,aliments infantiles,petits pots salés et plats infantiles,"5,88",5.88,exact
20253,"Soupe pour bébé légumes, céréales et lait",aliments infantiles,petits pots salés et plats infantiles,"7,19",7.19,exact
20254,"Plat légumes, avec féculent et lait/crème, dès 18 mois",aliments infantiles,petits pots salés et plats infantiles,"8,59",8.59,exact
42603,"Plat légumes, avec féculent et viande/poisson, dès 6/8 mois",aliments infantiles,petits pots salés et plats infantiles,"5,9",5.9,exact
42604,"Plat légumes, avec féculent et viande/poisson, dès 8/12 mois",aliments infantiles,petits pots salés et plats infantiles,"6,77",6.77,exact
42605,"Plat légumes, avec féculent et viande/poisson, dès 12 mois",aliments infantiles,petits pots salés et plats infantiles,"8,95",8.95,exact
42606,"Plat légumes, avec féculent et viande/poisson, dès 18 mois",aliments infantiles,petits pots salés et plats infantiles,"9,02",9.02,exact
13157,Petit pot fruit avec banane pour bébé,aliments infantiles,desserts infantiles,"12,1",12.1,exact
13158,Petit pot fruit sans banane pour bébé,aliments infantiles,desserts infantiles,"10,9",10.9,exact
13164,Dessert infantile lacté type crème dessert,aliments infantiles,desserts infantiles,"11,3",11.3,exact
13165,Dessert infantile lacté au riz ou à la semoule,aliments infantiles,desserts infantiles,"11,7",11.7,exact
13166,"Dessert infantile lacté, sucré, nature ou aux fruits",aliments infantiles,desserts infantiles,"12,5",12.5,exact
13167,"Céréales instantanées, poudre à reconstituer, dès 4/6 mois",aliments infantiles,céréales et biscuits infantiles,"88,3",88.3,exact
13168,"Céréales instantanées, poudre à reconstituer, dès 6 mois",aliments infantiles,céréales et biscuits infantiles,"81,1",81.1,exact
24689,Biscuit pour bébé,aliments infantiles,céréales et biscuits infantiles,"73,3",73.3,exact
42501,Poudre cacaotée pour bébé,aliments infantiles,céréales et biscuits infantiles,85,85,exact
